term_id,kind,label,uri,domain,range,superterms,inverse,deprecated,notes,module,source_file,version,ontology_layer,formal_id,direction,encoding_status,encoding_target,formal_superterms,formal_reference,resolved_label,resolved_label_source
E10_Transfer_of_Custody,class,Transfer of Custody,http://www.cidoc-crm.org/cidoc-crm/E10_Transfer_of_Custody,[],[],"[""http://www.cidoc-crm.org/cidoc-crm/E7_Activity""]",[],false,,main,data/document_harness/reference-cache/cidoc-7.1.3/CIDOC_CRM_v7.1.3.rdfs,7.1.3,rdf_encoding,E10,class,declared_in_main_rdfs,,[],https://cidoc-crm.org/html/cidoc_crm_v7.1.3.html,Transfer of Custody,data/document_harness/reference-cache/cidoc-7.1.3/CIDOC_CRM_v7.1.3.rdfs#E10_Transfer_of_Custody
E11_Modification,class,Modification,http://www.cidoc-crm.org/cidoc-crm/E11_Modification,[],[],"[""http://www.cidoc-crm.org/cidoc-crm/E7_Activity""]",[],false,,main,data/document_harness/reference-cache/cidoc-7.1.3/CIDOC_CRM_v7.1.3.rdfs,7.1.3,rdf_encoding,E11,class,declared_in_main_rdfs,,[],https://cidoc-crm.org/html/cidoc_crm_v7.1.3.html,Modification,data/document_harness/reference-cache/cidoc-7.1.3/CIDOC_CRM_v7.1.3.rdfs#E11_Modification
E12_Production,class,Production,http://www.cidoc-crm.org/cidoc-crm/E12_Production,[],[],"[""http://www.cidoc-crm.org/cidoc-crm/E11_Modification"",""http://www.cidoc-crm.org/cidoc-crm/E63_Beginning_of_Existence""]",[],false,,main,data/document_harness/reference-cache/cidoc-7.1.3/CIDOC_CRM_v7.1.3.rdfs,7.1.3,rdf_encoding,E12,class,declared_in_main_rdfs,,[],https://cidoc-crm.org/html/cidoc_crm_v7.1.3.html,Production,data/document_harness/reference-cache/cidoc-7.1.3/CIDOC_CRM_v7.1.3.rdfs#E12_Production
E13_Attribute_Assignment,class,Attribute Assignment,http://www.cidoc-crm.org/cidoc-crm/E13_Attribute_Assignment,[],[],"[""http://www.cidoc-crm.org/cidoc-crm/E7_Activity""]",[],false,,main,data/document_harness/reference-cache/cidoc-7.1.3/CIDOC_CRM_v7.1.3.rdfs,7.1.3,rdf_encoding,E13,class,declared_in_main_rdfs,,[],https://cidoc-crm.org/html/cidoc_crm_v7.1.3.html,Attribute Assignment,data/document_harness/reference-cache/cidoc-7.1.3/CIDOC_CRM_v7.1.3.rdfs#E13_Attribute_Assignment
E14_Condition_Assessment,class,Condition Assessment,http://www.cidoc-crm.org/cidoc-crm/E14_Condition_Assessment,[],[],"[""http://www.cidoc-crm.org/cidoc-crm/E13_Attribute_Assignment""]",[],false,,main,data/document_harness/reference-cache/cidoc-7.1.3/CIDOC_CRM_v7.1.3.rdfs,7.1.3,rdf_encoding,E14,class,declared_in_main_rdfs,,[],https://cidoc-crm.org/html/cidoc_crm_v7.1.3.html,Condition Assessment,data/document_harness/reference-cache/cidoc-7.1.3/CIDOC_CRM_v7.1.3.rdfs#E14_Condition_Assessment
E15_Identifier_Assignment,class,Identifier Assignment,http://www.cidoc-crm.org/cidoc-crm/E15_Identifier_Assignment,[],[],"[""http://www.cidoc-crm.org/cidoc-crm/E13_Attribute_Assignment""]",[],false,,main,data/document_harness/reference-cache/cidoc-7.1.3/CIDOC_CRM_v7.1.3.rdfs,7.1.3,rdf_encoding,E15,class,declared_in_main_rdfs,,[],https://cidoc-crm.org/html/cidoc_crm_v7.1.3.html,Identifier Assignment,data/document_harness/reference-cache/cidoc-7.1.3/CIDOC_CRM_v7.1.3.rdfs#E15_Identifier_Assignment
E16_Measurement,class,Measurement,http://www.cidoc-crm.org/cidoc-crm/E16_Measurement,[],[],"[""http://www.cidoc-crm.org/cidoc-crm/E13_Attribute_Assignment""]",[],false,,main,data/document_harness/reference-cache/cidoc-7.1.3/CIDOC_CRM_v7.1.3.rdfs,7.1.3,rdf_encoding,E16,class,declared_in_main_rdfs,,[],https://cidoc-crm.org/html/cidoc_crm_v7.1.3.html,Measurement,data/document_harness/reference-cache/cidoc-7.1.3/CIDOC_CRM_v7.1.3.rdfs#E16_Measurement
E17_Type_Assignment,class,Type Assignment,http://www.cidoc-crm.org/cidoc-crm/E17_Type_Assignment,[],[],"[""http://www.cidoc-crm.org/cidoc-crm/E13_Attribute_Assignment""]",[],false,,main,data/document_harness/reference-cache/cidoc-7.1.3/CIDOC_CRM_v7.1.3.rdfs,7.1.3,rdf_encoding,E17,class,declared_in_main_rdfs,,[],https://cidoc-crm.org/html/cidoc_crm_v7.1.3.html,Type Assignment,data/document_harness/reference-cache/cidoc-7.1.3/CIDOC_CRM_v7.1.3.rdfs#E17_Type_Assignment
E18_Physical_Thing,class,Physical Thing,http://www.cidoc-crm.org/cidoc-crm/E18_Physical_Thing,[],[],"[""http://www.cidoc-crm.org/cidoc-crm/E72_Legal_Object""]",[],false,,main,data/document_harness/reference-cache/cidoc-7.1.3/CIDOC_CRM_v7.1.3.rdfs,7.1.3,rdf_encoding,E18,class,declared_in_main_rdfs,,[],https://cidoc-crm.org/html/cidoc_crm_v7.1.3.html,Physical Thing,data/document_harness/reference-cache/cidoc-7.1.3/CIDOC_CRM_v7.1.3.rdfs#E18_Physical_Thing
E19_Physical_Object,class,Physical Object,http://www.cidoc-crm.org/cidoc-crm/E19_Physical_Object,[],[],"[""http://www.cidoc-crm.org/cidoc-crm/E18_Physical_Thing""]",[],false,,main,data/document_harness/reference-cache/cidoc-7.1.3/CIDOC_CRM_v7.1.3.rdfs,7.1.3,rdf_encoding,E19,class,declared_in_main_rdfs,,[],https://cidoc-crm.org/html/cidoc_crm_v7.1.3.html,Physical Object,data/document_harness/reference-cache/cidoc-7.1.3/CIDOC_CRM_v7.1.3.rdfs#E19_Physical_Object
E1_CRM_Entity,class,CRM Entity,http://www.cidoc-crm.org/cidoc-crm/E1_CRM_Entity,[],[],[],[],false,,main,data/document_harness/reference-cache/cidoc-7.1.3/CIDOC_CRM_v7.1.3.rdfs,7.1.3,rdf_encoding,E1,class,declared_in_main_rdfs,,[],https://cidoc-crm.org/html/cidoc_crm_v7.1.3.html,CRM Entity,data/document_harness/reference-cache/cidoc-7.1.3/CIDOC_CRM_v7.1.3.rdfs#E1_CRM_Entity
E20_Biological_Object,class,Biological Object,http://www.cidoc-crm.org/cidoc-crm/E20_Biological_Object,[],[],"[""http://www.cidoc-crm.org/cidoc-crm/E19_Physical_Object""]",[],false,,main,data/document_harness/reference-cache/cidoc-7.1.3/CIDOC_CRM_v7.1.3.rdfs,7.1.3,rdf_encoding,E20,class,declared_in_main_rdfs,,[],https://cidoc-crm.org/html/cidoc_crm_v7.1.3.html,Biological Object,data/document_harness/reference-cache/cidoc-7.1.3/CIDOC_CRM_v7.1.3.rdfs#E20_Biological_Object
E21_Person,class,Person,http://www.cidoc-crm.org/cidoc-crm/E21_Person,[],[],"[""http://www.cidoc-crm.org/cidoc-crm/E20_Biological_Object"",""http://www.cidoc-crm.org/cidoc-crm/E39_Actor""]",[],false,,main,data/document_harness/reference-cache/cidoc-7.1.3/CIDOC_CRM_v7.1.3.rdfs,7.1.3,rdf_encoding,E21,class,declared_in_main_rdfs,,[],https://cidoc-crm.org/html/cidoc_crm_v7.1.3.html,Person,data/document_harness/reference-cache/cidoc-7.1.3/CIDOC_CRM_v7.1.3.rdfs#E21_Person
E22_Human-Made_Object,class,Human-Made Object,http://www.cidoc-crm.org/cidoc-crm/E22_Human-Made_Object,[],[],"[""http://www.cidoc-crm.org/cidoc-crm/E19_Physical_Object"",""http://www.cidoc-crm.org/cidoc-crm/E24_Physical_Human-Made_Thing""]",[],false,,main,data/document_harness/reference-cache/cidoc-7.1.3/CIDOC_CRM_v7.1.3.rdfs,7.1.3,rdf_encoding,E22,class,declared_in_main_rdfs,,[],https://cidoc-crm.org/html/cidoc_crm_v7.1.3.html,Human-Made Object,data/document_harness/reference-cache/cidoc-7.1.3/CIDOC_CRM_v7.1.3.rdfs#E22_Human-Made_Object
E24_Physical_Human-Made_Thing,class,Physical Human-Made Thing,http://www.cidoc-crm.org/cidoc-crm/E24_Physical_Human-Made_Thing,[],[],"[""http://www.cidoc-crm.org/cidoc-crm/E18_Physical_Thing"",""http://www.cidoc-crm.org/cidoc-crm/E71_Human-Made_Thing""]",[],false,,main,data/document_harness/reference-cache/cidoc-7.1.3/CIDOC_CRM_v7.1.3.rdfs,7.1.3,rdf_encoding,E24,class,declared_in_main_rdfs,,[],https://cidoc-crm.org/html/cidoc_crm_v7.1.3.html,Physical Human-Made Thing,data/document_harness/reference-cache/cidoc-7.1.3/CIDOC_CRM_v7.1.3.rdfs#E24_Physical_Human-Made_Thing
E25_Human-Made_Feature,class,Human-Made Feature,http://www.cidoc-crm.org/cidoc-crm/E25_Human-Made_Feature,[],[],"[""http://www.cidoc-crm.org/cidoc-crm/E24_Physical_Human-Made_Thing"",""http://www.cidoc-crm.org/cidoc-crm/E26_Physical_Feature""]",[],false,,main,data/document_harness/reference-cache/cidoc-7.1.3/CIDOC_CRM_v7.1.3.rdfs,7.1.3,rdf_encoding,E25,class,declared_in_main_rdfs,,[],https://cidoc-crm.org/html/cidoc_crm_v7.1.3.html,Human-Made Feature,data/document_harness/reference-cache/cidoc-7.1.3/CIDOC_CRM_v7.1.3.rdfs#E25_Human-Made_Feature
E26_Physical_Feature,class,Physical Feature,http://www.cidoc-crm.org/cidoc-crm/E26_Physical_Feature,[],[],"[""http://www.cidoc-crm.org/cidoc-crm/E18_Physical_Thing""]",[],false,,main,data/document_harness/reference-cache/cidoc-7.1.3/CIDOC_CRM_v7.1.3.rdfs,7.1.3,rdf_encoding,E26,class,declared_in_main_rdfs,,[],https://cidoc-crm.org/html/cidoc_crm_v7.1.3.html,Physical Feature,data/document_harness/reference-cache/cidoc-7.1.3/CIDOC_CRM_v7.1.3.rdfs#E26_Physical_Feature
E27_Site,class,Site,http://www.cidoc-crm.org/cidoc-crm/E27_Site,[],[],"[""http://www.cidoc-crm.org/cidoc-crm/E26_Physical_Feature""]",[],false,,main,data/document_harness/reference-cache/cidoc-7.1.3/CIDOC_CRM_v7.1.3.rdfs,7.1.3,rdf_encoding,E27,class,declared_in_main_rdfs,,[],https://cidoc-crm.org/html/cidoc_crm_v7.1.3.html,Site,data/document_harness/reference-cache/cidoc-7.1.3/CIDOC_CRM_v7.1.3.rdfs#E27_Site
E28_Conceptual_Object,class,Conceptual Object,http://www.cidoc-crm.org/cidoc-crm/E28_Conceptual_Object,[],[],"[""http://www.cidoc-crm.org/cidoc-crm/E71_Human-Made_Thing""]",[],false,,main,data/document_harness/reference-cache/cidoc-7.1.3/CIDOC_CRM_v7.1.3.rdfs,7.1.3,rdf_encoding,E28,class,declared_in_main_rdfs,,[],https://cidoc-crm.org/html/cidoc_crm_v7.1.3.html,Conceptual Object,data/document_harness/reference-cache/cidoc-7.1.3/CIDOC_CRM_v7.1.3.rdfs#E28_Conceptual_Object
E29_Design_or_Procedure,class,Design or Procedure,http://www.cidoc-crm.org/cidoc-crm/E29_Design_or_Procedure,[],[],"[""http://www.cidoc-crm.org/cidoc-crm/E73_Information_Object""]",[],false,,main,data/document_harness/reference-cache/cidoc-7.1.3/CIDOC_CRM_v7.1.3.rdfs,7.1.3,rdf_encoding,E29,class,declared_in_main_rdfs,,[],https://cidoc-crm.org/html/cidoc_crm_v7.1.3.html,Design or Procedure,data/document_harness/reference-cache/cidoc-7.1.3/CIDOC_CRM_v7.1.3.rdfs#E29_Design_or_Procedure
E2_Temporal_Entity,class,Temporal Entity,http://www.cidoc-crm.org/cidoc-crm/E2_Temporal_Entity,[],[],"[""http://www.cidoc-crm.org/cidoc-crm/E1_CRM_Entity""]",[],false,,main,data/document_harness/reference-cache/cidoc-7.1.3/CIDOC_CRM_v7.1.3.rdfs,7.1.3,rdf_encoding,E2,class,declared_in_main_rdfs,,[],https://cidoc-crm.org/html/cidoc_crm_v7.1.3.html,Temporal Entity,data/document_harness/reference-cache/cidoc-7.1.3/CIDOC_CRM_v7.1.3.rdfs#E2_Temporal_Entity
E30_Right,class,Right,http://www.cidoc-crm.org/cidoc-crm/E30_Right,[],[],"[""http://www.cidoc-crm.org/cidoc-crm/E89_Propositional_Object""]",[],false,,main,data/document_harness/reference-cache/cidoc-7.1.3/CIDOC_CRM_v7.1.3.rdfs,7.1.3,rdf_encoding,E30,class,declared_in_main_rdfs,,[],https://cidoc-crm.org/html/cidoc_crm_v7.1.3.html,Right,data/document_harness/reference-cache/cidoc-7.1.3/CIDOC_CRM_v7.1.3.rdfs#E30_Right
E31_Document,class,Document,http://www.cidoc-crm.org/cidoc-crm/E31_Document,[],[],"[""http://www.cidoc-crm.org/cidoc-crm/E73_Information_Object""]",[],false,,main,data/document_harness/reference-cache/cidoc-7.1.3/CIDOC_CRM_v7.1.3.rdfs,7.1.3,rdf_encoding,E31,class,declared_in_main_rdfs,,[],https://cidoc-crm.org/html/cidoc_crm_v7.1.3.html,Document,data/document_harness/reference-cache/cidoc-7.1.3/CIDOC_CRM_v7.1.3.rdfs#E31_Document
E32_Authority_Document,class,Authority Document,http://www.cidoc-crm.org/cidoc-crm/E32_Authority_Document,[],[],"[""http://www.cidoc-crm.org/cidoc-crm/E31_Document""]",[],false,,main,data/document_harness/reference-cache/cidoc-7.1.3/CIDOC_CRM_v7.1.3.rdfs,7.1.3,rdf_encoding,E32,class,declared_in_main_rdfs,,[],https://cidoc-crm.org/html/cidoc_crm_v7.1.3.html,Authority Document,data/document_harness/reference-cache/cidoc-7.1.3/CIDOC_CRM_v7.1.3.rdfs#E32_Authority_Document
E33_E41_Linguistic_Appellation,class,Linguistic Appellation,http://www.cidoc-crm.org/cidoc-crm/E33_E41_Linguistic_Appellation,[],[],"[""http://www.cidoc-crm.org/cidoc-crm/E33_Linguistic_Object"",""http://www.cidoc-crm.org/cidoc-crm/E41_Appellation""]",[],false,,main,data/document_harness/reference-cache/cidoc-7.1.3/CIDOC_CRM_v7.1.3.rdfs,7.1.3,rdf_encoding,,class_helper,implementation_helper_not_a_formal_class,,[],https://cidoc-crm.org/html/cidoc_crm_v7.1.3.html,Linguistic Appellation,data/document_harness/reference-cache/cidoc-7.1.3/CIDOC_CRM_v7.1.3.rdfs#E33_E41_Linguistic_Appellation
E33_Linguistic_Object,class,Linguistic Object,http://www.cidoc-crm.org/cidoc-crm/E33_Linguistic_Object,[],[],"[""http://www.cidoc-crm.org/cidoc-crm/E73_Information_Object""]",[],false,,main,data/document_harness/reference-cache/cidoc-7.1.3/CIDOC_CRM_v7.1.3.rdfs,7.1.3,rdf_encoding,E33,class,declared_in_main_rdfs,,[],https://cidoc-crm.org/html/cidoc_crm_v7.1.3.html,Linguistic Object,data/document_harness/reference-cache/cidoc-7.1.3/CIDOC_CRM_v7.1.3.rdfs#E33_Linguistic_Object
E34_Inscription,class,Inscription,http://www.cidoc-crm.org/cidoc-crm/E34_Inscription,[],[],"[""http://www.cidoc-crm.org/cidoc-crm/E33_Linguistic_Object"",""http://www.cidoc-crm.org/cidoc-crm/E37_Mark""]",[],false,,main,data/document_harness/reference-cache/cidoc-7.1.3/CIDOC_CRM_v7.1.3.rdfs,7.1.3,rdf_encoding,E34,class,declared_in_main_rdfs,,[],https://cidoc-crm.org/html/cidoc_crm_v7.1.3.html,Inscription,data/document_harness/reference-cache/cidoc-7.1.3/CIDOC_CRM_v7.1.3.rdfs#E34_Inscription
E35_Title,class,Title,http://www.cidoc-crm.org/cidoc-crm/E35_Title,[],[],"[""http://www.cidoc-crm.org/cidoc-crm/E33_Linguistic_Object"",""http://www.cidoc-crm.org/cidoc-crm/E41_Appellation""]",[],false,,main,data/document_harness/reference-cache/cidoc-7.1.3/CIDOC_CRM_v7.1.3.rdfs,7.1.3,rdf_encoding,E35,class,declared_in_main_rdfs,,[],https://cidoc-crm.org/html/cidoc_crm_v7.1.3.html,Title,data/document_harness/reference-cache/cidoc-7.1.3/CIDOC_CRM_v7.1.3.rdfs#E35_Title
E36_Visual_Item,class,Visual Item,http://www.cidoc-crm.org/cidoc-crm/E36_Visual_Item,[],[],"[""http://www.cidoc-crm.org/cidoc-crm/E73_Information_Object""]",[],false,,main,data/document_harness/reference-cache/cidoc-7.1.3/CIDOC_CRM_v7.1.3.rdfs,7.1.3,rdf_encoding,E36,class,declared_in_main_rdfs,,[],https://cidoc-crm.org/html/cidoc_crm_v7.1.3.html,Visual Item,data/document_harness/reference-cache/cidoc-7.1.3/CIDOC_CRM_v7.1.3.rdfs#E36_Visual_Item
E37_Mark,class,Mark,http://www.cidoc-crm.org/cidoc-crm/E37_Mark,[],[],"[""http://www.cidoc-crm.org/cidoc-crm/E36_Visual_Item""]",[],false,,main,data/document_harness/reference-cache/cidoc-7.1.3/CIDOC_CRM_v7.1.3.rdfs,7.1.3,rdf_encoding,E37,class,declared_in_main_rdfs,,[],https://cidoc-crm.org/html/cidoc_crm_v7.1.3.html,Mark,data/document_harness/reference-cache/cidoc-7.1.3/CIDOC_CRM_v7.1.3.rdfs#E37_Mark
E39_Actor,class,Actor,http://www.cidoc-crm.org/cidoc-crm/E39_Actor,[],[],"[""http://www.cidoc-crm.org/cidoc-crm/E77_Persistent_Item""]",[],false,,main,data/document_harness/reference-cache/cidoc-7.1.3/CIDOC_CRM_v7.1.3.rdfs,7.1.3,rdf_encoding,E39,class,declared_in_main_rdfs,,[],https://cidoc-crm.org/html/cidoc_crm_v7.1.3.html,Actor,data/document_harness/reference-cache/cidoc-7.1.3/CIDOC_CRM_v7.1.3.rdfs#E39_Actor
E3_Condition_State,class,Condition State,http://www.cidoc-crm.org/cidoc-crm/E3_Condition_State,[],[],"[""http://www.cidoc-crm.org/cidoc-crm/E2_Temporal_Entity""]",[],false,,main,data/document_harness/reference-cache/cidoc-7.1.3/CIDOC_CRM_v7.1.3.rdfs,7.1.3,rdf_encoding,E3,class,declared_in_main_rdfs,,[],https://cidoc-crm.org/html/cidoc_crm_v7.1.3.html,Condition State,data/document_harness/reference-cache/cidoc-7.1.3/CIDOC_CRM_v7.1.3.rdfs#E3_Condition_State
E41_Appellation,class,Appellation,http://www.cidoc-crm.org/cidoc-crm/E41_Appellation,[],[],"[""http://www.cidoc-crm.org/cidoc-crm/E90_Symbolic_Object""]",[],false,,main,data/document_harness/reference-cache/cidoc-7.1.3/CIDOC_CRM_v7.1.3.rdfs,7.1.3,rdf_encoding,E41,class,declared_in_main_rdfs,,[],https://cidoc-crm.org/html/cidoc_crm_v7.1.3.html,Appellation,data/document_harness/reference-cache/cidoc-7.1.3/CIDOC_CRM_v7.1.3.rdfs#E41_Appellation
E42_Identifier,class,Identifier,http://www.cidoc-crm.org/cidoc-crm/E42_Identifier,[],[],"[""http://www.cidoc-crm.org/cidoc-crm/E41_Appellation""]",[],false,,main,data/document_harness/reference-cache/cidoc-7.1.3/CIDOC_CRM_v7.1.3.rdfs,7.1.3,rdf_encoding,E42,class,declared_in_main_rdfs,,[],https://cidoc-crm.org/html/cidoc_crm_v7.1.3.html,Identifier,data/document_harness/reference-cache/cidoc-7.1.3/CIDOC_CRM_v7.1.3.rdfs#E42_Identifier
E4_Period,class,Period,http://www.cidoc-crm.org/cidoc-crm/E4_Period,[],[],"[""http://www.cidoc-crm.org/cidoc-crm/E2_Temporal_Entity"",""http://www.cidoc-crm.org/cidoc-crm/E92_Spacetime_Volume""]",[],false,,main,data/document_harness/reference-cache/cidoc-7.1.3/CIDOC_CRM_v7.1.3.rdfs,7.1.3,rdf_encoding,E4,class,declared_in_main_rdfs,,[],https://cidoc-crm.org/html/cidoc_crm_v7.1.3.html,Period,data/document_harness/reference-cache/cidoc-7.1.3/CIDOC_CRM_v7.1.3.rdfs#E4_Period
E52_Time-Span,class,Time-Span,http://www.cidoc-crm.org/cidoc-crm/E52_Time-Span,[],[],"[""http://www.cidoc-crm.org/cidoc-crm/E1_CRM_Entity""]",[],false,,main,data/document_harness/reference-cache/cidoc-7.1.3/CIDOC_CRM_v7.1.3.rdfs,7.1.3,rdf_encoding,E52,class,declared_in_main_rdfs,,[],https://cidoc-crm.org/html/cidoc_crm_v7.1.3.html,Time-Span,data/document_harness/reference-cache/cidoc-7.1.3/CIDOC_CRM_v7.1.3.rdfs#E52_Time-Span
E53_Place,class,Place,http://www.cidoc-crm.org/cidoc-crm/E53_Place,[],[],"[""http://www.cidoc-crm.org/cidoc-crm/E1_CRM_Entity""]",[],false,,main,data/document_harness/reference-cache/cidoc-7.1.3/CIDOC_CRM_v7.1.3.rdfs,7.1.3,rdf_encoding,E53,class,declared_in_main_rdfs,,[],https://cidoc-crm.org/html/cidoc_crm_v7.1.3.html,Place,data/document_harness/reference-cache/cidoc-7.1.3/CIDOC_CRM_v7.1.3.rdfs#E53_Place
E54_Dimension,class,Dimension,http://www.cidoc-crm.org/cidoc-crm/E54_Dimension,[],[],"[""http://www.cidoc-crm.org/cidoc-crm/E1_CRM_Entity""]",[],false,,main,data/document_harness/reference-cache/cidoc-7.1.3/CIDOC_CRM_v7.1.3.rdfs,7.1.3,rdf_encoding,E54,class,declared_in_main_rdfs,,[],https://cidoc-crm.org/html/cidoc_crm_v7.1.3.html,Dimension,data/document_harness/reference-cache/cidoc-7.1.3/CIDOC_CRM_v7.1.3.rdfs#E54_Dimension
E55_Type,class,Type,http://www.cidoc-crm.org/cidoc-crm/E55_Type,[],[],"[""http://www.cidoc-crm.org/cidoc-crm/E28_Conceptual_Object""]",[],false,,main,data/document_harness/reference-cache/cidoc-7.1.3/CIDOC_CRM_v7.1.3.rdfs,7.1.3,rdf_encoding,E55,class,declared_in_main_rdfs,,[],https://cidoc-crm.org/html/cidoc_crm_v7.1.3.html,Type,data/document_harness/reference-cache/cidoc-7.1.3/CIDOC_CRM_v7.1.3.rdfs#E55_Type
E56_Language,class,Language,http://www.cidoc-crm.org/cidoc-crm/E56_Language,[],[],"[""http://www.cidoc-crm.org/cidoc-crm/E55_Type""]",[],false,,main,data/document_harness/reference-cache/cidoc-7.1.3/CIDOC_CRM_v7.1.3.rdfs,7.1.3,rdf_encoding,E56,class,declared_in_main_rdfs,,[],https://cidoc-crm.org/html/cidoc_crm_v7.1.3.html,Language,data/document_harness/reference-cache/cidoc-7.1.3/CIDOC_CRM_v7.1.3.rdfs#E56_Language
E57_Material,class,Material,http://www.cidoc-crm.org/cidoc-crm/E57_Material,[],[],"[""http://www.cidoc-crm.org/cidoc-crm/E55_Type""]",[],false,,main,data/document_harness/reference-cache/cidoc-7.1.3/CIDOC_CRM_v7.1.3.rdfs,7.1.3,rdf_encoding,E57,class,declared_in_main_rdfs,,[],https://cidoc-crm.org/html/cidoc_crm_v7.1.3.html,Material,data/document_harness/reference-cache/cidoc-7.1.3/CIDOC_CRM_v7.1.3.rdfs#E57_Material
E58_Measurement_Unit,class,Measurement Unit,http://www.cidoc-crm.org/cidoc-crm/E58_Measurement_Unit,[],[],"[""http://www.cidoc-crm.org/cidoc-crm/E55_Type""]",[],false,,main,data/document_harness/reference-cache/cidoc-7.1.3/CIDOC_CRM_v7.1.3.rdfs,7.1.3,rdf_encoding,E58,class,declared_in_main_rdfs,,[],https://cidoc-crm.org/html/cidoc_crm_v7.1.3.html,Measurement Unit,data/document_harness/reference-cache/cidoc-7.1.3/CIDOC_CRM_v7.1.3.rdfs#E58_Measurement_Unit
E5_Event,class,Event,http://www.cidoc-crm.org/cidoc-crm/E5_Event,[],[],"[""http://www.cidoc-crm.org/cidoc-crm/E4_Period""]",[],false,,main,data/document_harness/reference-cache/cidoc-7.1.3/CIDOC_CRM_v7.1.3.rdfs,7.1.3,rdf_encoding,E5,class,declared_in_main_rdfs,,[],https://cidoc-crm.org/html/cidoc_crm_v7.1.3.html,Event,data/document_harness/reference-cache/cidoc-7.1.3/CIDOC_CRM_v7.1.3.rdfs#E5_Event
E63_Beginning_of_Existence,class,Beginning of Existence,http://www.cidoc-crm.org/cidoc-crm/E63_Beginning_of_Existence,[],[],"[""http://www.cidoc-crm.org/cidoc-crm/E5_Event""]",[],false,,main,data/document_harness/reference-cache/cidoc-7.1.3/CIDOC_CRM_v7.1.3.rdfs,7.1.3,rdf_encoding,E63,class,declared_in_main_rdfs,,[],https://cidoc-crm.org/html/cidoc_crm_v7.1.3.html,Beginning of Existence,data/document_harness/reference-cache/cidoc-7.1.3/CIDOC_CRM_v7.1.3.rdfs#E63_Beginning_of_Existence
E64_End_of_Existence,class,End of Existence,http://www.cidoc-crm.org/cidoc-crm/E64_End_of_Existence,[],[],"[""http://www.cidoc-crm.org/cidoc-crm/E5_Event""]",[],false,,main,data/document_harness/reference-cache/cidoc-7.1.3/CIDOC_CRM_v7.1.3.rdfs,7.1.3,rdf_encoding,E64,class,declared_in_main_rdfs,,[],https://cidoc-crm.org/html/cidoc_crm_v7.1.3.html,End of Existence,data/document_harness/reference-cache/cidoc-7.1.3/CIDOC_CRM_v7.1.3.rdfs#E64_End_of_Existence
E65_Creation,class,Creation,http://www.cidoc-crm.org/cidoc-crm/E65_Creation,[],[],"[""http://www.cidoc-crm.org/cidoc-crm/E7_Activity"",""http://www.cidoc-crm.org/cidoc-crm/E63_Beginning_of_Existence""]",[],false,,main,data/document_harness/reference-cache/cidoc-7.1.3/CIDOC_CRM_v7.1.3.rdfs,7.1.3,rdf_encoding,E65,class,declared_in_main_rdfs,,[],https://cidoc-crm.org/html/cidoc_crm_v7.1.3.html,Creation,data/document_harness/reference-cache/cidoc-7.1.3/CIDOC_CRM_v7.1.3.rdfs#E65_Creation
E66_Formation,class,Formation,http://www.cidoc-crm.org/cidoc-crm/E66_Formation,[],[],"[""http://www.cidoc-crm.org/cidoc-crm/E7_Activity"",""http://www.cidoc-crm.org/cidoc-crm/E63_Beginning_of_Existence""]",[],false,,main,data/document_harness/reference-cache/cidoc-7.1.3/CIDOC_CRM_v7.1.3.rdfs,7.1.3,rdf_encoding,E66,class,declared_in_main_rdfs,,[],https://cidoc-crm.org/html/cidoc_crm_v7.1.3.html,Formation,data/document_harness/reference-cache/cidoc-7.1.3/CIDOC_CRM_v7.1.3.rdfs#E66_Formation
E67_Birth,class,Birth,http://www.cidoc-crm.org/cidoc-crm/E67_Birth,[],[],"[""http://www.cidoc-crm.org/cidoc-crm/E63_Beginning_of_Existence""]",[],false,,main,data/document_harness/reference-cache/cidoc-7.1.3/CIDOC_CRM_v7.1.3.rdfs,7.1.3,rdf_encoding,E67,class,declared_in_main_rdfs,,[],https://cidoc-crm.org/html/cidoc_crm_v7.1.3.html,Birth,data/document_harness/reference-cache/cidoc-7.1.3/CIDOC_CRM_v7.1.3.rdfs#E67_Birth
E68_Dissolution,class,Dissolution,http://www.cidoc-crm.org/cidoc-crm/E68_Dissolution,[],[],"[""http://www.cidoc-crm.org/cidoc-crm/E64_End_of_Existence""]",[],false,,main,data/document_harness/reference-cache/cidoc-7.1.3/CIDOC_CRM_v7.1.3.rdfs,7.1.3,rdf_encoding,E68,class,declared_in_main_rdfs,,[],https://cidoc-crm.org/html/cidoc_crm_v7.1.3.html,Dissolution,data/document_harness/reference-cache/cidoc-7.1.3/CIDOC_CRM_v7.1.3.rdfs#E68_Dissolution
E69_Death,class,Death,http://www.cidoc-crm.org/cidoc-crm/E69_Death,[],[],"[""http://www.cidoc-crm.org/cidoc-crm/E64_End_of_Existence""]",[],false,,main,data/document_harness/reference-cache/cidoc-7.1.3/CIDOC_CRM_v7.1.3.rdfs,7.1.3,rdf_encoding,E69,class,declared_in_main_rdfs,,[],https://cidoc-crm.org/html/cidoc_crm_v7.1.3.html,Death,data/document_harness/reference-cache/cidoc-7.1.3/CIDOC_CRM_v7.1.3.rdfs#E69_Death
E6_Destruction,class,Destruction,http://www.cidoc-crm.org/cidoc-crm/E6_Destruction,[],[],"[""http://www.cidoc-crm.org/cidoc-crm/E64_End_of_Existence""]",[],false,,main,data/document_harness/reference-cache/cidoc-7.1.3/CIDOC_CRM_v7.1.3.rdfs,7.1.3,rdf_encoding,E6,class,declared_in_main_rdfs,,[],https://cidoc-crm.org/html/cidoc_crm_v7.1.3.html,Destruction,data/document_harness/reference-cache/cidoc-7.1.3/CIDOC_CRM_v7.1.3.rdfs#E6_Destruction
E70_Thing,class,Thing,http://www.cidoc-crm.org/cidoc-crm/E70_Thing,[],[],"[""http://www.cidoc-crm.org/cidoc-crm/E77_Persistent_Item""]",[],false,,main,data/document_harness/reference-cache/cidoc-7.1.3/CIDOC_CRM_v7.1.3.rdfs,7.1.3,rdf_encoding,E70,class,declared_in_main_rdfs,,[],https://cidoc-crm.org/html/cidoc_crm_v7.1.3.html,Thing,data/document_harness/reference-cache/cidoc-7.1.3/CIDOC_CRM_v7.1.3.rdfs#E70_Thing
E71_Human-Made_Thing,class,Human-Made Thing,http://www.cidoc-crm.org/cidoc-crm/E71_Human-Made_Thing,[],[],"[""http://www.cidoc-crm.org/cidoc-crm/E70_Thing""]",[],false,,main,data/document_harness/reference-cache/cidoc-7.1.3/CIDOC_CRM_v7.1.3.rdfs,7.1.3,rdf_encoding,E71,class,declared_in_main_rdfs,,[],https://cidoc-crm.org/html/cidoc_crm_v7.1.3.html,Human-Made Thing,data/document_harness/reference-cache/cidoc-7.1.3/CIDOC_CRM_v7.1.3.rdfs#E71_Human-Made_Thing
E72_Legal_Object,class,Legal Object,http://www.cidoc-crm.org/cidoc-crm/E72_Legal_Object,[],[],"[""http://www.cidoc-crm.org/cidoc-crm/E70_Thing""]",[],false,,main,data/document_harness/reference-cache/cidoc-7.1.3/CIDOC_CRM_v7.1.3.rdfs,7.1.3,rdf_encoding,E72,class,declared_in_main_rdfs,,[],https://cidoc-crm.org/html/cidoc_crm_v7.1.3.html,Legal Object,data/document_harness/reference-cache/cidoc-7.1.3/CIDOC_CRM_v7.1.3.rdfs#E72_Legal_Object
E73_Information_Object,class,Information Object,http://www.cidoc-crm.org/cidoc-crm/E73_Information_Object,[],[],"[""http://www.cidoc-crm.org/cidoc-crm/E89_Propositional_Object"",""http://www.cidoc-crm.org/cidoc-crm/E90_Symbolic_Object""]",[],false,,main,data/document_harness/reference-cache/cidoc-7.1.3/CIDOC_CRM_v7.1.3.rdfs,7.1.3,rdf_encoding,E73,class,declared_in_main_rdfs,,[],https://cidoc-crm.org/html/cidoc_crm_v7.1.3.html,Information Object,data/document_harness/reference-cache/cidoc-7.1.3/CIDOC_CRM_v7.1.3.rdfs#E73_Information_Object
E74_Group,class,Group,http://www.cidoc-crm.org/cidoc-crm/E74_Group,[],[],"[""http://www.cidoc-crm.org/cidoc-crm/E39_Actor""]",[],false,,main,data/document_harness/reference-cache/cidoc-7.1.3/CIDOC_CRM_v7.1.3.rdfs,7.1.3,rdf_encoding,E74,class,declared_in_main_rdfs,,[],https://cidoc-crm.org/html/cidoc_crm_v7.1.3.html,Group,data/document_harness/reference-cache/cidoc-7.1.3/CIDOC_CRM_v7.1.3.rdfs#E74_Group
E77_Persistent_Item,class,Persistent Item,http://www.cidoc-crm.org/cidoc-crm/E77_Persistent_Item,[],[],"[""http://www.cidoc-crm.org/cidoc-crm/E1_CRM_Entity""]",[],false,,main,data/document_harness/reference-cache/cidoc-7.1.3/CIDOC_CRM_v7.1.3.rdfs,7.1.3,rdf_encoding,E77,class,declared_in_main_rdfs,,[],https://cidoc-crm.org/html/cidoc_crm_v7.1.3.html,Persistent Item,data/document_harness/reference-cache/cidoc-7.1.3/CIDOC_CRM_v7.1.3.rdfs#E77_Persistent_Item
E78_Curated_Holding,class,Curated Holding,http://www.cidoc-crm.org/cidoc-crm/E78_Curated_Holding,[],[],"[""http://www.cidoc-crm.org/cidoc-crm/E24_Physical_Human-Made_Thing""]",[],false,,main,data/document_harness/reference-cache/cidoc-7.1.3/CIDOC_CRM_v7.1.3.rdfs,7.1.3,rdf_encoding,E78,class,declared_in_main_rdfs,,[],https://cidoc-crm.org/html/cidoc_crm_v7.1.3.html,Curated Holding,data/document_harness/reference-cache/cidoc-7.1.3/CIDOC_CRM_v7.1.3.rdfs#E78_Curated_Holding
E79_Part_Addition,class,Part Addition,http://www.cidoc-crm.org/cidoc-crm/E79_Part_Addition,[],[],"[""http://www.cidoc-crm.org/cidoc-crm/E11_Modification""]",[],false,,main,data/document_harness/reference-cache/cidoc-7.1.3/CIDOC_CRM_v7.1.3.rdfs,7.1.3,rdf_encoding,E79,class,declared_in_main_rdfs,,[],https://cidoc-crm.org/html/cidoc_crm_v7.1.3.html,Part Addition,data/document_harness/reference-cache/cidoc-7.1.3/CIDOC_CRM_v7.1.3.rdfs#E79_Part_Addition
E7_Activity,class,Activity,http://www.cidoc-crm.org/cidoc-crm/E7_Activity,[],[],"[""http://www.cidoc-crm.org/cidoc-crm/E5_Event""]",[],false,,main,data/document_harness/reference-cache/cidoc-7.1.3/CIDOC_CRM_v7.1.3.rdfs,7.1.3,rdf_encoding,E7,class,declared_in_main_rdfs,,[],https://cidoc-crm.org/html/cidoc_crm_v7.1.3.html,Activity,data/document_harness/reference-cache/cidoc-7.1.3/CIDOC_CRM_v7.1.3.rdfs#E7_Activity
E80_Part_Removal,class,Part Removal,http://www.cidoc-crm.org/cidoc-crm/E80_Part_Removal,[],[],"[""http://www.cidoc-crm.org/cidoc-crm/E11_Modification""]",[],false,,main,data/document_harness/reference-cache/cidoc-7.1.3/CIDOC_CRM_v7.1.3.rdfs,7.1.3,rdf_encoding,E80,class,declared_in_main_rdfs,,[],https://cidoc-crm.org/html/cidoc_crm_v7.1.3.html,Part Removal,data/document_harness/reference-cache/cidoc-7.1.3/CIDOC_CRM_v7.1.3.rdfs#E80_Part_Removal
E81_Transformation,class,Transformation,http://www.cidoc-crm.org/cidoc-crm/E81_Transformation,[],[],"[""http://www.cidoc-crm.org/cidoc-crm/E63_Beginning_of_Existence"",""http://www.cidoc-crm.org/cidoc-crm/E64_End_of_Existence""]",[],false,,main,data/document_harness/reference-cache/cidoc-7.1.3/CIDOC_CRM_v7.1.3.rdfs,7.1.3,rdf_encoding,E81,class,declared_in_main_rdfs,,[],https://cidoc-crm.org/html/cidoc_crm_v7.1.3.html,Transformation,data/document_harness/reference-cache/cidoc-7.1.3/CIDOC_CRM_v7.1.3.rdfs#E81_Transformation
E83_Type_Creation,class,Type Creation,http://www.cidoc-crm.org/cidoc-crm/E83_Type_Creation,[],[],"[""http://www.cidoc-crm.org/cidoc-crm/E65_Creation""]",[],false,,main,data/document_harness/reference-cache/cidoc-7.1.3/CIDOC_CRM_v7.1.3.rdfs,7.1.3,rdf_encoding,E83,class,declared_in_main_rdfs,,[],https://cidoc-crm.org/html/cidoc_crm_v7.1.3.html,Type Creation,data/document_harness/reference-cache/cidoc-7.1.3/CIDOC_CRM_v7.1.3.rdfs#E83_Type_Creation
E85_Joining,class,Joining,http://www.cidoc-crm.org/cidoc-crm/E85_Joining,[],[],"[""http://www.cidoc-crm.org/cidoc-crm/E7_Activity""]",[],false,,main,data/document_harness/reference-cache/cidoc-7.1.3/CIDOC_CRM_v7.1.3.rdfs,7.1.3,rdf_encoding,E85,class,declared_in_main_rdfs,,[],https://cidoc-crm.org/html/cidoc_crm_v7.1.3.html,Joining,data/document_harness/reference-cache/cidoc-7.1.3/CIDOC_CRM_v7.1.3.rdfs#E85_Joining
E86_Leaving,class,Leaving,http://www.cidoc-crm.org/cidoc-crm/E86_Leaving,[],[],"[""http://www.cidoc-crm.org/cidoc-crm/E7_Activity""]",[],false,,main,data/document_harness/reference-cache/cidoc-7.1.3/CIDOC_CRM_v7.1.3.rdfs,7.1.3,rdf_encoding,E86,class,declared_in_main_rdfs,,[],https://cidoc-crm.org/html/cidoc_crm_v7.1.3.html,Leaving,data/document_harness/reference-cache/cidoc-7.1.3/CIDOC_CRM_v7.1.3.rdfs#E86_Leaving
E87_Curation_Activity,class,Curation Activity,http://www.cidoc-crm.org/cidoc-crm/E87_Curation_Activity,[],[],"[""http://www.cidoc-crm.org/cidoc-crm/E7_Activity""]",[],false,,main,data/document_harness/reference-cache/cidoc-7.1.3/CIDOC_CRM_v7.1.3.rdfs,7.1.3,rdf_encoding,E87,class,declared_in_main_rdfs,,[],https://cidoc-crm.org/html/cidoc_crm_v7.1.3.html,Curation Activity,data/document_harness/reference-cache/cidoc-7.1.3/CIDOC_CRM_v7.1.3.rdfs#E87_Curation_Activity
E89_Propositional_Object,class,Propositional Object,http://www.cidoc-crm.org/cidoc-crm/E89_Propositional_Object,[],[],"[""http://www.cidoc-crm.org/cidoc-crm/E28_Conceptual_Object""]",[],false,,main,data/document_harness/reference-cache/cidoc-7.1.3/CIDOC_CRM_v7.1.3.rdfs,7.1.3,rdf_encoding,E89,class,declared_in_main_rdfs,,[],https://cidoc-crm.org/html/cidoc_crm_v7.1.3.html,Propositional Object,data/document_harness/reference-cache/cidoc-7.1.3/CIDOC_CRM_v7.1.3.rdfs#E89_Propositional_Object
E8_Acquisition,class,Acquisition,http://www.cidoc-crm.org/cidoc-crm/E8_Acquisition,[],[],"[""http://www.cidoc-crm.org/cidoc-crm/E7_Activity""]",[],false,,main,data/document_harness/reference-cache/cidoc-7.1.3/CIDOC_CRM_v7.1.3.rdfs,7.1.3,rdf_encoding,E8,class,declared_in_main_rdfs,,[],https://cidoc-crm.org/html/cidoc_crm_v7.1.3.html,Acquisition,data/document_harness/reference-cache/cidoc-7.1.3/CIDOC_CRM_v7.1.3.rdfs#E8_Acquisition
E90_Symbolic_Object,class,Symbolic Object,http://www.cidoc-crm.org/cidoc-crm/E90_Symbolic_Object,[],[],"[""http://www.cidoc-crm.org/cidoc-crm/E28_Conceptual_Object"",""http://www.cidoc-crm.org/cidoc-crm/E72_Legal_Object""]",[],false,,main,data/document_harness/reference-cache/cidoc-7.1.3/CIDOC_CRM_v7.1.3.rdfs,7.1.3,rdf_encoding,E90,class,declared_in_main_rdfs,,[],https://cidoc-crm.org/html/cidoc_crm_v7.1.3.html,Symbolic Object,data/document_harness/reference-cache/cidoc-7.1.3/CIDOC_CRM_v7.1.3.rdfs#E90_Symbolic_Object
E92_Spacetime_Volume,class,Spacetime Volume,http://www.cidoc-crm.org/cidoc-crm/E92_Spacetime_Volume,[],[],"[""http://www.cidoc-crm.org/cidoc-crm/E1_CRM_Entity""]",[],false,,main,data/document_harness/reference-cache/cidoc-7.1.3/CIDOC_CRM_v7.1.3.rdfs,7.1.3,rdf_encoding,E92,class,declared_in_main_rdfs,,[],https://cidoc-crm.org/html/cidoc_crm_v7.1.3.html,Spacetime Volume,data/document_harness/reference-cache/cidoc-7.1.3/CIDOC_CRM_v7.1.3.rdfs#E92_Spacetime_Volume
E93_Presence,class,Presence,http://www.cidoc-crm.org/cidoc-crm/E93_Presence,[],[],"[""http://www.cidoc-crm.org/cidoc-crm/E92_Spacetime_Volume""]",[],false,,main,data/document_harness/reference-cache/cidoc-7.1.3/CIDOC_CRM_v7.1.3.rdfs,7.1.3,rdf_encoding,E93,class,declared_in_main_rdfs,,[],https://cidoc-crm.org/html/cidoc_crm_v7.1.3.html,Presence,data/document_harness/reference-cache/cidoc-7.1.3/CIDOC_CRM_v7.1.3.rdfs#E93_Presence
E96_Purchase,class,Purchase,http://www.cidoc-crm.org/cidoc-crm/E96_Purchase,[],[],"[""http://www.cidoc-crm.org/cidoc-crm/E8_Acquisition""]",[],false,,main,data/document_harness/reference-cache/cidoc-7.1.3/CIDOC_CRM_v7.1.3.rdfs,7.1.3,rdf_encoding,E96,class,declared_in_main_rdfs,,[],https://cidoc-crm.org/html/cidoc_crm_v7.1.3.html,Purchase,data/document_harness/reference-cache/cidoc-7.1.3/CIDOC_CRM_v7.1.3.rdfs#E96_Purchase
E97_Monetary_Amount,class,Monetary Amount,http://www.cidoc-crm.org/cidoc-crm/E97_Monetary_Amount,[],[],"[""http://www.cidoc-crm.org/cidoc-crm/E54_Dimension""]",[],false,,main,data/document_harness/reference-cache/cidoc-7.1.3/CIDOC_CRM_v7.1.3.rdfs,7.1.3,rdf_encoding,E97,class,declared_in_main_rdfs,,[],https://cidoc-crm.org/html/cidoc_crm_v7.1.3.html,Monetary Amount,data/document_harness/reference-cache/cidoc-7.1.3/CIDOC_CRM_v7.1.3.rdfs#E97_Monetary_Amount
E98_Currency,class,Currency,http://www.cidoc-crm.org/cidoc-crm/E98_Currency,[],[],"[""http://www.cidoc-crm.org/cidoc-crm/E58_Measurement_Unit""]",[],false,,main,data/document_harness/reference-cache/cidoc-7.1.3/CIDOC_CRM_v7.1.3.rdfs,7.1.3,rdf_encoding,E98,class,declared_in_main_rdfs,,[],https://cidoc-crm.org/html/cidoc_crm_v7.1.3.html,Currency,data/document_harness/reference-cache/cidoc-7.1.3/CIDOC_CRM_v7.1.3.rdfs#E98_Currency
E99_Product_Type,class,Product Type,http://www.cidoc-crm.org/cidoc-crm/E99_Product_Type,[],[],"[""http://www.cidoc-crm.org/cidoc-crm/E55_Type""]",[],false,,main,data/document_harness/reference-cache/cidoc-7.1.3/CIDOC_CRM_v7.1.3.rdfs,7.1.3,rdf_encoding,E99,class,declared_in_main_rdfs,,[],https://cidoc-crm.org/html/cidoc_crm_v7.1.3.html,Product Type,data/document_harness/reference-cache/cidoc-7.1.3/CIDOC_CRM_v7.1.3.rdfs#E99_Product_Type
E9_Move,class,Move,http://www.cidoc-crm.org/cidoc-crm/E9_Move,[],[],"[""http://www.cidoc-crm.org/cidoc-crm/E7_Activity""]",[],false,,main,data/document_harness/reference-cache/cidoc-7.1.3/CIDOC_CRM_v7.1.3.rdfs,7.1.3,rdf_encoding,E9,class,declared_in_main_rdfs,,[],https://cidoc-crm.org/html/cidoc_crm_v7.1.3.html,Move,data/document_harness/reference-cache/cidoc-7.1.3/CIDOC_CRM_v7.1.3.rdfs#E9_Move
P100_was_death_of,property,was death of,http://www.cidoc-crm.org/cidoc-crm/P100_was_death_of,"[""http://www.cidoc-crm.org/cidoc-crm/E69_Death""]","[""http://www.cidoc-crm.org/cidoc-crm/E21_Person""]","[""http://www.cidoc-crm.org/cidoc-crm/P93_took_out_of_existence""]","[""http://www.cidoc-crm.org/cidoc-crm/P100i_died_in""]",false,,main,data/document_harness/reference-cache/cidoc-7.1.3/CIDOC_CRM_v7.1.3.rdfs,7.1.3,rdf_encoding,P100,forward,declared_forward_in_main_rdfs,,[],https://cidoc-crm.org/html/cidoc_crm_v7.1.3.html,was death of,data/document_harness/reference-cache/cidoc-7.1.3/CIDOC_CRM_v7.1.3.rdfs#P100_was_death_of
P100i_died_in,property,died in,http://www.cidoc-crm.org/cidoc-crm/P100i_died_in,"[""http://www.cidoc-crm.org/cidoc-crm/E21_Person""]","[""http://www.cidoc-crm.org/cidoc-crm/E69_Death""]","[""http://www.cidoc-crm.org/cidoc-crm/P93i_was_taken_out_of_existence_by""]","[""http://www.cidoc-crm.org/cidoc-crm/P100_was_death_of""]",false,,main,data/document_harness/reference-cache/cidoc-7.1.3/CIDOC_CRM_v7.1.3.rdfs,7.1.3,rdf_encoding,P100,inverse,declared_inverse_in_main_rdfs,,[],https://cidoc-crm.org/html/cidoc_crm_v7.1.3.html,died in,data/document_harness/reference-cache/cidoc-7.1.3/CIDOC_CRM_v7.1.3.rdfs#P100i_died_in
P101_had_as_general_use,property,had as general use,http://www.cidoc-crm.org/cidoc-crm/P101_had_as_general_use,"[""http://www.cidoc-crm.org/cidoc-crm/E70_Thing""]","[""http://www.cidoc-crm.org/cidoc-crm/E55_Type""]",[],"[""http://www.cidoc-crm.org/cidoc-crm/P101i_was_use_of""]",false,,main,data/document_harness/reference-cache/cidoc-7.1.3/CIDOC_CRM_v7.1.3.rdfs,7.1.3,rdf_encoding,P101,forward,declared_forward_in_main_rdfs,,[],https://cidoc-crm.org/html/cidoc_crm_v7.1.3.html,had as general use,data/document_harness/reference-cache/cidoc-7.1.3/CIDOC_CRM_v7.1.3.rdfs#P101_had_as_general_use
P101i_was_use_of,property,was use of,http://www.cidoc-crm.org/cidoc-crm/P101i_was_use_of,"[""http://www.cidoc-crm.org/cidoc-crm/E55_Type""]","[""http://www.cidoc-crm.org/cidoc-crm/E70_Thing""]",[],"[""http://www.cidoc-crm.org/cidoc-crm/P101_had_as_general_use""]",false,,main,data/document_harness/reference-cache/cidoc-7.1.3/CIDOC_CRM_v7.1.3.rdfs,7.1.3,rdf_encoding,P101,inverse,declared_inverse_in_main_rdfs,,[],https://cidoc-crm.org/html/cidoc_crm_v7.1.3.html,was use of,data/document_harness/reference-cache/cidoc-7.1.3/CIDOC_CRM_v7.1.3.rdfs#P101i_was_use_of
P102_has_title,property,has title,http://www.cidoc-crm.org/cidoc-crm/P102_has_title,"[""http://www.cidoc-crm.org/cidoc-crm/E71_Human-Made_Thing""]","[""http://www.cidoc-crm.org/cidoc-crm/E35_Title""]","[""http://www.cidoc-crm.org/cidoc-crm/P1_is_identified_by""]","[""http://www.cidoc-crm.org/cidoc-crm/P102i_is_title_of""]",false,,main,data/document_harness/reference-cache/cidoc-7.1.3/CIDOC_CRM_v7.1.3.rdfs,7.1.3,rdf_encoding,P102,forward,declared_forward_in_main_rdfs,,[],https://cidoc-crm.org/html/cidoc_crm_v7.1.3.html,has title,data/document_harness/reference-cache/cidoc-7.1.3/CIDOC_CRM_v7.1.3.rdfs#P102_has_title
P102i_is_title_of,property,is title of,http://www.cidoc-crm.org/cidoc-crm/P102i_is_title_of,"[""http://www.cidoc-crm.org/cidoc-crm/E35_Title""]","[""http://www.cidoc-crm.org/cidoc-crm/E71_Human-Made_Thing""]","[""http://www.cidoc-crm.org/cidoc-crm/P1i_identifies""]","[""http://www.cidoc-crm.org/cidoc-crm/P102_has_title""]",false,,main,data/document_harness/reference-cache/cidoc-7.1.3/CIDOC_CRM_v7.1.3.rdfs,7.1.3,rdf_encoding,P102,inverse,declared_inverse_in_main_rdfs,,[],https://cidoc-crm.org/html/cidoc_crm_v7.1.3.html,is title of,data/document_harness/reference-cache/cidoc-7.1.3/CIDOC_CRM_v7.1.3.rdfs#P102i_is_title_of
P103_was_intended_for,property,was intended for,http://www.cidoc-crm.org/cidoc-crm/P103_was_intended_for,"[""http://www.cidoc-crm.org/cidoc-crm/E71_Human-Made_Thing""]","[""http://www.cidoc-crm.org/cidoc-crm/E55_Type""]",[],"[""http://www.cidoc-crm.org/cidoc-crm/P103i_was_intention_of""]",false,,main,data/document_harness/reference-cache/cidoc-7.1.3/CIDOC_CRM_v7.1.3.rdfs,7.1.3,rdf_encoding,P103,forward,declared_forward_in_main_rdfs,,[],https://cidoc-crm.org/html/cidoc_crm_v7.1.3.html,was intended for,data/document_harness/reference-cache/cidoc-7.1.3/CIDOC_CRM_v7.1.3.rdfs#P103_was_intended_for
P103i_was_intention_of,property,was intention of,http://www.cidoc-crm.org/cidoc-crm/P103i_was_intention_of,"[""http://www.cidoc-crm.org/cidoc-crm/E55_Type""]","[""http://www.cidoc-crm.org/cidoc-crm/E71_Human-Made_Thing""]",[],"[""http://www.cidoc-crm.org/cidoc-crm/P103_was_intended_for""]",false,,main,data/document_harness/reference-cache/cidoc-7.1.3/CIDOC_CRM_v7.1.3.rdfs,7.1.3,rdf_encoding,P103,inverse,declared_inverse_in_main_rdfs,,[],https://cidoc-crm.org/html/cidoc_crm_v7.1.3.html,was intention of,data/document_harness/reference-cache/cidoc-7.1.3/CIDOC_CRM_v7.1.3.rdfs#P103i_was_intention_of
P104_is_subject_to,property,is subject to,http://www.cidoc-crm.org/cidoc-crm/P104_is_subject_to,"[""http://www.cidoc-crm.org/cidoc-crm/E72_Legal_Object""]","[""http://www.cidoc-crm.org/cidoc-crm/E30_Right""]",[],"[""http://www.cidoc-crm.org/cidoc-crm/P104i_applies_to""]",false,,main,data/document_harness/reference-cache/cidoc-7.1.3/CIDOC_CRM_v7.1.3.rdfs,7.1.3,rdf_encoding,P104,forward,declared_forward_in_main_rdfs,,[],https://cidoc-crm.org/html/cidoc_crm_v7.1.3.html,is subject to,data/document_harness/reference-cache/cidoc-7.1.3/CIDOC_CRM_v7.1.3.rdfs#P104_is_subject_to
P104i_applies_to,property,applies to,http://www.cidoc-crm.org/cidoc-crm/P104i_applies_to,"[""http://www.cidoc-crm.org/cidoc-crm/E30_Right""]","[""http://www.cidoc-crm.org/cidoc-crm/E72_Legal_Object""]",[],"[""http://www.cidoc-crm.org/cidoc-crm/P104_is_subject_to""]",false,,main,data/document_harness/reference-cache/cidoc-7.1.3/CIDOC_CRM_v7.1.3.rdfs,7.1.3,rdf_encoding,P104,inverse,declared_inverse_in_main_rdfs,,[],https://cidoc-crm.org/html/cidoc_crm_v7.1.3.html,applies to,data/document_harness/reference-cache/cidoc-7.1.3/CIDOC_CRM_v7.1.3.rdfs#P104i_applies_to
P105_right_held_by,property,right held by,http://www.cidoc-crm.org/cidoc-crm/P105_right_held_by,"[""http://www.cidoc-crm.org/cidoc-crm/E72_Legal_Object""]","[""http://www.cidoc-crm.org/cidoc-crm/E39_Actor""]",[],"[""http://www.cidoc-crm.org/cidoc-crm/P105i_has_right_on""]",false,,main,data/document_harness/reference-cache/cidoc-7.1.3/CIDOC_CRM_v7.1.3.rdfs,7.1.3,rdf_encoding,P105,forward,declared_forward_in_main_rdfs,,[],https://cidoc-crm.org/html/cidoc_crm_v7.1.3.html,right held by,data/document_harness/reference-cache/cidoc-7.1.3/CIDOC_CRM_v7.1.3.rdfs#P105_right_held_by
P105i_has_right_on,property,has right on,http://www.cidoc-crm.org/cidoc-crm/P105i_has_right_on,"[""http://www.cidoc-crm.org/cidoc-crm/E39_Actor""]","[""http://www.cidoc-crm.org/cidoc-crm/E72_Legal_Object""]",[],"[""http://www.cidoc-crm.org/cidoc-crm/P105_right_held_by""]",false,,main,data/document_harness/reference-cache/cidoc-7.1.3/CIDOC_CRM_v7.1.3.rdfs,7.1.3,rdf_encoding,P105,inverse,declared_inverse_in_main_rdfs,,[],https://cidoc-crm.org/html/cidoc_crm_v7.1.3.html,has right on,data/document_harness/reference-cache/cidoc-7.1.3/CIDOC_CRM_v7.1.3.rdfs#P105i_has_right_on
P106_is_composed_of,property,is composed of,http://www.cidoc-crm.org/cidoc-crm/P106_is_composed_of,"[""http://www.cidoc-crm.org/cidoc-crm/E90_Symbolic_Object""]","[""http://www.cidoc-crm.org/cidoc-crm/E90_Symbolic_Object""]",[],"[""http://www.cidoc-crm.org/cidoc-crm/P106i_forms_part_of""]",false,,main,data/document_harness/reference-cache/cidoc-7.1.3/CIDOC_CRM_v7.1.3.rdfs,7.1.3,rdf_encoding,P106,forward,declared_forward_in_main_rdfs,,[],https://cidoc-crm.org/html/cidoc_crm_v7.1.3.html,is composed of,data/document_harness/reference-cache/cidoc-7.1.3/CIDOC_CRM_v7.1.3.rdfs#P106_is_composed_of
P106i_forms_part_of,property,forms part of,http://www.cidoc-crm.org/cidoc-crm/P106i_forms_part_of,"[""http://www.cidoc-crm.org/cidoc-crm/E90_Symbolic_Object""]","[""http://www.cidoc-crm.org/cidoc-crm/E90_Symbolic_Object""]",[],"[""http://www.cidoc-crm.org/cidoc-crm/P106_is_composed_of""]",false,,main,data/document_harness/reference-cache/cidoc-7.1.3/CIDOC_CRM_v7.1.3.rdfs,7.1.3,rdf_encoding,P106,inverse,declared_inverse_in_main_rdfs,,[],https://cidoc-crm.org/html/cidoc_crm_v7.1.3.html,forms part of,data/document_harness/reference-cache/cidoc-7.1.3/CIDOC_CRM_v7.1.3.rdfs#P106i_forms_part_of
P107_has_current_or_former_member,property,has current or former member,http://www.cidoc-crm.org/cidoc-crm/P107_has_current_or_former_member,"[""http://www.cidoc-crm.org/cidoc-crm/E74_Group""]","[""http://www.cidoc-crm.org/cidoc-crm/E39_Actor""]",[],"[""http://www.cidoc-crm.org/cidoc-crm/P107i_is_current_or_former_member_of""]",false,,main,data/document_harness/reference-cache/cidoc-7.1.3/CIDOC_CRM_v7.1.3.rdfs,7.1.3,rdf_encoding,P107,forward,declared_forward_in_main_rdfs,,[],https://cidoc-crm.org/html/cidoc_crm_v7.1.3.html,has current or former member,data/document_harness/reference-cache/cidoc-7.1.3/CIDOC_CRM_v7.1.3.rdfs#P107_has_current_or_former_member
P107i_is_current_or_former_member_of,property,is current or former member of,http://www.cidoc-crm.org/cidoc-crm/P107i_is_current_or_former_member_of,"[""http://www.cidoc-crm.org/cidoc-crm/E39_Actor""]","[""http://www.cidoc-crm.org/cidoc-crm/E74_Group""]",[],"[""http://www.cidoc-crm.org/cidoc-crm/P107_has_current_or_former_member""]",false,,main,data/document_harness/reference-cache/cidoc-7.1.3/CIDOC_CRM_v7.1.3.rdfs,7.1.3,rdf_encoding,P107,inverse,declared_inverse_in_main_rdfs,,[],https://cidoc-crm.org/html/cidoc_crm_v7.1.3.html,is current or former member of,data/document_harness/reference-cache/cidoc-7.1.3/CIDOC_CRM_v7.1.3.rdfs#P107i_is_current_or_former_member_of
P108_has_produced,property,has produced,http://www.cidoc-crm.org/cidoc-crm/P108_has_produced,"[""http://www.cidoc-crm.org/cidoc-crm/E12_Production""]","[""http://www.cidoc-crm.org/cidoc-crm/E24_Physical_Human-Made_Thing""]","[""http://www.cidoc-crm.org/cidoc-crm/P31_has_modified"",""http://www.cidoc-crm.org/cidoc-crm/P92_brought_into_existence""]","[""http://www.cidoc-crm.org/cidoc-crm/P108i_was_produced_by""]",false,,main,data/document_harness/reference-cache/cidoc-7.1.3/CIDOC_CRM_v7.1.3.rdfs,7.1.3,rdf_encoding,P108,forward,declared_forward_in_main_rdfs,,[],https://cidoc-crm.org/html/cidoc_crm_v7.1.3.html,has produced,data/document_harness/reference-cache/cidoc-7.1.3/CIDOC_CRM_v7.1.3.rdfs#P108_has_produced
P108i_was_produced_by,property,was produced by,http://www.cidoc-crm.org/cidoc-crm/P108i_was_produced_by,"[""http://www.cidoc-crm.org/cidoc-crm/E24_Physical_Human-Made_Thing""]","[""http://www.cidoc-crm.org/cidoc-crm/E12_Production""]","[""http://www.cidoc-crm.org/cidoc-crm/P31i_was_modified_by"",""http://www.cidoc-crm.org/cidoc-crm/P92i_was_brought_into_existence_by""]","[""http://www.cidoc-crm.org/cidoc-crm/P108_has_produced""]",false,,main,data/document_harness/reference-cache/cidoc-7.1.3/CIDOC_CRM_v7.1.3.rdfs,7.1.3,rdf_encoding,P108,inverse,declared_inverse_in_main_rdfs,,[],https://cidoc-crm.org/html/cidoc_crm_v7.1.3.html,was produced by,data/document_harness/reference-cache/cidoc-7.1.3/CIDOC_CRM_v7.1.3.rdfs#P108i_was_produced_by
P109_has_current_or_former_curator,property,has current or former curator,http://www.cidoc-crm.org/cidoc-crm/P109_has_current_or_former_curator,"[""http://www.cidoc-crm.org/cidoc-crm/E78_Curated_Holding""]","[""http://www.cidoc-crm.org/cidoc-crm/E39_Actor""]","[""http://www.cidoc-crm.org/cidoc-crm/P49_has_former_or_current_keeper""]","[""http://www.cidoc-crm.org/cidoc-crm/P109i_is_current_or_former_curator_of""]",false,,main,data/document_harness/reference-cache/cidoc-7.1.3/CIDOC_CRM_v7.1.3.rdfs,7.1.3,rdf_encoding,P109,forward,declared_forward_in_main_rdfs,,[],https://cidoc-crm.org/html/cidoc_crm_v7.1.3.html,has current or former curator,data/document_harness/reference-cache/cidoc-7.1.3/CIDOC_CRM_v7.1.3.rdfs#P109_has_current_or_former_curator
P109i_is_current_or_former_curator_of,property,is current or former curator of,http://www.cidoc-crm.org/cidoc-crm/P109i_is_current_or_former_curator_of,"[""http://www.cidoc-crm.org/cidoc-crm/E39_Actor""]","[""http://www.cidoc-crm.org/cidoc-crm/E78_Curated_Holding""]","[""http://www.cidoc-crm.org/cidoc-crm/P49i_is_former_or_current_keeper_of""]","[""http://www.cidoc-crm.org/cidoc-crm/P109_has_current_or_former_curator""]",false,,main,data/document_harness/reference-cache/cidoc-7.1.3/CIDOC_CRM_v7.1.3.rdfs,7.1.3,rdf_encoding,P109,inverse,declared_inverse_in_main_rdfs,,[],https://cidoc-crm.org/html/cidoc_crm_v7.1.3.html,is current or former curator of,data/document_harness/reference-cache/cidoc-7.1.3/CIDOC_CRM_v7.1.3.rdfs#P109i_is_current_or_former_curator_of
P10_falls_within,property,falls within,http://www.cidoc-crm.org/cidoc-crm/P10_falls_within,"[""http://www.cidoc-crm.org/cidoc-crm/E92_Spacetime_Volume""]","[""http://www.cidoc-crm.org/cidoc-crm/E92_Spacetime_Volume""]","[""http://www.cidoc-crm.org/cidoc-crm/P132_spatiotemporally_overlaps_with""]","[""http://www.cidoc-crm.org/cidoc-crm/P10i_contains""]",false,,main,data/document_harness/reference-cache/cidoc-7.1.3/CIDOC_CRM_v7.1.3.rdfs,7.1.3,rdf_encoding,P10,forward,declared_forward_in_main_rdfs,,[],https://cidoc-crm.org/html/cidoc_crm_v7.1.3.html,falls within,data/document_harness/reference-cache/cidoc-7.1.3/CIDOC_CRM_v7.1.3.rdfs#P10_falls_within
P10i_contains,property,contains,http://www.cidoc-crm.org/cidoc-crm/P10i_contains,"[""http://www.cidoc-crm.org/cidoc-crm/E92_Spacetime_Volume""]","[""http://www.cidoc-crm.org/cidoc-crm/E92_Spacetime_Volume""]","[""http://www.cidoc-crm.org/cidoc-crm/P132_spatiotemporally_overlaps_with""]","[""http://www.cidoc-crm.org/cidoc-crm/P10_falls_within""]",false,,main,data/document_harness/reference-cache/cidoc-7.1.3/CIDOC_CRM_v7.1.3.rdfs,7.1.3,rdf_encoding,P10,inverse,declared_inverse_in_main_rdfs,,[],https://cidoc-crm.org/html/cidoc_crm_v7.1.3.html,contains,data/document_harness/reference-cache/cidoc-7.1.3/CIDOC_CRM_v7.1.3.rdfs#P10i_contains
P110_augmented,property,augmented,http://www.cidoc-crm.org/cidoc-crm/P110_augmented,"[""http://www.cidoc-crm.org/cidoc-crm/E79_Part_Addition""]","[""http://www.cidoc-crm.org/cidoc-crm/E18_Physical_Thing""]","[""http://www.cidoc-crm.org/cidoc-crm/P31_has_modified""]","[""http://www.cidoc-crm.org/cidoc-crm/P110i_was_augmented_by""]",false,,main,data/document_harness/reference-cache/cidoc-7.1.3/CIDOC_CRM_v7.1.3.rdfs,7.1.3,rdf_encoding,P110,forward,declared_forward_in_main_rdfs,,[],https://cidoc-crm.org/html/cidoc_crm_v7.1.3.html,augmented,data/document_harness/reference-cache/cidoc-7.1.3/CIDOC_CRM_v7.1.3.rdfs#P110_augmented
P110i_was_augmented_by,property,was augmented by,http://www.cidoc-crm.org/cidoc-crm/P110i_was_augmented_by,"[""http://www.cidoc-crm.org/cidoc-crm/E18_Physical_Thing""]","[""http://www.cidoc-crm.org/cidoc-crm/E79_Part_Addition""]","[""http://www.cidoc-crm.org/cidoc-crm/P31i_was_modified_by""]","[""http://www.cidoc-crm.org/cidoc-crm/P110_augmented""]",false,,main,data/document_harness/reference-cache/cidoc-7.1.3/CIDOC_CRM_v7.1.3.rdfs,7.1.3,rdf_encoding,P110,inverse,declared_inverse_in_main_rdfs,,[],https://cidoc-crm.org/html/cidoc_crm_v7.1.3.html,was augmented by,data/document_harness/reference-cache/cidoc-7.1.3/CIDOC_CRM_v7.1.3.rdfs#P110i_was_augmented_by
P111_added,property,added,http://www.cidoc-crm.org/cidoc-crm/P111_added,"[""http://www.cidoc-crm.org/cidoc-crm/E79_Part_Addition""]","[""http://www.cidoc-crm.org/cidoc-crm/E18_Physical_Thing""]","[""http://www.cidoc-crm.org/cidoc-crm/P16_used_specific_object""]","[""http://www.cidoc-crm.org/cidoc-crm/P111i_was_added_by""]",false,,main,data/document_harness/reference-cache/cidoc-7.1.3/CIDOC_CRM_v7.1.3.rdfs,7.1.3,rdf_encoding,P111,forward,declared_forward_in_main_rdfs,,[],https://cidoc-crm.org/html/cidoc_crm_v7.1.3.html,added,data/document_harness/reference-cache/cidoc-7.1.3/CIDOC_CRM_v7.1.3.rdfs#P111_added
P111i_was_added_by,property,was added by,http://www.cidoc-crm.org/cidoc-crm/P111i_was_added_by,"[""http://www.cidoc-crm.org/cidoc-crm/E18_Physical_Thing""]","[""http://www.cidoc-crm.org/cidoc-crm/E79_Part_Addition""]","[""http://www.cidoc-crm.org/cidoc-crm/P16i_was_used_for""]","[""http://www.cidoc-crm.org/cidoc-crm/P111_added""]",false,,main,data/document_harness/reference-cache/cidoc-7.1.3/CIDOC_CRM_v7.1.3.rdfs,7.1.3,rdf_encoding,P111,inverse,declared_inverse_in_main_rdfs,,[],https://cidoc-crm.org/html/cidoc_crm_v7.1.3.html,was added by,data/document_harness/reference-cache/cidoc-7.1.3/CIDOC_CRM_v7.1.3.rdfs#P111i_was_added_by
P112_diminished,property,diminished,http://www.cidoc-crm.org/cidoc-crm/P112_diminished,"[""http://www.cidoc-crm.org/cidoc-crm/E80_Part_Removal""]","[""http://www.cidoc-crm.org/cidoc-crm/E18_Physical_Thing""]","[""http://www.cidoc-crm.org/cidoc-crm/P31_has_modified""]","[""http://www.cidoc-crm.org/cidoc-crm/P112i_was_diminished_by""]",false,,main,data/document_harness/reference-cache/cidoc-7.1.3/CIDOC_CRM_v7.1.3.rdfs,7.1.3,rdf_encoding,P112,forward,declared_forward_in_main_rdfs,,[],https://cidoc-crm.org/html/cidoc_crm_v7.1.3.html,diminished,data/document_harness/reference-cache/cidoc-7.1.3/CIDOC_CRM_v7.1.3.rdfs#P112_diminished
P112i_was_diminished_by,property,was diminished by,http://www.cidoc-crm.org/cidoc-crm/P112i_was_diminished_by,"[""http://www.cidoc-crm.org/cidoc-crm/E18_Physical_Thing""]","[""http://www.cidoc-crm.org/cidoc-crm/E80_Part_Removal""]","[""http://www.cidoc-crm.org/cidoc-crm/P31i_was_modified_by""]","[""http://www.cidoc-crm.org/cidoc-crm/P112_diminished""]",false,,main,data/document_harness/reference-cache/cidoc-7.1.3/CIDOC_CRM_v7.1.3.rdfs,7.1.3,rdf_encoding,P112,inverse,declared_inverse_in_main_rdfs,,[],https://cidoc-crm.org/html/cidoc_crm_v7.1.3.html,was diminished by,data/document_harness/reference-cache/cidoc-7.1.3/CIDOC_CRM_v7.1.3.rdfs#P112i_was_diminished_by
P113_removed,property,removed,http://www.cidoc-crm.org/cidoc-crm/P113_removed,"[""http://www.cidoc-crm.org/cidoc-crm/E80_Part_Removal""]","[""http://www.cidoc-crm.org/cidoc-crm/E18_Physical_Thing""]","[""http://www.cidoc-crm.org/cidoc-crm/P12_occurred_in_the_presence_of""]","[""http://www.cidoc-crm.org/cidoc-crm/P113i_was_removed_by""]",false,,main,data/document_harness/reference-cache/cidoc-7.1.3/CIDOC_CRM_v7.1.3.rdfs,7.1.3,rdf_encoding,P113,forward,declared_forward_in_main_rdfs,,[],https://cidoc-crm.org/html/cidoc_crm_v7.1.3.html,removed,data/document_harness/reference-cache/cidoc-7.1.3/CIDOC_CRM_v7.1.3.rdfs#P113_removed
P113i_was_removed_by,property,was removed by,http://www.cidoc-crm.org/cidoc-crm/P113i_was_removed_by,"[""http://www.cidoc-crm.org/cidoc-crm/E18_Physical_Thing""]","[""http://www.cidoc-crm.org/cidoc-crm/E80_Part_Removal""]","[""http://www.cidoc-crm.org/cidoc-crm/P12i_was_present_at""]","[""http://www.cidoc-crm.org/cidoc-crm/P113_removed""]",false,,main,data/document_harness/reference-cache/cidoc-7.1.3/CIDOC_CRM_v7.1.3.rdfs,7.1.3,rdf_encoding,P113,inverse,declared_inverse_in_main_rdfs,,[],https://cidoc-crm.org/html/cidoc_crm_v7.1.3.html,was removed by,data/document_harness/reference-cache/cidoc-7.1.3/CIDOC_CRM_v7.1.3.rdfs#P113i_was_removed_by
P11_had_participant,property,had participant,http://www.cidoc-crm.org/cidoc-crm/P11_had_participant,"[""http://www.cidoc-crm.org/cidoc-crm/E5_Event""]","[""http://www.cidoc-crm.org/cidoc-crm/E39_Actor""]","[""http://www.cidoc-crm.org/cidoc-crm/P12_occurred_in_the_presence_of""]","[""http://www.cidoc-crm.org/cidoc-crm/P11i_participated_in""]",false,,main,data/document_harness/reference-cache/cidoc-7.1.3/CIDOC_CRM_v7.1.3.rdfs,7.1.3,rdf_encoding,P11,forward,declared_forward_in_main_rdfs,,[],https://cidoc-crm.org/html/cidoc_crm_v7.1.3.html,had participant,data/document_harness/reference-cache/cidoc-7.1.3/CIDOC_CRM_v7.1.3.rdfs#P11_had_participant
P11i_participated_in,property,participated in,http://www.cidoc-crm.org/cidoc-crm/P11i_participated_in,"[""http://www.cidoc-crm.org/cidoc-crm/E39_Actor""]","[""http://www.cidoc-crm.org/cidoc-crm/E5_Event""]","[""http://www.cidoc-crm.org/cidoc-crm/P12i_was_present_at""]","[""http://www.cidoc-crm.org/cidoc-crm/P11_had_participant""]",false,,main,data/document_harness/reference-cache/cidoc-7.1.3/CIDOC_CRM_v7.1.3.rdfs,7.1.3,rdf_encoding,P11,inverse,declared_inverse_in_main_rdfs,,[],https://cidoc-crm.org/html/cidoc_crm_v7.1.3.html,participated in,data/document_harness/reference-cache/cidoc-7.1.3/CIDOC_CRM_v7.1.3.rdfs#P11i_participated_in
P121_overlaps_with,property,overlaps with,http://www.cidoc-crm.org/cidoc-crm/P121_overlaps_with,"[""http://www.cidoc-crm.org/cidoc-crm/E53_Place""]","[""http://www.cidoc-crm.org/cidoc-crm/E53_Place""]",[],[],false,,main,data/document_harness/reference-cache/cidoc-7.1.3/CIDOC_CRM_v7.1.3.rdfs,7.1.3,rdf_encoding,P121,forward,declared_forward_in_main_rdfs,,[],https://cidoc-crm.org/html/cidoc_crm_v7.1.3.html,overlaps with,data/document_harness/reference-cache/cidoc-7.1.3/CIDOC_CRM_v7.1.3.rdfs#P121_overlaps_with
P122_borders_with,property,borders with,http://www.cidoc-crm.org/cidoc-crm/P122_borders_with,"[""http://www.cidoc-crm.org/cidoc-crm/E53_Place""]","[""http://www.cidoc-crm.org/cidoc-crm/E53_Place""]",[],[],false,,main,data/document_harness/reference-cache/cidoc-7.1.3/CIDOC_CRM_v7.1.3.rdfs,7.1.3,rdf_encoding,P122,forward,declared_forward_in_main_rdfs,,[],https://cidoc-crm.org/html/cidoc_crm_v7.1.3.html,borders with,data/document_harness/reference-cache/cidoc-7.1.3/CIDOC_CRM_v7.1.3.rdfs#P122_borders_with
P123_resulted_in,property,resulted in,http://www.cidoc-crm.org/cidoc-crm/P123_resulted_in,"[""http://www.cidoc-crm.org/cidoc-crm/E81_Transformation""]","[""http://www.cidoc-crm.org/cidoc-crm/E18_Physical_Thing""]","[""http://www.cidoc-crm.org/cidoc-crm/P92_brought_into_existence""]","[""http://www.cidoc-crm.org/cidoc-crm/P123i_resulted_from""]",false,,main,data/document_harness/reference-cache/cidoc-7.1.3/CIDOC_CRM_v7.1.3.rdfs,7.1.3,rdf_encoding,P123,forward,declared_forward_in_main_rdfs,,[],https://cidoc-crm.org/html/cidoc_crm_v7.1.3.html,resulted in,data/document_harness/reference-cache/cidoc-7.1.3/CIDOC_CRM_v7.1.3.rdfs#P123_resulted_in
P123i_resulted_from,property,resulted from,http://www.cidoc-crm.org/cidoc-crm/P123i_resulted_from,"[""http://www.cidoc-crm.org/cidoc-crm/E18_Physical_Thing""]","[""http://www.cidoc-crm.org/cidoc-crm/E81_Transformation""]","[""http://www.cidoc-crm.org/cidoc-crm/P92i_was_brought_into_existence_by""]","[""http://www.cidoc-crm.org/cidoc-crm/P123_resulted_in""]",false,,main,data/document_harness/reference-cache/cidoc-7.1.3/CIDOC_CRM_v7.1.3.rdfs,7.1.3,rdf_encoding,P123,inverse,declared_inverse_in_main_rdfs,,[],https://cidoc-crm.org/html/cidoc_crm_v7.1.3.html,resulted from,data/document_harness/reference-cache/cidoc-7.1.3/CIDOC_CRM_v7.1.3.rdfs#P123i_resulted_from
P124_transformed,property,transformed,http://www.cidoc-crm.org/cidoc-crm/P124_transformed,"[""http://www.cidoc-crm.org/cidoc-crm/E81_Transformation""]","[""http://www.cidoc-crm.org/cidoc-crm/E18_Physical_Thing""]","[""http://www.cidoc-crm.org/cidoc-crm/P93_took_out_of_existence""]","[""http://www.cidoc-crm.org/cidoc-crm/P124i_was_transformed_by""]",false,,main,data/document_harness/reference-cache/cidoc-7.1.3/CIDOC_CRM_v7.1.3.rdfs,7.1.3,rdf_encoding,P124,forward,declared_forward_in_main_rdfs,,[],https://cidoc-crm.org/html/cidoc_crm_v7.1.3.html,transformed,data/document_harness/reference-cache/cidoc-7.1.3/CIDOC_CRM_v7.1.3.rdfs#P124_transformed
P124i_was_transformed_by,property,was transformed by,http://www.cidoc-crm.org/cidoc-crm/P124i_was_transformed_by,"[""http://www.cidoc-crm.org/cidoc-crm/E18_Physical_Thing""]","[""http://www.cidoc-crm.org/cidoc-crm/E81_Transformation""]","[""http://www.cidoc-crm.org/cidoc-crm/P93i_was_taken_out_of_existence_by""]","[""http://www.cidoc-crm.org/cidoc-crm/P124_transformed""]",false,,main,data/document_harness/reference-cache/cidoc-7.1.3/CIDOC_CRM_v7.1.3.rdfs,7.1.3,rdf_encoding,P124,inverse,declared_inverse_in_main_rdfs,,[],https://cidoc-crm.org/html/cidoc_crm_v7.1.3.html,was transformed by,data/document_harness/reference-cache/cidoc-7.1.3/CIDOC_CRM_v7.1.3.rdfs#P124i_was_transformed_by
P125_used_object_of_type,property,used object of type,http://www.cidoc-crm.org/cidoc-crm/P125_used_object_of_type,"[""http://www.cidoc-crm.org/cidoc-crm/E7_Activity""]","[""http://www.cidoc-crm.org/cidoc-crm/E55_Type""]",[],"[""http://www.cidoc-crm.org/cidoc-crm/P125i_was_type_of_object_used_in""]",false,,main,data/document_harness/reference-cache/cidoc-7.1.3/CIDOC_CRM_v7.1.3.rdfs,7.1.3,rdf_encoding,P125,forward,declared_forward_in_main_rdfs,,[],https://cidoc-crm.org/html/cidoc_crm_v7.1.3.html,used object of type,data/document_harness/reference-cache/cidoc-7.1.3/CIDOC_CRM_v7.1.3.rdfs#P125_used_object_of_type
P125i_was_type_of_object_used_in,property,was type of object used in,http://www.cidoc-crm.org/cidoc-crm/P125i_was_type_of_object_used_in,"[""http://www.cidoc-crm.org/cidoc-crm/E55_Type""]","[""http://www.cidoc-crm.org/cidoc-crm/E7_Activity""]",[],"[""http://www.cidoc-crm.org/cidoc-crm/P125_used_object_of_type""]",false,,main,data/document_harness/reference-cache/cidoc-7.1.3/CIDOC_CRM_v7.1.3.rdfs,7.1.3,rdf_encoding,P125,inverse,declared_inverse_in_main_rdfs,,[],https://cidoc-crm.org/html/cidoc_crm_v7.1.3.html,was type of object used in,data/document_harness/reference-cache/cidoc-7.1.3/CIDOC_CRM_v7.1.3.rdfs#P125i_was_type_of_object_used_in
P126_employed,property,employed,http://www.cidoc-crm.org/cidoc-crm/P126_employed,"[""http://www.cidoc-crm.org/cidoc-crm/E11_Modification""]","[""http://www.cidoc-crm.org/cidoc-crm/E57_Material""]",[],"[""http://www.cidoc-crm.org/cidoc-crm/P126i_was_employed_in""]",false,,main,data/document_harness/reference-cache/cidoc-7.1.3/CIDOC_CRM_v7.1.3.rdfs,7.1.3,rdf_encoding,P126,forward,declared_forward_in_main_rdfs,,[],https://cidoc-crm.org/html/cidoc_crm_v7.1.3.html,employed,data/document_harness/reference-cache/cidoc-7.1.3/CIDOC_CRM_v7.1.3.rdfs#P126_employed
P126i_was_employed_in,property,was employed in,http://www.cidoc-crm.org/cidoc-crm/P126i_was_employed_in,"[""http://www.cidoc-crm.org/cidoc-crm/E57_Material""]","[""http://www.cidoc-crm.org/cidoc-crm/E11_Modification""]",[],"[""http://www.cidoc-crm.org/cidoc-crm/P126_employed""]",false,,main,data/document_harness/reference-cache/cidoc-7.1.3/CIDOC_CRM_v7.1.3.rdfs,7.1.3,rdf_encoding,P126,inverse,declared_inverse_in_main_rdfs,,[],https://cidoc-crm.org/html/cidoc_crm_v7.1.3.html,was employed in,data/document_harness/reference-cache/cidoc-7.1.3/CIDOC_CRM_v7.1.3.rdfs#P126i_was_employed_in
P127_has_broader_term,property,has broader term,http://www.cidoc-crm.org/cidoc-crm/P127_has_broader_term,"[""http://www.cidoc-crm.org/cidoc-crm/E55_Type""]","[""http://www.cidoc-crm.org/cidoc-crm/E55_Type""]",[],"[""http://www.cidoc-crm.org/cidoc-crm/P127i_has_narrower_term""]",false,,main,data/document_harness/reference-cache/cidoc-7.1.3/CIDOC_CRM_v7.1.3.rdfs,7.1.3,rdf_encoding,P127,forward,declared_forward_in_main_rdfs,,[],https://cidoc-crm.org/html/cidoc_crm_v7.1.3.html,has broader term,data/document_harness/reference-cache/cidoc-7.1.3/CIDOC_CRM_v7.1.3.rdfs#P127_has_broader_term
P127i_has_narrower_term,property,has narrower term,http://www.cidoc-crm.org/cidoc-crm/P127i_has_narrower_term,"[""http://www.cidoc-crm.org/cidoc-crm/E55_Type""]","[""http://www.cidoc-crm.org/cidoc-crm/E55_Type""]",[],"[""http://www.cidoc-crm.org/cidoc-crm/P127_has_broader_term""]",false,,main,data/document_harness/reference-cache/cidoc-7.1.3/CIDOC_CRM_v7.1.3.rdfs,7.1.3,rdf_encoding,P127,inverse,declared_inverse_in_main_rdfs,,[],https://cidoc-crm.org/html/cidoc_crm_v7.1.3.html,has narrower term,data/document_harness/reference-cache/cidoc-7.1.3/CIDOC_CRM_v7.1.3.rdfs#P127i_has_narrower_term
P128_carries,property,carries,http://www.cidoc-crm.org/cidoc-crm/P128_carries,"[""http://www.cidoc-crm.org/cidoc-crm/E18_Physical_Thing""]","[""http://www.cidoc-crm.org/cidoc-crm/E90_Symbolic_Object""]","[""http://www.cidoc-crm.org/cidoc-crm/P130_shows_features_of""]","[""http://www.cidoc-crm.org/cidoc-crm/P128i_is_carried_by""]",false,,main,data/document_harness/reference-cache/cidoc-7.1.3/CIDOC_CRM_v7.1.3.rdfs,7.1.3,rdf_encoding,P128,forward,declared_forward_in_main_rdfs,,[],https://cidoc-crm.org/html/cidoc_crm_v7.1.3.html,carries,data/document_harness/reference-cache/cidoc-7.1.3/CIDOC_CRM_v7.1.3.rdfs#P128_carries
P128i_is_carried_by,property,is carried by,http://www.cidoc-crm.org/cidoc-crm/P128i_is_carried_by,"[""http://www.cidoc-crm.org/cidoc-crm/E90_Symbolic_Object""]","[""http://www.cidoc-crm.org/cidoc-crm/E18_Physical_Thing""]","[""http://www.cidoc-crm.org/cidoc-crm/P130i_features_are_also_found_on""]","[""http://www.cidoc-crm.org/cidoc-crm/P128_carries""]",false,,main,data/document_harness/reference-cache/cidoc-7.1.3/CIDOC_CRM_v7.1.3.rdfs,7.1.3,rdf_encoding,P128,inverse,declared_inverse_in_main_rdfs,,[],https://cidoc-crm.org/html/cidoc_crm_v7.1.3.html,is carried by,data/document_harness/reference-cache/cidoc-7.1.3/CIDOC_CRM_v7.1.3.rdfs#P128i_is_carried_by
P129_is_about,property,is about,http://www.cidoc-crm.org/cidoc-crm/P129_is_about,"[""http://www.cidoc-crm.org/cidoc-crm/E89_Propositional_Object""]","[""http://www.cidoc-crm.org/cidoc-crm/E1_CRM_Entity""]","[""http://www.cidoc-crm.org/cidoc-crm/P67_refers_to""]","[""http://www.cidoc-crm.org/cidoc-crm/P129i_is_subject_of""]",false,,main,data/document_harness/reference-cache/cidoc-7.1.3/CIDOC_CRM_v7.1.3.rdfs,7.1.3,rdf_encoding,P129,forward,declared_forward_in_main_rdfs,,[],https://cidoc-crm.org/html/cidoc_crm_v7.1.3.html,is about,data/document_harness/reference-cache/cidoc-7.1.3/CIDOC_CRM_v7.1.3.rdfs#P129_is_about
P129i_is_subject_of,property,is subject of,http://www.cidoc-crm.org/cidoc-crm/P129i_is_subject_of,"[""http://www.cidoc-crm.org/cidoc-crm/E1_CRM_Entity""]","[""http://www.cidoc-crm.org/cidoc-crm/E89_Propositional_Object""]","[""http://www.cidoc-crm.org/cidoc-crm/P67i_is_referred_to_by""]","[""http://www.cidoc-crm.org/cidoc-crm/P129_is_about""]",false,,main,data/document_harness/reference-cache/cidoc-7.1.3/CIDOC_CRM_v7.1.3.rdfs,7.1.3,rdf_encoding,P129,inverse,declared_inverse_in_main_rdfs,,[],https://cidoc-crm.org/html/cidoc_crm_v7.1.3.html,is subject of,data/document_harness/reference-cache/cidoc-7.1.3/CIDOC_CRM_v7.1.3.rdfs#P129i_is_subject_of
P12_occurred_in_the_presence_of,property,occurred in the presence of,http://www.cidoc-crm.org/cidoc-crm/P12_occurred_in_the_presence_of,"[""http://www.cidoc-crm.org/cidoc-crm/E5_Event""]","[""http://www.cidoc-crm.org/cidoc-crm/E77_Persistent_Item""]",[],"[""http://www.cidoc-crm.org/cidoc-crm/P12i_was_present_at""]",false,,main,data/document_harness/reference-cache/cidoc-7.1.3/CIDOC_CRM_v7.1.3.rdfs,7.1.3,rdf_encoding,P12,forward,declared_forward_in_main_rdfs,,[],https://cidoc-crm.org/html/cidoc_crm_v7.1.3.html,occurred in the presence of,data/document_harness/reference-cache/cidoc-7.1.3/CIDOC_CRM_v7.1.3.rdfs#P12_occurred_in_the_presence_of
P12i_was_present_at,property,was present at,http://www.cidoc-crm.org/cidoc-crm/P12i_was_present_at,"[""http://www.cidoc-crm.org/cidoc-crm/E77_Persistent_Item""]","[""http://www.cidoc-crm.org/cidoc-crm/E5_Event""]",[],"[""http://www.cidoc-crm.org/cidoc-crm/P12_occurred_in_the_presence_of""]",false,,main,data/document_harness/reference-cache/cidoc-7.1.3/CIDOC_CRM_v7.1.3.rdfs,7.1.3,rdf_encoding,P12,inverse,declared_inverse_in_main_rdfs,,[],https://cidoc-crm.org/html/cidoc_crm_v7.1.3.html,was present at,data/document_harness/reference-cache/cidoc-7.1.3/CIDOC_CRM_v7.1.3.rdfs#P12i_was_present_at
P130_shows_features_of,property,shows features of,http://www.cidoc-crm.org/cidoc-crm/P130_shows_features_of,"[""http://www.cidoc-crm.org/cidoc-crm/E70_Thing""]","[""http://www.cidoc-crm.org/cidoc-crm/E70_Thing""]",[],"[""http://www.cidoc-crm.org/cidoc-crm/P130i_features_are_also_found_on""]",false,,main,data/document_harness/reference-cache/cidoc-7.1.3/CIDOC_CRM_v7.1.3.rdfs,7.1.3,rdf_encoding,P130,forward,declared_forward_in_main_rdfs,,[],https://cidoc-crm.org/html/cidoc_crm_v7.1.3.html,shows features of,data/document_harness/reference-cache/cidoc-7.1.3/CIDOC_CRM_v7.1.3.rdfs#P130_shows_features_of
P130i_features_are_also_found_on,property,features are also found on,http://www.cidoc-crm.org/cidoc-crm/P130i_features_are_also_found_on,"[""http://www.cidoc-crm.org/cidoc-crm/E70_Thing""]","[""http://www.cidoc-crm.org/cidoc-crm/E70_Thing""]",[],"[""http://www.cidoc-crm.org/cidoc-crm/P130_shows_features_of""]",false,,main,data/document_harness/reference-cache/cidoc-7.1.3/CIDOC_CRM_v7.1.3.rdfs,7.1.3,rdf_encoding,P130,inverse,declared_inverse_in_main_rdfs,,[],https://cidoc-crm.org/html/cidoc_crm_v7.1.3.html,features are also found on,data/document_harness/reference-cache/cidoc-7.1.3/CIDOC_CRM_v7.1.3.rdfs#P130i_features_are_also_found_on
P132_spatiotemporally_overlaps_with,property,spatiotemporally overlaps with,http://www.cidoc-crm.org/cidoc-crm/P132_spatiotemporally_overlaps_with,"[""http://www.cidoc-crm.org/cidoc-crm/E92_Spacetime_Volume""]","[""http://www.cidoc-crm.org/cidoc-crm/E92_Spacetime_Volume""]",[],[],false,,main,data/document_harness/reference-cache/cidoc-7.1.3/CIDOC_CRM_v7.1.3.rdfs,7.1.3,rdf_encoding,P132,forward,declared_forward_in_main_rdfs,,[],https://cidoc-crm.org/html/cidoc_crm_v7.1.3.html,spatiotemporally overlaps with,data/document_harness/reference-cache/cidoc-7.1.3/CIDOC_CRM_v7.1.3.rdfs#P132_spatiotemporally_overlaps_with
P133_is_spatiotemporally_separated_from,property,is spatiotemporally separated from,http://www.cidoc-crm.org/cidoc-crm/P133_is_spatiotemporally_separated_from,"[""http://www.cidoc-crm.org/cidoc-crm/E92_Spacetime_Volume""]","[""http://www.cidoc-crm.org/cidoc-crm/E92_Spacetime_Volume""]",[],[],false,,main,data/document_harness/reference-cache/cidoc-7.1.3/CIDOC_CRM_v7.1.3.rdfs,7.1.3,rdf_encoding,P133,forward,declared_forward_in_main_rdfs,,[],https://cidoc-crm.org/html/cidoc_crm_v7.1.3.html,is spatiotemporally separated from,data/document_harness/reference-cache/cidoc-7.1.3/CIDOC_CRM_v7.1.3.rdfs#P133_is_spatiotemporally_separated_from
P134_continued,property,continued,http://www.cidoc-crm.org/cidoc-crm/P134_continued,"[""http://www.cidoc-crm.org/cidoc-crm/E7_Activity""]","[""http://www.cidoc-crm.org/cidoc-crm/E7_Activity""]","[""http://www.cidoc-crm.org/cidoc-crm/P15_was_influenced_by"",""http://www.cidoc-crm.org/cidoc-crm/P176i_starts_after_the_start_of""]","[""http://www.cidoc-crm.org/cidoc-crm/P134i_was_continued_by""]",false,,main,data/document_harness/reference-cache/cidoc-7.1.3/CIDOC_CRM_v7.1.3.rdfs,7.1.3,rdf_encoding,P134,forward,declared_forward_in_main_rdfs,,[],https://cidoc-crm.org/html/cidoc_crm_v7.1.3.html,continued,data/document_harness/reference-cache/cidoc-7.1.3/CIDOC_CRM_v7.1.3.rdfs#P134_continued
P134i_was_continued_by,property,was continued by,http://www.cidoc-crm.org/cidoc-crm/P134i_was_continued_by,"[""http://www.cidoc-crm.org/cidoc-crm/E7_Activity""]","[""http://www.cidoc-crm.org/cidoc-crm/E7_Activity""]","[""http://www.cidoc-crm.org/cidoc-crm/P15i_influenced"",""http://www.cidoc-crm.org/cidoc-crm/P176_starts_before_the_start_of""]","[""http://www.cidoc-crm.org/cidoc-crm/P134_continued""]",false,,main,data/document_harness/reference-cache/cidoc-7.1.3/CIDOC_CRM_v7.1.3.rdfs,7.1.3,rdf_encoding,P134,inverse,declared_inverse_in_main_rdfs,,[],https://cidoc-crm.org/html/cidoc_crm_v7.1.3.html,was continued by,data/document_harness/reference-cache/cidoc-7.1.3/CIDOC_CRM_v7.1.3.rdfs#P134i_was_continued_by
P135_created_type,property,created type,http://www.cidoc-crm.org/cidoc-crm/P135_created_type,"[""http://www.cidoc-crm.org/cidoc-crm/E83_Type_Creation""]","[""http://www.cidoc-crm.org/cidoc-crm/E55_Type""]","[""http://www.cidoc-crm.org/cidoc-crm/P94_has_created""]","[""http://www.cidoc-crm.org/cidoc-crm/P135i_was_created_by""]",false,,main,data/document_harness/reference-cache/cidoc-7.1.3/CIDOC_CRM_v7.1.3.rdfs,7.1.3,rdf_encoding,P135,forward,declared_forward_in_main_rdfs,,[],https://cidoc-crm.org/html/cidoc_crm_v7.1.3.html,created type,data/document_harness/reference-cache/cidoc-7.1.3/CIDOC_CRM_v7.1.3.rdfs#P135_created_type
P135i_was_created_by,property,was created by,http://www.cidoc-crm.org/cidoc-crm/P135i_was_created_by,"[""http://www.cidoc-crm.org/cidoc-crm/E55_Type""]","[""http://www.cidoc-crm.org/cidoc-crm/E83_Type_Creation""]","[""http://www.cidoc-crm.org/cidoc-crm/P94i_was_created_by""]","[""http://www.cidoc-crm.org/cidoc-crm/P135_created_type""]",false,,main,data/document_harness/reference-cache/cidoc-7.1.3/CIDOC_CRM_v7.1.3.rdfs,7.1.3,rdf_encoding,P135,inverse,declared_inverse_in_main_rdfs,,[],https://cidoc-crm.org/html/cidoc_crm_v7.1.3.html,was created by,data/document_harness/reference-cache/cidoc-7.1.3/CIDOC_CRM_v7.1.3.rdfs#P135i_was_created_by
P136_was_based_on,property,was based on,http://www.cidoc-crm.org/cidoc-crm/P136_was_based_on,"[""http://www.cidoc-crm.org/cidoc-crm/E83_Type_Creation""]","[""http://www.cidoc-crm.org/cidoc-crm/E1_CRM_Entity""]","[""http://www.cidoc-crm.org/cidoc-crm/P15_was_influenced_by""]","[""http://www.cidoc-crm.org/cidoc-crm/P136i_supported_type_creation""]",false,,main,data/document_harness/reference-cache/cidoc-7.1.3/CIDOC_CRM_v7.1.3.rdfs,7.1.3,rdf_encoding,P136,forward,declared_forward_in_main_rdfs,,[],https://cidoc-crm.org/html/cidoc_crm_v7.1.3.html,was based on,data/document_harness/reference-cache/cidoc-7.1.3/CIDOC_CRM_v7.1.3.rdfs#P136_was_based_on
P136i_supported_type_creation,property,supported type creation,http://www.cidoc-crm.org/cidoc-crm/P136i_supported_type_creation,"[""http://www.cidoc-crm.org/cidoc-crm/E1_CRM_Entity""]","[""http://www.cidoc-crm.org/cidoc-crm/E83_Type_Creation""]","[""http://www.cidoc-crm.org/cidoc-crm/P15i_influenced""]","[""http://www.cidoc-crm.org/cidoc-crm/P136_was_based_on""]",false,,main,data/document_harness/reference-cache/cidoc-7.1.3/CIDOC_CRM_v7.1.3.rdfs,7.1.3,rdf_encoding,P136,inverse,declared_inverse_in_main_rdfs,,[],https://cidoc-crm.org/html/cidoc_crm_v7.1.3.html,supported type creation,data/document_harness/reference-cache/cidoc-7.1.3/CIDOC_CRM_v7.1.3.rdfs#P136i_supported_type_creation
P137_exemplifies,property,exemplifies,http://www.cidoc-crm.org/cidoc-crm/P137_exemplifies,"[""http://www.cidoc-crm.org/cidoc-crm/E1_CRM_Entity""]","[""http://www.cidoc-crm.org/cidoc-crm/E55_Type""]","[""http://www.cidoc-crm.org/cidoc-crm/P2_has_type""]","[""http://www.cidoc-crm.org/cidoc-crm/P137i_is_exemplified_by""]",false,,main,data/document_harness/reference-cache/cidoc-7.1.3/CIDOC_CRM_v7.1.3.rdfs,7.1.3,rdf_encoding,P137,forward,declared_forward_in_main_rdfs,,[],https://cidoc-crm.org/html/cidoc_crm_v7.1.3.html,exemplifies,data/document_harness/reference-cache/cidoc-7.1.3/CIDOC_CRM_v7.1.3.rdfs#P137_exemplifies
P137i_is_exemplified_by,property,is exemplified by,http://www.cidoc-crm.org/cidoc-crm/P137i_is_exemplified_by,"[""http://www.cidoc-crm.org/cidoc-crm/E55_Type""]","[""http://www.cidoc-crm.org/cidoc-crm/E1_CRM_Entity""]","[""http://www.cidoc-crm.org/cidoc-crm/P2i_is_type_of""]","[""http://www.cidoc-crm.org/cidoc-crm/P137_exemplifies""]",false,,main,data/document_harness/reference-cache/cidoc-7.1.3/CIDOC_CRM_v7.1.3.rdfs,7.1.3,rdf_encoding,P137,inverse,declared_inverse_in_main_rdfs,,[],https://cidoc-crm.org/html/cidoc_crm_v7.1.3.html,is exemplified by,data/document_harness/reference-cache/cidoc-7.1.3/CIDOC_CRM_v7.1.3.rdfs#P137i_is_exemplified_by
P138_represents,property,represents,http://www.cidoc-crm.org/cidoc-crm/P138_represents,"[""http://www.cidoc-crm.org/cidoc-crm/E36_Visual_Item""]","[""http://www.cidoc-crm.org/cidoc-crm/E1_CRM_Entity""]","[""http://www.cidoc-crm.org/cidoc-crm/P67_refers_to""]","[""http://www.cidoc-crm.org/cidoc-crm/P138i_has_representation""]",false,,main,data/document_harness/reference-cache/cidoc-7.1.3/CIDOC_CRM_v7.1.3.rdfs,7.1.3,rdf_encoding,P138,forward,declared_forward_in_main_rdfs,,[],https://cidoc-crm.org/html/cidoc_crm_v7.1.3.html,represents,data/document_harness/reference-cache/cidoc-7.1.3/CIDOC_CRM_v7.1.3.rdfs#P138_represents
P138i_has_representation,property,has representation,http://www.cidoc-crm.org/cidoc-crm/P138i_has_representation,"[""http://www.cidoc-crm.org/cidoc-crm/E1_CRM_Entity""]","[""http://www.cidoc-crm.org/cidoc-crm/E36_Visual_Item""]","[""http://www.cidoc-crm.org/cidoc-crm/P67i_is_referred_to_by""]","[""http://www.cidoc-crm.org/cidoc-crm/P138_represents""]",false,,main,data/document_harness/reference-cache/cidoc-7.1.3/CIDOC_CRM_v7.1.3.rdfs,7.1.3,rdf_encoding,P138,inverse,declared_inverse_in_main_rdfs,,[],https://cidoc-crm.org/html/cidoc_crm_v7.1.3.html,has representation,data/document_harness/reference-cache/cidoc-7.1.3/CIDOC_CRM_v7.1.3.rdfs#P138i_has_representation
P139_has_alternative_form,property,has alternative form,http://www.cidoc-crm.org/cidoc-crm/P139_has_alternative_form,"[""http://www.cidoc-crm.org/cidoc-crm/E41_Appellation""]","[""http://www.cidoc-crm.org/cidoc-crm/E41_Appellation""]",[],"[""http://www.cidoc-crm.org/cidoc-crm/P139i_is_alternative_form_of""]",false,,main,data/document_harness/reference-cache/cidoc-7.1.3/CIDOC_CRM_v7.1.3.rdfs,7.1.3,rdf_encoding,P139,forward,declared_forward_in_main_rdfs,,[],https://cidoc-crm.org/html/cidoc_crm_v7.1.3.html,has alternative form,data/document_harness/reference-cache/cidoc-7.1.3/CIDOC_CRM_v7.1.3.rdfs#P139_has_alternative_form
P139i_is_alternative_form_of,property,is alternative form of,http://www.cidoc-crm.org/cidoc-crm/P139i_is_alternative_form_of,"[""http://www.cidoc-crm.org/cidoc-crm/E41_Appellation""]","[""http://www.cidoc-crm.org/cidoc-crm/E41_Appellation""]",[],"[""http://www.cidoc-crm.org/cidoc-crm/P139_has_alternative_form""]",false,,main,data/document_harness/reference-cache/cidoc-7.1.3/CIDOC_CRM_v7.1.3.rdfs,7.1.3,rdf_encoding,P139,inverse,declared_inverse_in_main_rdfs,,[],https://cidoc-crm.org/html/cidoc_crm_v7.1.3.html,is alternative form of,data/document_harness/reference-cache/cidoc-7.1.3/CIDOC_CRM_v7.1.3.rdfs#P139i_is_alternative_form_of
P13_destroyed,property,destroyed,http://www.cidoc-crm.org/cidoc-crm/P13_destroyed,"[""http://www.cidoc-crm.org/cidoc-crm/E6_Destruction""]","[""http://www.cidoc-crm.org/cidoc-crm/E18_Physical_Thing""]","[""http://www.cidoc-crm.org/cidoc-crm/P93_took_out_of_existence""]","[""http://www.cidoc-crm.org/cidoc-crm/P13i_was_destroyed_by""]",false,,main,data/document_harness/reference-cache/cidoc-7.1.3/CIDOC_CRM_v7.1.3.rdfs,7.1.3,rdf_encoding,P13,forward,declared_forward_in_main_rdfs,,[],https://cidoc-crm.org/html/cidoc_crm_v7.1.3.html,destroyed,data/document_harness/reference-cache/cidoc-7.1.3/CIDOC_CRM_v7.1.3.rdfs#P13_destroyed
P13i_was_destroyed_by,property,was destroyed by,http://www.cidoc-crm.org/cidoc-crm/P13i_was_destroyed_by,"[""http://www.cidoc-crm.org/cidoc-crm/E18_Physical_Thing""]","[""http://www.cidoc-crm.org/cidoc-crm/E6_Destruction""]","[""http://www.cidoc-crm.org/cidoc-crm/P93i_was_taken_out_of_existence_by""]","[""http://www.cidoc-crm.org/cidoc-crm/P13_destroyed""]",false,,main,data/document_harness/reference-cache/cidoc-7.1.3/CIDOC_CRM_v7.1.3.rdfs,7.1.3,rdf_encoding,P13,inverse,declared_inverse_in_main_rdfs,,[],https://cidoc-crm.org/html/cidoc_crm_v7.1.3.html,was destroyed by,data/document_harness/reference-cache/cidoc-7.1.3/CIDOC_CRM_v7.1.3.rdfs#P13i_was_destroyed_by
P140_assigned_attribute_to,property,assigned attribute to,http://www.cidoc-crm.org/cidoc-crm/P140_assigned_attribute_to,"[""http://www.cidoc-crm.org/cidoc-crm/E13_Attribute_Assignment""]","[""http://www.cidoc-crm.org/cidoc-crm/E1_CRM_Entity""]",[],"[""http://www.cidoc-crm.org/cidoc-crm/P140i_was_attributed_by""]",false,,main,data/document_harness/reference-cache/cidoc-7.1.3/CIDOC_CRM_v7.1.3.rdfs,7.1.3,rdf_encoding,P140,forward,declared_forward_in_main_rdfs,,[],https://cidoc-crm.org/html/cidoc_crm_v7.1.3.html,assigned attribute to,data/document_harness/reference-cache/cidoc-7.1.3/CIDOC_CRM_v7.1.3.rdfs#P140_assigned_attribute_to
P140i_was_attributed_by,property,was attributed by,http://www.cidoc-crm.org/cidoc-crm/P140i_was_attributed_by,"[""http://www.cidoc-crm.org/cidoc-crm/E1_CRM_Entity""]","[""http://www.cidoc-crm.org/cidoc-crm/E13_Attribute_Assignment""]",[],"[""http://www.cidoc-crm.org/cidoc-crm/P140_assigned_attribute_to""]",false,,main,data/document_harness/reference-cache/cidoc-7.1.3/CIDOC_CRM_v7.1.3.rdfs,7.1.3,rdf_encoding,P140,inverse,declared_inverse_in_main_rdfs,,[],https://cidoc-crm.org/html/cidoc_crm_v7.1.3.html,was attributed by,data/document_harness/reference-cache/cidoc-7.1.3/CIDOC_CRM_v7.1.3.rdfs#P140i_was_attributed_by
P141_assigned,property,assigned,http://www.cidoc-crm.org/cidoc-crm/P141_assigned,"[""http://www.cidoc-crm.org/cidoc-crm/E13_Attribute_Assignment""]","[""http://www.cidoc-crm.org/cidoc-crm/E1_CRM_Entity""]",[],"[""http://www.cidoc-crm.org/cidoc-crm/P141i_was_assigned_by""]",false,,main,data/document_harness/reference-cache/cidoc-7.1.3/CIDOC_CRM_v7.1.3.rdfs,7.1.3,rdf_encoding,P141,forward,declared_forward_in_main_rdfs,,[],https://cidoc-crm.org/html/cidoc_crm_v7.1.3.html,assigned,data/document_harness/reference-cache/cidoc-7.1.3/CIDOC_CRM_v7.1.3.rdfs#P141_assigned
P141i_was_assigned_by,property,was assigned by,http://www.cidoc-crm.org/cidoc-crm/P141i_was_assigned_by,"[""http://www.cidoc-crm.org/cidoc-crm/E1_CRM_Entity""]","[""http://www.cidoc-crm.org/cidoc-crm/E13_Attribute_Assignment""]",[],"[""http://www.cidoc-crm.org/cidoc-crm/P141_assigned""]",false,,main,data/document_harness/reference-cache/cidoc-7.1.3/CIDOC_CRM_v7.1.3.rdfs,7.1.3,rdf_encoding,P141,inverse,declared_inverse_in_main_rdfs,,[],https://cidoc-crm.org/html/cidoc_crm_v7.1.3.html,was assigned by,data/document_harness/reference-cache/cidoc-7.1.3/CIDOC_CRM_v7.1.3.rdfs#P141i_was_assigned_by
P142_used_constituent,property,used constituent,http://www.cidoc-crm.org/cidoc-crm/P142_used_constituent,"[""http://www.cidoc-crm.org/cidoc-crm/E15_Identifier_Assignment""]","[""http://www.cidoc-crm.org/cidoc-crm/E90_Symbolic_Object""]","[""http://www.cidoc-crm.org/cidoc-crm/P16_used_specific_object""]","[""http://www.cidoc-crm.org/cidoc-crm/P142i_was_used_in""]",false,,main,data/document_harness/reference-cache/cidoc-7.1.3/CIDOC_CRM_v7.1.3.rdfs,7.1.3,rdf_encoding,P142,forward,declared_forward_in_main_rdfs,,[],https://cidoc-crm.org/html/cidoc_crm_v7.1.3.html,used constituent,data/document_harness/reference-cache/cidoc-7.1.3/CIDOC_CRM_v7.1.3.rdfs#P142_used_constituent
P142i_was_used_in,property,was used in,http://www.cidoc-crm.org/cidoc-crm/P142i_was_used_in,"[""http://www.cidoc-crm.org/cidoc-crm/E90_Symbolic_Object""]","[""http://www.cidoc-crm.org/cidoc-crm/E15_Identifier_Assignment""]","[""http://www.cidoc-crm.org/cidoc-crm/P16i_was_used_for""]","[""http://www.cidoc-crm.org/cidoc-crm/P142_used_constituent""]",false,,main,data/document_harness/reference-cache/cidoc-7.1.3/CIDOC_CRM_v7.1.3.rdfs,7.1.3,rdf_encoding,P142,inverse,declared_inverse_in_main_rdfs,,[],https://cidoc-crm.org/html/cidoc_crm_v7.1.3.html,was used in,data/document_harness/reference-cache/cidoc-7.1.3/CIDOC_CRM_v7.1.3.rdfs#P142i_was_used_in
P143_joined,property,joined,http://www.cidoc-crm.org/cidoc-crm/P143_joined,"[""http://www.cidoc-crm.org/cidoc-crm/E85_Joining""]","[""http://www.cidoc-crm.org/cidoc-crm/E39_Actor""]","[""http://www.cidoc-crm.org/cidoc-crm/P11_had_participant""]","[""http://www.cidoc-crm.org/cidoc-crm/P143i_was_joined_by""]",false,,main,data/document_harness/reference-cache/cidoc-7.1.3/CIDOC_CRM_v7.1.3.rdfs,7.1.3,rdf_encoding,P143,forward,declared_forward_in_main_rdfs,,[],https://cidoc-crm.org/html/cidoc_crm_v7.1.3.html,joined,data/document_harness/reference-cache/cidoc-7.1.3/CIDOC_CRM_v7.1.3.rdfs#P143_joined
P143i_was_joined_by,property,was joined by,http://www.cidoc-crm.org/cidoc-crm/P143i_was_joined_by,"[""http://www.cidoc-crm.org/cidoc-crm/E39_Actor""]","[""http://www.cidoc-crm.org/cidoc-crm/E85_Joining""]","[""http://www.cidoc-crm.org/cidoc-crm/P11i_participated_in""]","[""http://www.cidoc-crm.org/cidoc-crm/P143_joined""]",false,,main,data/document_harness/reference-cache/cidoc-7.1.3/CIDOC_CRM_v7.1.3.rdfs,7.1.3,rdf_encoding,P143,inverse,declared_inverse_in_main_rdfs,,[],https://cidoc-crm.org/html/cidoc_crm_v7.1.3.html,was joined by,data/document_harness/reference-cache/cidoc-7.1.3/CIDOC_CRM_v7.1.3.rdfs#P143i_was_joined_by
P144_joined_with,property,joined with,http://www.cidoc-crm.org/cidoc-crm/P144_joined_with,"[""http://www.cidoc-crm.org/cidoc-crm/E85_Joining""]","[""http://www.cidoc-crm.org/cidoc-crm/E74_Group""]","[""http://www.cidoc-crm.org/cidoc-crm/P11_had_participant""]","[""http://www.cidoc-crm.org/cidoc-crm/P144i_gained_member_by""]",false,,main,data/document_harness/reference-cache/cidoc-7.1.3/CIDOC_CRM_v7.1.3.rdfs,7.1.3,rdf_encoding,P144,forward,declared_forward_in_main_rdfs,,[],https://cidoc-crm.org/html/cidoc_crm_v7.1.3.html,joined with,data/document_harness/reference-cache/cidoc-7.1.3/CIDOC_CRM_v7.1.3.rdfs#P144_joined_with
P144i_gained_member_by,property,gained member by,http://www.cidoc-crm.org/cidoc-crm/P144i_gained_member_by,"[""http://www.cidoc-crm.org/cidoc-crm/E74_Group""]","[""http://www.cidoc-crm.org/cidoc-crm/E85_Joining""]","[""http://www.cidoc-crm.org/cidoc-crm/P11i_participated_in""]","[""http://www.cidoc-crm.org/cidoc-crm/P144_joined_with""]",false,,main,data/document_harness/reference-cache/cidoc-7.1.3/CIDOC_CRM_v7.1.3.rdfs,7.1.3,rdf_encoding,P144,inverse,declared_inverse_in_main_rdfs,,[],https://cidoc-crm.org/html/cidoc_crm_v7.1.3.html,gained member by,data/document_harness/reference-cache/cidoc-7.1.3/CIDOC_CRM_v7.1.3.rdfs#P144i_gained_member_by
P145_separated,property,separated,http://www.cidoc-crm.org/cidoc-crm/P145_separated,"[""http://www.cidoc-crm.org/cidoc-crm/E86_Leaving""]","[""http://www.cidoc-crm.org/cidoc-crm/E39_Actor""]","[""http://www.cidoc-crm.org/cidoc-crm/P11_had_participant""]","[""http://www.cidoc-crm.org/cidoc-crm/P145i_left_by""]",false,,main,data/document_harness/reference-cache/cidoc-7.1.3/CIDOC_CRM_v7.1.3.rdfs,7.1.3,rdf_encoding,P145,forward,declared_forward_in_main_rdfs,,[],https://cidoc-crm.org/html/cidoc_crm_v7.1.3.html,separated,data/document_harness/reference-cache/cidoc-7.1.3/CIDOC_CRM_v7.1.3.rdfs#P145_separated
P145i_left_by,property,left by,http://www.cidoc-crm.org/cidoc-crm/P145i_left_by,"[""http://www.cidoc-crm.org/cidoc-crm/E39_Actor""]","[""http://www.cidoc-crm.org/cidoc-crm/E86_Leaving""]","[""http://www.cidoc-crm.org/cidoc-crm/P11i_participated_in""]","[""http://www.cidoc-crm.org/cidoc-crm/P145_separated""]",false,,main,data/document_harness/reference-cache/cidoc-7.1.3/CIDOC_CRM_v7.1.3.rdfs,7.1.3,rdf_encoding,P145,inverse,declared_inverse_in_main_rdfs,,[],https://cidoc-crm.org/html/cidoc_crm_v7.1.3.html,left by,data/document_harness/reference-cache/cidoc-7.1.3/CIDOC_CRM_v7.1.3.rdfs#P145i_left_by
P146_separated_from,property,separated from,http://www.cidoc-crm.org/cidoc-crm/P146_separated_from,"[""http://www.cidoc-crm.org/cidoc-crm/E86_Leaving""]","[""http://www.cidoc-crm.org/cidoc-crm/E74_Group""]","[""http://www.cidoc-crm.org/cidoc-crm/P11_had_participant""]","[""http://www.cidoc-crm.org/cidoc-crm/P146i_lost_member_by""]",false,,main,data/document_harness/reference-cache/cidoc-7.1.3/CIDOC_CRM_v7.1.3.rdfs,7.1.3,rdf_encoding,P146,forward,declared_forward_in_main_rdfs,,[],https://cidoc-crm.org/html/cidoc_crm_v7.1.3.html,separated from,data/document_harness/reference-cache/cidoc-7.1.3/CIDOC_CRM_v7.1.3.rdfs#P146_separated_from
P146i_lost_member_by,property,lost member by,http://www.cidoc-crm.org/cidoc-crm/P146i_lost_member_by,"[""http://www.cidoc-crm.org/cidoc-crm/E74_Group""]","[""http://www.cidoc-crm.org/cidoc-crm/E86_Leaving""]","[""http://www.cidoc-crm.org/cidoc-crm/P11i_participated_in""]","[""http://www.cidoc-crm.org/cidoc-crm/P146_separated_from""]",false,,main,data/document_harness/reference-cache/cidoc-7.1.3/CIDOC_CRM_v7.1.3.rdfs,7.1.3,rdf_encoding,P146,inverse,declared_inverse_in_main_rdfs,,[],https://cidoc-crm.org/html/cidoc_crm_v7.1.3.html,lost member by,data/document_harness/reference-cache/cidoc-7.1.3/CIDOC_CRM_v7.1.3.rdfs#P146i_lost_member_by
P147_curated,property,curated,http://www.cidoc-crm.org/cidoc-crm/P147_curated,"[""http://www.cidoc-crm.org/cidoc-crm/E87_Curation_Activity""]","[""http://www.cidoc-crm.org/cidoc-crm/E78_Curated_Holding""]",[],"[""http://www.cidoc-crm.org/cidoc-crm/P147i_was_curated_by""]",false,,main,data/document_harness/reference-cache/cidoc-7.1.3/CIDOC_CRM_v7.1.3.rdfs,7.1.3,rdf_encoding,P147,forward,declared_forward_in_main_rdfs,,[],https://cidoc-crm.org/html/cidoc_crm_v7.1.3.html,curated,data/document_harness/reference-cache/cidoc-7.1.3/CIDOC_CRM_v7.1.3.rdfs#P147_curated
P147i_was_curated_by,property,was curated by,http://www.cidoc-crm.org/cidoc-crm/P147i_was_curated_by,"[""http://www.cidoc-crm.org/cidoc-crm/E78_Curated_Holding""]","[""http://www.cidoc-crm.org/cidoc-crm/E87_Curation_Activity""]",[],"[""http://www.cidoc-crm.org/cidoc-crm/P147_curated""]",false,,main,data/document_harness/reference-cache/cidoc-7.1.3/CIDOC_CRM_v7.1.3.rdfs,7.1.3,rdf_encoding,P147,inverse,declared_inverse_in_main_rdfs,,[],https://cidoc-crm.org/html/cidoc_crm_v7.1.3.html,was curated by,data/document_harness/reference-cache/cidoc-7.1.3/CIDOC_CRM_v7.1.3.rdfs#P147i_was_curated_by
P148_has_component,property,has component,http://www.cidoc-crm.org/cidoc-crm/P148_has_component,"[""http://www.cidoc-crm.org/cidoc-crm/E89_Propositional_Object""]","[""http://www.cidoc-crm.org/cidoc-crm/E89_Propositional_Object""]",[],"[""http://www.cidoc-crm.org/cidoc-crm/P148i_is_component_of""]",false,,main,data/document_harness/reference-cache/cidoc-7.1.3/CIDOC_CRM_v7.1.3.rdfs,7.1.3,rdf_encoding,P148,forward,declared_forward_in_main_rdfs,,[],https://cidoc-crm.org/html/cidoc_crm_v7.1.3.html,has component,data/document_harness/reference-cache/cidoc-7.1.3/CIDOC_CRM_v7.1.3.rdfs#P148_has_component
P148i_is_component_of,property,is component of,http://www.cidoc-crm.org/cidoc-crm/P148i_is_component_of,"[""http://www.cidoc-crm.org/cidoc-crm/E89_Propositional_Object""]","[""http://www.cidoc-crm.org/cidoc-crm/E89_Propositional_Object""]",[],"[""http://www.cidoc-crm.org/cidoc-crm/P148_has_component""]",false,,main,data/document_harness/reference-cache/cidoc-7.1.3/CIDOC_CRM_v7.1.3.rdfs,7.1.3,rdf_encoding,P148,inverse,declared_inverse_in_main_rdfs,,[],https://cidoc-crm.org/html/cidoc_crm_v7.1.3.html,is component of,data/document_harness/reference-cache/cidoc-7.1.3/CIDOC_CRM_v7.1.3.rdfs#P148i_is_component_of
P14_carried_out_by,property,carried out by,http://www.cidoc-crm.org/cidoc-crm/P14_carried_out_by,"[""http://www.cidoc-crm.org/cidoc-crm/E7_Activity""]","[""http://www.cidoc-crm.org/cidoc-crm/E39_Actor""]","[""http://www.cidoc-crm.org/cidoc-crm/P11_had_participant""]","[""http://www.cidoc-crm.org/cidoc-crm/P14i_performed""]",false,,main,data/document_harness/reference-cache/cidoc-7.1.3/CIDOC_CRM_v7.1.3.rdfs,7.1.3,rdf_encoding,P14,forward,declared_forward_in_main_rdfs,,[],https://cidoc-crm.org/html/cidoc_crm_v7.1.3.html,carried out by,data/document_harness/reference-cache/cidoc-7.1.3/CIDOC_CRM_v7.1.3.rdfs#P14_carried_out_by
P14i_performed,property,performed,http://www.cidoc-crm.org/cidoc-crm/P14i_performed,"[""http://www.cidoc-crm.org/cidoc-crm/E39_Actor""]","[""http://www.cidoc-crm.org/cidoc-crm/E7_Activity""]","[""http://www.cidoc-crm.org/cidoc-crm/P11i_participated_in""]","[""http://www.cidoc-crm.org/cidoc-crm/P14_carried_out_by""]",false,,main,data/document_harness/reference-cache/cidoc-7.1.3/CIDOC_CRM_v7.1.3.rdfs,7.1.3,rdf_encoding,P14,inverse,declared_inverse_in_main_rdfs,,[],https://cidoc-crm.org/html/cidoc_crm_v7.1.3.html,performed,data/document_harness/reference-cache/cidoc-7.1.3/CIDOC_CRM_v7.1.3.rdfs#P14i_performed
P150_defines_typical_parts_of,property,defines typical parts of,http://www.cidoc-crm.org/cidoc-crm/P150_defines_typical_parts_of,"[""http://www.cidoc-crm.org/cidoc-crm/E55_Type""]","[""http://www.cidoc-crm.org/cidoc-crm/E55_Type""]",[],"[""http://www.cidoc-crm.org/cidoc-crm/P150i_defines_typical_wholes_for""]",false,,main,data/document_harness/reference-cache/cidoc-7.1.3/CIDOC_CRM_v7.1.3.rdfs,7.1.3,rdf_encoding,P150,forward,declared_forward_in_main_rdfs,,[],https://cidoc-crm.org/html/cidoc_crm_v7.1.3.html,defines typical parts of,data/document_harness/reference-cache/cidoc-7.1.3/CIDOC_CRM_v7.1.3.rdfs#P150_defines_typical_parts_of
P150i_defines_typical_wholes_for,property,defines typical wholes for,http://www.cidoc-crm.org/cidoc-crm/P150i_defines_typical_wholes_for,"[""http://www.cidoc-crm.org/cidoc-crm/E55_Type""]","[""http://www.cidoc-crm.org/cidoc-crm/E55_Type""]",[],"[""http://www.cidoc-crm.org/cidoc-crm/P150_defines_typical_parts_of""]",false,,main,data/document_harness/reference-cache/cidoc-7.1.3/CIDOC_CRM_v7.1.3.rdfs,7.1.3,rdf_encoding,P150,inverse,declared_inverse_in_main_rdfs,,[],https://cidoc-crm.org/html/cidoc_crm_v7.1.3.html,defines typical wholes for,data/document_harness/reference-cache/cidoc-7.1.3/CIDOC_CRM_v7.1.3.rdfs#P150i_defines_typical_wholes_for
P151_was_formed_from,property,was formed from,http://www.cidoc-crm.org/cidoc-crm/P151_was_formed_from,"[""http://www.cidoc-crm.org/cidoc-crm/E66_Formation""]","[""http://www.cidoc-crm.org/cidoc-crm/E74_Group""]","[""http://www.cidoc-crm.org/cidoc-crm/P11_had_participant""]","[""http://www.cidoc-crm.org/cidoc-crm/P151i_participated_in""]",false,,main,data/document_harness/reference-cache/cidoc-7.1.3/CIDOC_CRM_v7.1.3.rdfs,7.1.3,rdf_encoding,P151,forward,declared_forward_in_main_rdfs,,[],https://cidoc-crm.org/html/cidoc_crm_v7.1.3.html,was formed from,data/document_harness/reference-cache/cidoc-7.1.3/CIDOC_CRM_v7.1.3.rdfs#P151_was_formed_from
P151i_participated_in,property,participated in,http://www.cidoc-crm.org/cidoc-crm/P151i_participated_in,"[""http://www.cidoc-crm.org/cidoc-crm/E74_Group""]","[""http://www.cidoc-crm.org/cidoc-crm/E66_Formation""]","[""http://www.cidoc-crm.org/cidoc-crm/P11i_participated_in""]","[""http://www.cidoc-crm.org/cidoc-crm/P151_was_formed_from""]",false,,main,data/document_harness/reference-cache/cidoc-7.1.3/CIDOC_CRM_v7.1.3.rdfs,7.1.3,rdf_encoding,P151,inverse,declared_inverse_in_main_rdfs,,[],https://cidoc-crm.org/html/cidoc_crm_v7.1.3.html,participated in,data/document_harness/reference-cache/cidoc-7.1.3/CIDOC_CRM_v7.1.3.rdfs#P151i_participated_in
P152_has_parent,property,has parent,http://www.cidoc-crm.org/cidoc-crm/P152_has_parent,"[""http://www.cidoc-crm.org/cidoc-crm/E21_Person""]","[""http://www.cidoc-crm.org/cidoc-crm/E21_Person""]",[],"[""http://www.cidoc-crm.org/cidoc-crm/P152i_is_parent_of""]",false,,main,data/document_harness/reference-cache/cidoc-7.1.3/CIDOC_CRM_v7.1.3.rdfs,7.1.3,rdf_encoding,P152,forward,declared_forward_in_main_rdfs,,[],https://cidoc-crm.org/html/cidoc_crm_v7.1.3.html,has parent,data/document_harness/reference-cache/cidoc-7.1.3/CIDOC_CRM_v7.1.3.rdfs#P152_has_parent
P152i_is_parent_of,property,is parent of,http://www.cidoc-crm.org/cidoc-crm/P152i_is_parent_of,"[""http://www.cidoc-crm.org/cidoc-crm/E21_Person""]","[""http://www.cidoc-crm.org/cidoc-crm/E21_Person""]",[],"[""http://www.cidoc-crm.org/cidoc-crm/P152_has_parent""]",false,,main,data/document_harness/reference-cache/cidoc-7.1.3/CIDOC_CRM_v7.1.3.rdfs,7.1.3,rdf_encoding,P152,inverse,declared_inverse_in_main_rdfs,,[],https://cidoc-crm.org/html/cidoc_crm_v7.1.3.html,is parent of,data/document_harness/reference-cache/cidoc-7.1.3/CIDOC_CRM_v7.1.3.rdfs#P152i_is_parent_of
P156_occupies,property,occupies,http://www.cidoc-crm.org/cidoc-crm/P156_occupies,"[""http://www.cidoc-crm.org/cidoc-crm/E18_Physical_Thing""]","[""http://www.cidoc-crm.org/cidoc-crm/E53_Place""]","[""http://www.cidoc-crm.org/cidoc-crm/P53_has_former_or_current_location"",""http://www.cidoc-crm.org/cidoc-crm/P157i_provides_reference_space_for""]","[""http://www.cidoc-crm.org/cidoc-crm/P156i_is_occupied_by""]",false,,main,data/document_harness/reference-cache/cidoc-7.1.3/CIDOC_CRM_v7.1.3.rdfs,7.1.3,rdf_encoding,P156,forward,declared_forward_in_main_rdfs,,[],https://cidoc-crm.org/html/cidoc_crm_v7.1.3.html,occupies,data/document_harness/reference-cache/cidoc-7.1.3/CIDOC_CRM_v7.1.3.rdfs#P156_occupies
P156i_is_occupied_by,property,is occupied by,http://www.cidoc-crm.org/cidoc-crm/P156i_is_occupied_by,"[""http://www.cidoc-crm.org/cidoc-crm/E53_Place""]","[""http://www.cidoc-crm.org/cidoc-crm/E18_Physical_Thing""]","[""http://www.cidoc-crm.org/cidoc-crm/P53i_is_former_or_current_location_of"",""http://www.cidoc-crm.org/cidoc-crm/P157_is_at_rest_relative_to""]","[""http://www.cidoc-crm.org/cidoc-crm/P156_occupies""]",false,,main,data/document_harness/reference-cache/cidoc-7.1.3/CIDOC_CRM_v7.1.3.rdfs,7.1.3,rdf_encoding,P156,inverse,declared_inverse_in_main_rdfs,,[],https://cidoc-crm.org/html/cidoc_crm_v7.1.3.html,is occupied by,data/document_harness/reference-cache/cidoc-7.1.3/CIDOC_CRM_v7.1.3.rdfs#P156i_is_occupied_by
P157_is_at_rest_relative_to,property,is at rest relative to,http://www.cidoc-crm.org/cidoc-crm/P157_is_at_rest_relative_to,"[""http://www.cidoc-crm.org/cidoc-crm/E53_Place""]","[""http://www.cidoc-crm.org/cidoc-crm/E18_Physical_Thing""]",[],"[""http://www.cidoc-crm.org/cidoc-crm/P157i_provides_reference_space_for""]",false,,main,data/document_harness/reference-cache/cidoc-7.1.3/CIDOC_CRM_v7.1.3.rdfs,7.1.3,rdf_encoding,P157,forward,declared_forward_in_main_rdfs,,[],https://cidoc-crm.org/html/cidoc_crm_v7.1.3.html,is at rest relative to,data/document_harness/reference-cache/cidoc-7.1.3/CIDOC_CRM_v7.1.3.rdfs#P157_is_at_rest_relative_to
P157i_provides_reference_space_for,property,provides reference space for,http://www.cidoc-crm.org/cidoc-crm/P157i_provides_reference_space_for,"[""http://www.cidoc-crm.org/cidoc-crm/E18_Physical_Thing""]","[""http://www.cidoc-crm.org/cidoc-crm/E53_Place""]",[],"[""http://www.cidoc-crm.org/cidoc-crm/P157_is_at_rest_relative_to""]",false,,main,data/document_harness/reference-cache/cidoc-7.1.3/CIDOC_CRM_v7.1.3.rdfs,7.1.3,rdf_encoding,P157,inverse,declared_inverse_in_main_rdfs,,[],https://cidoc-crm.org/html/cidoc_crm_v7.1.3.html,provides reference space for,data/document_harness/reference-cache/cidoc-7.1.3/CIDOC_CRM_v7.1.3.rdfs#P157i_provides_reference_space_for
P15_was_influenced_by,property,was influenced by,http://www.cidoc-crm.org/cidoc-crm/P15_was_influenced_by,"[""http://www.cidoc-crm.org/cidoc-crm/E7_Activity""]","[""http://www.cidoc-crm.org/cidoc-crm/E1_CRM_Entity""]",[],"[""http://www.cidoc-crm.org/cidoc-crm/P15i_influenced""]",false,,main,data/document_harness/reference-cache/cidoc-7.1.3/CIDOC_CRM_v7.1.3.rdfs,7.1.3,rdf_encoding,P15,forward,declared_forward_in_main_rdfs,,[],https://cidoc-crm.org/html/cidoc_crm_v7.1.3.html,was influenced by,data/document_harness/reference-cache/cidoc-7.1.3/CIDOC_CRM_v7.1.3.rdfs#P15_was_influenced_by
P15i_influenced,property,influenced,http://www.cidoc-crm.org/cidoc-crm/P15i_influenced,"[""http://www.cidoc-crm.org/cidoc-crm/E1_CRM_Entity""]","[""http://www.cidoc-crm.org/cidoc-crm/E7_Activity""]",[],"[""http://www.cidoc-crm.org/cidoc-crm/P15_was_influenced_by""]",false,,main,data/document_harness/reference-cache/cidoc-7.1.3/CIDOC_CRM_v7.1.3.rdfs,7.1.3,rdf_encoding,P15,inverse,declared_inverse_in_main_rdfs,,[],https://cidoc-crm.org/html/cidoc_crm_v7.1.3.html,influenced,data/document_harness/reference-cache/cidoc-7.1.3/CIDOC_CRM_v7.1.3.rdfs#P15i_influenced
P160_has_temporal_projection,property,has temporal projection,http://www.cidoc-crm.org/cidoc-crm/P160_has_temporal_projection,"[""http://www.cidoc-crm.org/cidoc-crm/E92_Spacetime_Volume""]","[""http://www.cidoc-crm.org/cidoc-crm/E52_Time-Span""]",[],"[""http://www.cidoc-crm.org/cidoc-crm/P160i_is_temporal_projection_of""]",false,,main,data/document_harness/reference-cache/cidoc-7.1.3/CIDOC_CRM_v7.1.3.rdfs,7.1.3,rdf_encoding,P160,forward,declared_forward_in_main_rdfs,,[],https://cidoc-crm.org/html/cidoc_crm_v7.1.3.html,has temporal projection,data/document_harness/reference-cache/cidoc-7.1.3/CIDOC_CRM_v7.1.3.rdfs#P160_has_temporal_projection
P160i_is_temporal_projection_of,property,is temporal projection of,http://www.cidoc-crm.org/cidoc-crm/P160i_is_temporal_projection_of,"[""http://www.cidoc-crm.org/cidoc-crm/E52_Time-Span""]","[""http://www.cidoc-crm.org/cidoc-crm/E92_Spacetime_Volume""]",[],"[""http://www.cidoc-crm.org/cidoc-crm/P160_has_temporal_projection""]",false,,main,data/document_harness/reference-cache/cidoc-7.1.3/CIDOC_CRM_v7.1.3.rdfs,7.1.3,rdf_encoding,P160,inverse,declared_inverse_in_main_rdfs,,[],https://cidoc-crm.org/html/cidoc_crm_v7.1.3.html,is temporal projection of,data/document_harness/reference-cache/cidoc-7.1.3/CIDOC_CRM_v7.1.3.rdfs#P160i_is_temporal_projection_of
P161_has_spatial_projection,property,has spatial projection,http://www.cidoc-crm.org/cidoc-crm/P161_has_spatial_projection,"[""http://www.cidoc-crm.org/cidoc-crm/E92_Spacetime_Volume""]","[""http://www.cidoc-crm.org/cidoc-crm/E53_Place""]",[],"[""http://www.cidoc-crm.org/cidoc-crm/P161i_is_spatial_projection_of""]",false,,main,data/document_harness/reference-cache/cidoc-7.1.3/CIDOC_CRM_v7.1.3.rdfs,7.1.3,rdf_encoding,P161,forward,declared_forward_in_main_rdfs,,[],https://cidoc-crm.org/html/cidoc_crm_v7.1.3.html,has spatial projection,data/document_harness/reference-cache/cidoc-7.1.3/CIDOC_CRM_v7.1.3.rdfs#P161_has_spatial_projection
P161i_is_spatial_projection_of,property,is spatial projection of,http://www.cidoc-crm.org/cidoc-crm/P161i_is_spatial_projection_of,"[""http://www.cidoc-crm.org/cidoc-crm/E53_Place""]","[""http://www.cidoc-crm.org/cidoc-crm/E92_Spacetime_Volume""]",[],"[""http://www.cidoc-crm.org/cidoc-crm/P161_has_spatial_projection""]",false,,main,data/document_harness/reference-cache/cidoc-7.1.3/CIDOC_CRM_v7.1.3.rdfs,7.1.3,rdf_encoding,P161,inverse,declared_inverse_in_main_rdfs,,[],https://cidoc-crm.org/html/cidoc_crm_v7.1.3.html,is spatial projection of,data/document_harness/reference-cache/cidoc-7.1.3/CIDOC_CRM_v7.1.3.rdfs#P161i_is_spatial_projection_of
P164_is_temporally_specified_by,property,is temporally specified by,http://www.cidoc-crm.org/cidoc-crm/P164_is_temporally_specified_by,"[""http://www.cidoc-crm.org/cidoc-crm/E93_Presence""]","[""http://www.cidoc-crm.org/cidoc-crm/E52_Time-Span""]","[""http://www.cidoc-crm.org/cidoc-crm/P160_has_temporal_projection""]","[""http://www.cidoc-crm.org/cidoc-crm/P164i_temporally_specifies""]",false,,main,data/document_harness/reference-cache/cidoc-7.1.3/CIDOC_CRM_v7.1.3.rdfs,7.1.3,rdf_encoding,P164,forward,declared_forward_in_main_rdfs,,[],https://cidoc-crm.org/html/cidoc_crm_v7.1.3.html,is temporally specified by,data/document_harness/reference-cache/cidoc-7.1.3/CIDOC_CRM_v7.1.3.rdfs#P164_is_temporally_specified_by
P164i_temporally_specifies,property,temporally specifies,http://www.cidoc-crm.org/cidoc-crm/P164i_temporally_specifies,"[""http://www.cidoc-crm.org/cidoc-crm/E52_Time-Span""]","[""http://www.cidoc-crm.org/cidoc-crm/E93_Presence""]","[""http://www.cidoc-crm.org/cidoc-crm/P160i_is_temporal_projection_of""]","[""http://www.cidoc-crm.org/cidoc-crm/P164_is_temporally_specified_by""]",false,,main,data/document_harness/reference-cache/cidoc-7.1.3/CIDOC_CRM_v7.1.3.rdfs,7.1.3,rdf_encoding,P164,inverse,declared_inverse_in_main_rdfs,,[],https://cidoc-crm.org/html/cidoc_crm_v7.1.3.html,temporally specifies,data/document_harness/reference-cache/cidoc-7.1.3/CIDOC_CRM_v7.1.3.rdfs#P164i_temporally_specifies
P165_incorporates,property,incorporates,http://www.cidoc-crm.org/cidoc-crm/P165_incorporates,"[""http://www.cidoc-crm.org/cidoc-crm/E73_Information_Object""]","[""http://www.cidoc-crm.org/cidoc-crm/E90_Symbolic_Object""]","[""http://www.cidoc-crm.org/cidoc-crm/P106_is_composed_of""]","[""http://www.cidoc-crm.org/cidoc-crm/P165i_is_incorporated_in""]",false,,main,data/document_harness/reference-cache/cidoc-7.1.3/CIDOC_CRM_v7.1.3.rdfs,7.1.3,rdf_encoding,P165,forward,declared_forward_in_main_rdfs,,[],https://cidoc-crm.org/html/cidoc_crm_v7.1.3.html,incorporates,data/document_harness/reference-cache/cidoc-7.1.3/CIDOC_CRM_v7.1.3.rdfs#P165_incorporates
P165i_is_incorporated_in,property,is incorporated in,http://www.cidoc-crm.org/cidoc-crm/P165i_is_incorporated_in,"[""http://www.cidoc-crm.org/cidoc-crm/E90_Symbolic_Object""]","[""http://www.cidoc-crm.org/cidoc-crm/E73_Information_Object""]","[""http://www.cidoc-crm.org/cidoc-crm/P106i_forms_part_of""]","[""http://www.cidoc-crm.org/cidoc-crm/P165_incorporates""]",false,,main,data/document_harness/reference-cache/cidoc-7.1.3/CIDOC_CRM_v7.1.3.rdfs,7.1.3,rdf_encoding,P165,inverse,declared_inverse_in_main_rdfs,,[],https://cidoc-crm.org/html/cidoc_crm_v7.1.3.html,is incorporated in,data/document_harness/reference-cache/cidoc-7.1.3/CIDOC_CRM_v7.1.3.rdfs#P165i_is_incorporated_in
P166_was_a_presence_of,property,was a presence of,http://www.cidoc-crm.org/cidoc-crm/P166_was_a_presence_of,"[""http://www.cidoc-crm.org/cidoc-crm/E93_Presence""]","[""http://www.cidoc-crm.org/cidoc-crm/E92_Spacetime_Volume""]","[""http://www.cidoc-crm.org/cidoc-crm/P10_falls_within""]","[""http://www.cidoc-crm.org/cidoc-crm/P166i_had_presence""]",false,,main,data/document_harness/reference-cache/cidoc-7.1.3/CIDOC_CRM_v7.1.3.rdfs,7.1.3,rdf_encoding,P166,forward,declared_forward_in_main_rdfs,,[],https://cidoc-crm.org/html/cidoc_crm_v7.1.3.html,was a presence of,data/document_harness/reference-cache/cidoc-7.1.3/CIDOC_CRM_v7.1.3.rdfs#P166_was_a_presence_of
P166i_had_presence,property,had presence,http://www.cidoc-crm.org/cidoc-crm/P166i_had_presence,"[""http://www.cidoc-crm.org/cidoc-crm/E92_Spacetime_Volume""]","[""http://www.cidoc-crm.org/cidoc-crm/E93_Presence""]","[""http://www.cidoc-crm.org/cidoc-crm/P10i_contains""]","[""http://www.cidoc-crm.org/cidoc-crm/P166_was_a_presence_of""]",false,,main,data/document_harness/reference-cache/cidoc-7.1.3/CIDOC_CRM_v7.1.3.rdfs,7.1.3,rdf_encoding,P166,inverse,declared_inverse_in_main_rdfs,,[],https://cidoc-crm.org/html/cidoc_crm_v7.1.3.html,had presence,data/document_harness/reference-cache/cidoc-7.1.3/CIDOC_CRM_v7.1.3.rdfs#P166i_had_presence
P167_was_within,property,was within,http://www.cidoc-crm.org/cidoc-crm/P167_was_within,"[""http://www.cidoc-crm.org/cidoc-crm/E93_Presence""]","[""http://www.cidoc-crm.org/cidoc-crm/E53_Place""]",[],"[""http://www.cidoc-crm.org/cidoc-crm/P167i_includes""]",false,,main,data/document_harness/reference-cache/cidoc-7.1.3/CIDOC_CRM_v7.1.3.rdfs,7.1.3,rdf_encoding,P167,forward,declared_forward_in_main_rdfs,,[],https://cidoc-crm.org/html/cidoc_crm_v7.1.3.html,was within,data/document_harness/reference-cache/cidoc-7.1.3/CIDOC_CRM_v7.1.3.rdfs#P167_was_within
P167i_includes,property,includes,http://www.cidoc-crm.org/cidoc-crm/P167i_includes,"[""http://www.cidoc-crm.org/cidoc-crm/E53_Place""]","[""http://www.cidoc-crm.org/cidoc-crm/E93_Presence""]",[],"[""http://www.cidoc-crm.org/cidoc-crm/P167_was_within""]",false,,main,data/document_harness/reference-cache/cidoc-7.1.3/CIDOC_CRM_v7.1.3.rdfs,7.1.3,rdf_encoding,P167,inverse,declared_inverse_in_main_rdfs,,[],https://cidoc-crm.org/html/cidoc_crm_v7.1.3.html,includes,data/document_harness/reference-cache/cidoc-7.1.3/CIDOC_CRM_v7.1.3.rdfs#P167i_includes
P168_place_is_defined_by,property,place is defined by,http://www.cidoc-crm.org/cidoc-crm/P168_place_is_defined_by,"[""http://www.cidoc-crm.org/cidoc-crm/E53_Place""]","[""http://www.w3.org/2000/01/rdf-schema#Literal""]",[],[],false,,main,data/document_harness/reference-cache/cidoc-7.1.3/CIDOC_CRM_v7.1.3.rdfs,7.1.3,rdf_encoding,P168,forward,declared_forward_in_main_rdfs,rdfs:Literal declared as range in this RDFS encoding,[],https://cidoc-crm.org/html/cidoc_crm_v7.1.3.html,place is defined by,data/document_harness/reference-cache/cidoc-7.1.3/CIDOC_CRM_v7.1.3.rdfs#P168_place_is_defined_by
P169i_spacetime_volume_is_defined_by,property,spacetime volume is defined by,http://www.cidoc-crm.org/cidoc-crm/P169i_spacetime_volume_is_defined_by,"[""http://www.cidoc-crm.org/cidoc-crm/E92_Spacetime_Volume""]","[""http://www.w3.org/2000/01/rdf-schema#Literal""]",[],[],false,,main,data/document_harness/reference-cache/cidoc-7.1.3/CIDOC_CRM_v7.1.3.rdfs,7.1.3,rdf_encoding,P169,inverse,declared_inverse_in_main_rdfs,rdfs:Literal declared as range in this RDFS encoding,[],https://cidoc-crm.org/html/cidoc_crm_v7.1.3.html,spacetime volume is defined by,data/document_harness/reference-cache/cidoc-7.1.3/CIDOC_CRM_v7.1.3.rdfs#P169i_spacetime_volume_is_defined_by
P16_used_specific_object,property,used specific object,http://www.cidoc-crm.org/cidoc-crm/P16_used_specific_object,"[""http://www.cidoc-crm.org/cidoc-crm/E7_Activity""]","[""http://www.cidoc-crm.org/cidoc-crm/E70_Thing""]","[""http://www.cidoc-crm.org/cidoc-crm/P12_occurred_in_the_presence_of"",""http://www.cidoc-crm.org/cidoc-crm/P15_was_influenced_by""]","[""http://www.cidoc-crm.org/cidoc-crm/P16i_was_used_for""]",false,,main,data/document_harness/reference-cache/cidoc-7.1.3/CIDOC_CRM_v7.1.3.rdfs,7.1.3,rdf_encoding,P16,forward,declared_forward_in_main_rdfs,,[],https://cidoc-crm.org/html/cidoc_crm_v7.1.3.html,used specific object,data/document_harness/reference-cache/cidoc-7.1.3/CIDOC_CRM_v7.1.3.rdfs#P16_used_specific_object
P16i_was_used_for,property,was used for,http://www.cidoc-crm.org/cidoc-crm/P16i_was_used_for,"[""http://www.cidoc-crm.org/cidoc-crm/E70_Thing""]","[""http://www.cidoc-crm.org/cidoc-crm/E7_Activity""]","[""http://www.cidoc-crm.org/cidoc-crm/P12i_was_present_at"",""http://www.cidoc-crm.org/cidoc-crm/P15i_influenced""]","[""http://www.cidoc-crm.org/cidoc-crm/P16_used_specific_object""]",false,,main,data/document_harness/reference-cache/cidoc-7.1.3/CIDOC_CRM_v7.1.3.rdfs,7.1.3,rdf_encoding,P16,inverse,declared_inverse_in_main_rdfs,,[],https://cidoc-crm.org/html/cidoc_crm_v7.1.3.html,was used for,data/document_harness/reference-cache/cidoc-7.1.3/CIDOC_CRM_v7.1.3.rdfs#P16i_was_used_for
P170i_time_is_defined_by,property,time is defined by,http://www.cidoc-crm.org/cidoc-crm/P170i_time_is_defined_by,"[""http://www.cidoc-crm.org/cidoc-crm/E52_Time-Span""]","[""http://www.w3.org/2000/01/rdf-schema#Literal""]",[],[],false,,main,data/document_harness/reference-cache/cidoc-7.1.3/CIDOC_CRM_v7.1.3.rdfs,7.1.3,rdf_encoding,P170,inverse,declared_inverse_in_main_rdfs,rdfs:Literal declared as range in this RDFS encoding,[],https://cidoc-crm.org/html/cidoc_crm_v7.1.3.html,time is defined by,data/document_harness/reference-cache/cidoc-7.1.3/CIDOC_CRM_v7.1.3.rdfs#P170i_time_is_defined_by
P171_at_some_place_within,property,at some place within,http://www.cidoc-crm.org/cidoc-crm/P171_at_some_place_within,"[""http://www.cidoc-crm.org/cidoc-crm/E53_Place""]","[""http://www.w3.org/2000/01/rdf-schema#Literal""]",[],[],false,,main,data/document_harness/reference-cache/cidoc-7.1.3/CIDOC_CRM_v7.1.3.rdfs,7.1.3,rdf_encoding,P171,forward,declared_forward_in_main_rdfs,rdfs:Literal declared as range in this RDFS encoding,[],https://cidoc-crm.org/html/cidoc_crm_v7.1.3.html,at some place within,data/document_harness/reference-cache/cidoc-7.1.3/CIDOC_CRM_v7.1.3.rdfs#P171_at_some_place_within
P172_contains,property,contains,http://www.cidoc-crm.org/cidoc-crm/P172_contains,"[""http://www.cidoc-crm.org/cidoc-crm/E53_Place""]","[""http://www.w3.org/2000/01/rdf-schema#Literal""]",[],[],false,,main,data/document_harness/reference-cache/cidoc-7.1.3/CIDOC_CRM_v7.1.3.rdfs,7.1.3,rdf_encoding,P172,forward,declared_forward_in_main_rdfs,rdfs:Literal declared as range in this RDFS encoding,[],https://cidoc-crm.org/html/cidoc_crm_v7.1.3.html,contains,data/document_harness/reference-cache/cidoc-7.1.3/CIDOC_CRM_v7.1.3.rdfs#P172_contains
P173_starts_before_or_with_the_end_of,property,starts before or with the end of,http://www.cidoc-crm.org/cidoc-crm/P173_starts_before_or_with_the_end_of,"[""http://www.cidoc-crm.org/cidoc-crm/E2_Temporal_Entity""]","[""http://www.cidoc-crm.org/cidoc-crm/E2_Temporal_Entity""]",[],"[""http://www.cidoc-crm.org/cidoc-crm/P173i_ends_after_or_with_the_start_of""]",false,,main,data/document_harness/reference-cache/cidoc-7.1.3/CIDOC_CRM_v7.1.3.rdfs,7.1.3,rdf_encoding,P173,forward,declared_forward_in_main_rdfs,,[],https://cidoc-crm.org/html/cidoc_crm_v7.1.3.html,starts before or with the end of,data/document_harness/reference-cache/cidoc-7.1.3/CIDOC_CRM_v7.1.3.rdfs#P173_starts_before_or_with_the_end_of
P173i_ends_after_or_with_the_start_of,property,ends after or with the start of,http://www.cidoc-crm.org/cidoc-crm/P173i_ends_after_or_with_the_start_of,"[""http://www.cidoc-crm.org/cidoc-crm/E2_Temporal_Entity""]","[""http://www.cidoc-crm.org/cidoc-crm/E2_Temporal_Entity""]",[],"[""http://www.cidoc-crm.org/cidoc-crm/P173_starts_before_or_with_the_end_of""]",false,,main,data/document_harness/reference-cache/cidoc-7.1.3/CIDOC_CRM_v7.1.3.rdfs,7.1.3,rdf_encoding,P173,inverse,declared_inverse_in_main_rdfs,,[],https://cidoc-crm.org/html/cidoc_crm_v7.1.3.html,ends after or with the start of,data/document_harness/reference-cache/cidoc-7.1.3/CIDOC_CRM_v7.1.3.rdfs#P173i_ends_after_or_with_the_start_of
P174_starts_before_the_end_of,property,starts before the end of,http://www.cidoc-crm.org/cidoc-crm/P174_starts_before_the_end_of,"[""http://www.cidoc-crm.org/cidoc-crm/E2_Temporal_Entity""]","[""http://www.cidoc-crm.org/cidoc-crm/E2_Temporal_Entity""]","[""http://www.cidoc-crm.org/cidoc-crm/P173_starts_before_or_with_the_end_of""]","[""http://www.cidoc-crm.org/cidoc-crm/P174i_ends_after_the_start_of""]",false,,main,data/document_harness/reference-cache/cidoc-7.1.3/CIDOC_CRM_v7.1.3.rdfs,7.1.3,rdf_encoding,P174,forward,declared_forward_in_main_rdfs,,[],https://cidoc-crm.org/html/cidoc_crm_v7.1.3.html,starts before the end of,data/document_harness/reference-cache/cidoc-7.1.3/CIDOC_CRM_v7.1.3.rdfs#P174_starts_before_the_end_of
P174i_ends_after_the_start_of,property,ends after the start of,http://www.cidoc-crm.org/cidoc-crm/P174i_ends_after_the_start_of,"[""http://www.cidoc-crm.org/cidoc-crm/E2_Temporal_Entity""]","[""http://www.cidoc-crm.org/cidoc-crm/E2_Temporal_Entity""]","[""http://www.cidoc-crm.org/cidoc-crm/P173i_ends_after_or_with_the_start_of""]","[""http://www.cidoc-crm.org/cidoc-crm/P174_starts_before_the_end_of""]",false,,main,data/document_harness/reference-cache/cidoc-7.1.3/CIDOC_CRM_v7.1.3.rdfs,7.1.3,rdf_encoding,P174,inverse,declared_inverse_in_main_rdfs,,[],https://cidoc-crm.org/html/cidoc_crm_v7.1.3.html,ends after the start of,data/document_harness/reference-cache/cidoc-7.1.3/CIDOC_CRM_v7.1.3.rdfs#P174i_ends_after_the_start_of
P175_starts_before_or_with_the_start_of,property,starts before or with the start of,http://www.cidoc-crm.org/cidoc-crm/P175_starts_before_or_with_the_start_of,"[""http://www.cidoc-crm.org/cidoc-crm/E2_Temporal_Entity""]","[""http://www.cidoc-crm.org/cidoc-crm/E2_Temporal_Entity""]","[""http://www.cidoc-crm.org/cidoc-crm/P174_starts_before_the_end_of""]","[""http://www.cidoc-crm.org/cidoc-crm/P175i_starts_after_or_with_the_start_of""]",false,,main,data/document_harness/reference-cache/cidoc-7.1.3/CIDOC_CRM_v7.1.3.rdfs,7.1.3,rdf_encoding,P175,forward,declared_forward_in_main_rdfs,,[],https://cidoc-crm.org/html/cidoc_crm_v7.1.3.html,starts before or with the start of,data/document_harness/reference-cache/cidoc-7.1.3/CIDOC_CRM_v7.1.3.rdfs#P175_starts_before_or_with_the_start_of
P175i_starts_after_or_with_the_start_of,property,starts after or with the start of,http://www.cidoc-crm.org/cidoc-crm/P175i_starts_after_or_with_the_start_of,"[""http://www.cidoc-crm.org/cidoc-crm/E2_Temporal_Entity""]","[""http://www.cidoc-crm.org/cidoc-crm/E2_Temporal_Entity""]","[""http://www.cidoc-crm.org/cidoc-crm/P174i_ends_after_the_start_of""]","[""http://www.cidoc-crm.org/cidoc-crm/P175_starts_before_or_with_the_start_of""]",false,,main,data/document_harness/reference-cache/cidoc-7.1.3/CIDOC_CRM_v7.1.3.rdfs,7.1.3,rdf_encoding,P175,inverse,declared_inverse_in_main_rdfs,,[],https://cidoc-crm.org/html/cidoc_crm_v7.1.3.html,starts after or with the start of,data/document_harness/reference-cache/cidoc-7.1.3/CIDOC_CRM_v7.1.3.rdfs#P175i_starts_after_or_with_the_start_of
P176_starts_before_the_start_of,property,starts before the start of,http://www.cidoc-crm.org/cidoc-crm/P176_starts_before_the_start_of,"[""http://www.cidoc-crm.org/cidoc-crm/E2_Temporal_Entity""]","[""http://www.cidoc-crm.org/cidoc-crm/E2_Temporal_Entity""]","[""http://www.cidoc-crm.org/cidoc-crm/P175_starts_before_or_with_the_start_of""]","[""http://www.cidoc-crm.org/cidoc-crm/P176i_starts_after_the_start_of""]",false,,main,data/document_harness/reference-cache/cidoc-7.1.3/CIDOC_CRM_v7.1.3.rdfs,7.1.3,rdf_encoding,P176,forward,declared_forward_in_main_rdfs,,[],https://cidoc-crm.org/html/cidoc_crm_v7.1.3.html,starts before the start of,data/document_harness/reference-cache/cidoc-7.1.3/CIDOC_CRM_v7.1.3.rdfs#P176_starts_before_the_start_of
P176i_starts_after_the_start_of,property,starts after the start of,http://www.cidoc-crm.org/cidoc-crm/P176i_starts_after_the_start_of,"[""http://www.cidoc-crm.org/cidoc-crm/E2_Temporal_Entity""]","[""http://www.cidoc-crm.org/cidoc-crm/E2_Temporal_Entity""]","[""http://www.cidoc-crm.org/cidoc-crm/P175i_starts_after_or_with_the_start_of""]","[""http://www.cidoc-crm.org/cidoc-crm/P176_starts_before_the_start_of""]",false,,main,data/document_harness/reference-cache/cidoc-7.1.3/CIDOC_CRM_v7.1.3.rdfs,7.1.3,rdf_encoding,P176,inverse,declared_inverse_in_main_rdfs,,[],https://cidoc-crm.org/html/cidoc_crm_v7.1.3.html,starts after the start of,data/document_harness/reference-cache/cidoc-7.1.3/CIDOC_CRM_v7.1.3.rdfs#P176i_starts_after_the_start_of
P177_assigned_property_of_type,property,assigned property of type,http://www.cidoc-crm.org/cidoc-crm/P177_assigned_property_of_type,"[""http://www.cidoc-crm.org/cidoc-crm/E13_Attribute_Assignment""]","[""http://www.cidoc-crm.org/cidoc-crm/E55_Type""]","[""http://www.cidoc-crm.org/cidoc-crm/P2_has_type""]","[""http://www.cidoc-crm.org/cidoc-crm/P177i_is_type_of_property_assigned""]",false,,main,data/document_harness/reference-cache/cidoc-7.1.3/CIDOC_CRM_v7.1.3.rdfs,7.1.3,rdf_encoding,P177,forward,declared_forward_in_main_rdfs,,[],https://cidoc-crm.org/html/cidoc_crm_v7.1.3.html,assigned property of type,data/document_harness/reference-cache/cidoc-7.1.3/CIDOC_CRM_v7.1.3.rdfs#P177_assigned_property_of_type
P177i_is_type_of_property_assigned,property,is type of property assigned,http://www.cidoc-crm.org/cidoc-crm/P177i_is_type_of_property_assigned,"[""http://www.cidoc-crm.org/cidoc-crm/E55_Type""]","[""http://www.cidoc-crm.org/cidoc-crm/E13_Attribute_Assignment""]","[""http://www.cidoc-crm.org/cidoc-crm/P2i_is_type_of""]","[""http://www.cidoc-crm.org/cidoc-crm/P177_assigned_property_of_type""]",false,,main,data/document_harness/reference-cache/cidoc-7.1.3/CIDOC_CRM_v7.1.3.rdfs,7.1.3,rdf_encoding,P177,inverse,declared_inverse_in_main_rdfs,,[],https://cidoc-crm.org/html/cidoc_crm_v7.1.3.html,is type of property assigned,data/document_harness/reference-cache/cidoc-7.1.3/CIDOC_CRM_v7.1.3.rdfs#P177i_is_type_of_property_assigned
P179_had_sales_price,property,had sales price,http://www.cidoc-crm.org/cidoc-crm/P179_had_sales_price,"[""http://www.cidoc-crm.org/cidoc-crm/E96_Purchase""]","[""http://www.cidoc-crm.org/cidoc-crm/E97_Monetary_Amount""]",[],"[""http://www.cidoc-crm.org/cidoc-crm/P179i_was_sales_price_of""]",false,,main,data/document_harness/reference-cache/cidoc-7.1.3/CIDOC_CRM_v7.1.3.rdfs,7.1.3,rdf_encoding,P179,forward,declared_forward_in_main_rdfs,,[],https://cidoc-crm.org/html/cidoc_crm_v7.1.3.html,had sales price,data/document_harness/reference-cache/cidoc-7.1.3/CIDOC_CRM_v7.1.3.rdfs#P179_had_sales_price
P179i_was_sales_price_of,property,was sales price of,http://www.cidoc-crm.org/cidoc-crm/P179i_was_sales_price_of,"[""http://www.cidoc-crm.org/cidoc-crm/E97_Monetary_Amount""]","[""http://www.cidoc-crm.org/cidoc-crm/E96_Purchase""]",[],"[""http://www.cidoc-crm.org/cidoc-crm/P179_had_sales_price""]",false,,main,data/document_harness/reference-cache/cidoc-7.1.3/CIDOC_CRM_v7.1.3.rdfs,7.1.3,rdf_encoding,P179,inverse,declared_inverse_in_main_rdfs,,[],https://cidoc-crm.org/html/cidoc_crm_v7.1.3.html,was sales price of,data/document_harness/reference-cache/cidoc-7.1.3/CIDOC_CRM_v7.1.3.rdfs#P179i_was_sales_price_of
P17_was_motivated_by,property,was motivated by,http://www.cidoc-crm.org/cidoc-crm/P17_was_motivated_by,"[""http://www.cidoc-crm.org/cidoc-crm/E7_Activity""]","[""http://www.cidoc-crm.org/cidoc-crm/E1_CRM_Entity""]","[""http://www.cidoc-crm.org/cidoc-crm/P15_was_influenced_by""]","[""http://www.cidoc-crm.org/cidoc-crm/P17i_motivated""]",false,,main,data/document_harness/reference-cache/cidoc-7.1.3/CIDOC_CRM_v7.1.3.rdfs,7.1.3,rdf_encoding,P17,forward,declared_forward_in_main_rdfs,,[],https://cidoc-crm.org/html/cidoc_crm_v7.1.3.html,was motivated by,data/document_harness/reference-cache/cidoc-7.1.3/CIDOC_CRM_v7.1.3.rdfs#P17_was_motivated_by
P17i_motivated,property,motivated,http://www.cidoc-crm.org/cidoc-crm/P17i_motivated,"[""http://www.cidoc-crm.org/cidoc-crm/E1_CRM_Entity""]","[""http://www.cidoc-crm.org/cidoc-crm/E7_Activity""]","[""http://www.cidoc-crm.org/cidoc-crm/P15i_influenced""]","[""http://www.cidoc-crm.org/cidoc-crm/P17_was_motivated_by""]",false,,main,data/document_harness/reference-cache/cidoc-7.1.3/CIDOC_CRM_v7.1.3.rdfs,7.1.3,rdf_encoding,P17,inverse,declared_inverse_in_main_rdfs,,[],https://cidoc-crm.org/html/cidoc_crm_v7.1.3.html,motivated,data/document_harness/reference-cache/cidoc-7.1.3/CIDOC_CRM_v7.1.3.rdfs#P17i_motivated
P180_has_currency,property,has currency,http://www.cidoc-crm.org/cidoc-crm/P180_has_currency,"[""http://www.cidoc-crm.org/cidoc-crm/E97_Monetary_Amount""]","[""http://www.cidoc-crm.org/cidoc-crm/E98_Currency""]","[""http://www.cidoc-crm.org/cidoc-crm/P91_has_unit""]","[""http://www.cidoc-crm.org/cidoc-crm/P180i_was_currency_of""]",false,,main,data/document_harness/reference-cache/cidoc-7.1.3/CIDOC_CRM_v7.1.3.rdfs,7.1.3,rdf_encoding,P180,forward,declared_forward_in_main_rdfs,,[],https://cidoc-crm.org/html/cidoc_crm_v7.1.3.html,has currency,data/document_harness/reference-cache/cidoc-7.1.3/CIDOC_CRM_v7.1.3.rdfs#P180_has_currency
P180i_was_currency_of,property,was currency of,http://www.cidoc-crm.org/cidoc-crm/P180i_was_currency_of,"[""http://www.cidoc-crm.org/cidoc-crm/E98_Currency""]","[""http://www.cidoc-crm.org/cidoc-crm/E97_Monetary_Amount""]","[""http://www.cidoc-crm.org/cidoc-crm/P91i_is_unit_of""]","[""http://www.cidoc-crm.org/cidoc-crm/P180_has_currency""]",false,,main,data/document_harness/reference-cache/cidoc-7.1.3/CIDOC_CRM_v7.1.3.rdfs,7.1.3,rdf_encoding,P180,inverse,declared_inverse_in_main_rdfs,,[],https://cidoc-crm.org/html/cidoc_crm_v7.1.3.html,was currency of,data/document_harness/reference-cache/cidoc-7.1.3/CIDOC_CRM_v7.1.3.rdfs#P180i_was_currency_of
P182_ends_before_or_with_the_start_of,property,ends before or with the start of,http://www.cidoc-crm.org/cidoc-crm/P182_ends_before_or_with_the_start_of,"[""http://www.cidoc-crm.org/cidoc-crm/E2_Temporal_Entity""]","[""http://www.cidoc-crm.org/cidoc-crm/E2_Temporal_Entity""]","[""http://www.cidoc-crm.org/cidoc-crm/P176_starts_before_the_start_of"",""http://www.cidoc-crm.org/cidoc-crm/P185_ends_before_the_end_of""]","[""http://www.cidoc-crm.org/cidoc-crm/P182i_starts_after_or_with_the_end_of""]",false,,main,data/document_harness/reference-cache/cidoc-7.1.3/CIDOC_CRM_v7.1.3.rdfs,7.1.3,rdf_encoding,P182,forward,declared_forward_in_main_rdfs,,[],https://cidoc-crm.org/html/cidoc_crm_v7.1.3.html,ends before or with the start of,data/document_harness/reference-cache/cidoc-7.1.3/CIDOC_CRM_v7.1.3.rdfs#P182_ends_before_or_with_the_start_of
P182i_starts_after_or_with_the_end_of,property,starts after or with the end of,http://www.cidoc-crm.org/cidoc-crm/P182i_starts_after_or_with_the_end_of,"[""http://www.cidoc-crm.org/cidoc-crm/E2_Temporal_Entity""]","[""http://www.cidoc-crm.org/cidoc-crm/E2_Temporal_Entity""]","[""http://www.cidoc-crm.org/cidoc-crm/P176i_starts_after_the_start_of"",""http://www.cidoc-crm.org/cidoc-crm/P185i_ends_after_the_end_of""]","[""http://www.cidoc-crm.org/cidoc-crm/P182_ends_before_or_with_the_start_of""]",false,,main,data/document_harness/reference-cache/cidoc-7.1.3/CIDOC_CRM_v7.1.3.rdfs,7.1.3,rdf_encoding,P182,inverse,declared_inverse_in_main_rdfs,,[],https://cidoc-crm.org/html/cidoc_crm_v7.1.3.html,starts after or with the end of,data/document_harness/reference-cache/cidoc-7.1.3/CIDOC_CRM_v7.1.3.rdfs#P182i_starts_after_or_with_the_end_of
P183_ends_before_the_start_of,property,ends before the start of,http://www.cidoc-crm.org/cidoc-crm/P183_ends_before_the_start_of,"[""http://www.cidoc-crm.org/cidoc-crm/E2_Temporal_Entity""]","[""http://www.cidoc-crm.org/cidoc-crm/E2_Temporal_Entity""]","[""http://www.cidoc-crm.org/cidoc-crm/P182_ends_before_or_with_the_start_of""]","[""http://www.cidoc-crm.org/cidoc-crm/P183i_starts_after_the_end_of""]",false,,main,data/document_harness/reference-cache/cidoc-7.1.3/CIDOC_CRM_v7.1.3.rdfs,7.1.3,rdf_encoding,P183,forward,declared_forward_in_main_rdfs,,[],https://cidoc-crm.org/html/cidoc_crm_v7.1.3.html,ends before the start of,data/document_harness/reference-cache/cidoc-7.1.3/CIDOC_CRM_v7.1.3.rdfs#P183_ends_before_the_start_of
P183i_starts_after_the_end_of,property,starts after the end of,http://www.cidoc-crm.org/cidoc-crm/P183i_starts_after_the_end_of,"[""http://www.cidoc-crm.org/cidoc-crm/E2_Temporal_Entity""]","[""http://www.cidoc-crm.org/cidoc-crm/E2_Temporal_Entity""]","[""http://www.cidoc-crm.org/cidoc-crm/P182i_starts_after_or_with_the_end_of""]","[""http://www.cidoc-crm.org/cidoc-crm/P183_ends_before_the_start_of""]",false,,main,data/document_harness/reference-cache/cidoc-7.1.3/CIDOC_CRM_v7.1.3.rdfs,7.1.3,rdf_encoding,P183,inverse,declared_inverse_in_main_rdfs,,[],https://cidoc-crm.org/html/cidoc_crm_v7.1.3.html,starts after the end of,data/document_harness/reference-cache/cidoc-7.1.3/CIDOC_CRM_v7.1.3.rdfs#P183i_starts_after_the_end_of
P184_ends_before_or_with_the_end_of,property,ends before or with the end of,http://www.cidoc-crm.org/cidoc-crm/P184_ends_before_or_with_the_end_of,"[""http://www.cidoc-crm.org/cidoc-crm/E2_Temporal_Entity""]","[""http://www.cidoc-crm.org/cidoc-crm/E2_Temporal_Entity""]","[""http://www.cidoc-crm.org/cidoc-crm/P174_starts_before_the_end_of""]","[""http://www.cidoc-crm.org/cidoc-crm/P184i_ends_with_or_after_the_end_of""]",false,,main,data/document_harness/reference-cache/cidoc-7.1.3/CIDOC_CRM_v7.1.3.rdfs,7.1.3,rdf_encoding,P184,forward,declared_forward_in_main_rdfs,,[],https://cidoc-crm.org/html/cidoc_crm_v7.1.3.html,ends before or with the end of,data/document_harness/reference-cache/cidoc-7.1.3/CIDOC_CRM_v7.1.3.rdfs#P184_ends_before_or_with_the_end_of
P184i_ends_with_or_after_the_end_of,property,ends with or after the end of,http://www.cidoc-crm.org/cidoc-crm/P184i_ends_with_or_after_the_end_of,"[""http://www.cidoc-crm.org/cidoc-crm/E2_Temporal_Entity""]","[""http://www.cidoc-crm.org/cidoc-crm/E2_Temporal_Entity""]","[""http://www.cidoc-crm.org/cidoc-crm/P174i_ends_after_the_start_of""]","[""http://www.cidoc-crm.org/cidoc-crm/P184_ends_before_or_with_the_end_of""]",false,,main,data/document_harness/reference-cache/cidoc-7.1.3/CIDOC_CRM_v7.1.3.rdfs,7.1.3,rdf_encoding,P184,inverse,declared_inverse_in_main_rdfs,,[],https://cidoc-crm.org/html/cidoc_crm_v7.1.3.html,ends with or after the end of,data/document_harness/reference-cache/cidoc-7.1.3/CIDOC_CRM_v7.1.3.rdfs#P184i_ends_with_or_after_the_end_of
P185_ends_before_the_end_of,property,ends before the end of,http://www.cidoc-crm.org/cidoc-crm/P185_ends_before_the_end_of,"[""http://www.cidoc-crm.org/cidoc-crm/E2_Temporal_Entity""]","[""http://www.cidoc-crm.org/cidoc-crm/E2_Temporal_Entity""]","[""http://www.cidoc-crm.org/cidoc-crm/P184_ends_before_or_with_the_end_of""]","[""http://www.cidoc-crm.org/cidoc-crm/P185i_ends_after_the_end_of""]",false,,main,data/document_harness/reference-cache/cidoc-7.1.3/CIDOC_CRM_v7.1.3.rdfs,7.1.3,rdf_encoding,P185,forward,declared_forward_in_main_rdfs,,[],https://cidoc-crm.org/html/cidoc_crm_v7.1.3.html,ends before the end of,data/document_harness/reference-cache/cidoc-7.1.3/CIDOC_CRM_v7.1.3.rdfs#P185_ends_before_the_end_of
P185i_ends_after_the_end_of,property,ends after the end of,http://www.cidoc-crm.org/cidoc-crm/P185i_ends_after_the_end_of,"[""http://www.cidoc-crm.org/cidoc-crm/E2_Temporal_Entity""]","[""http://www.cidoc-crm.org/cidoc-crm/E2_Temporal_Entity""]","[""http://www.cidoc-crm.org/cidoc-crm/P184i_ends_with_or_after_the_end_of""]","[""http://www.cidoc-crm.org/cidoc-crm/P185_ends_before_the_end_of""]",false,,main,data/document_harness/reference-cache/cidoc-7.1.3/CIDOC_CRM_v7.1.3.rdfs,7.1.3,rdf_encoding,P185,inverse,declared_inverse_in_main_rdfs,,[],https://cidoc-crm.org/html/cidoc_crm_v7.1.3.html,ends after the end of,data/document_harness/reference-cache/cidoc-7.1.3/CIDOC_CRM_v7.1.3.rdfs#P185i_ends_after_the_end_of
P186_produced_thing_of_product_type,property,produced thing of product type,http://www.cidoc-crm.org/cidoc-crm/P186_produced_thing_of_product_type,"[""http://www.cidoc-crm.org/cidoc-crm/E12_Production""]","[""http://www.cidoc-crm.org/cidoc-crm/E99_Product_Type""]",[],"[""http://www.cidoc-crm.org/cidoc-crm/P186i_is_produced_by""]",false,,main,data/document_harness/reference-cache/cidoc-7.1.3/CIDOC_CRM_v7.1.3.rdfs,7.1.3,rdf_encoding,P186,forward,declared_forward_in_main_rdfs,,[],https://cidoc-crm.org/html/cidoc_crm_v7.1.3.html,produced thing of product type,data/document_harness/reference-cache/cidoc-7.1.3/CIDOC_CRM_v7.1.3.rdfs#P186_produced_thing_of_product_type
P186i_is_produced_by,property,is produced by,http://www.cidoc-crm.org/cidoc-crm/P186i_is_produced_by,"[""http://www.cidoc-crm.org/cidoc-crm/E99_Product_Type""]","[""http://www.cidoc-crm.org/cidoc-crm/E12_Production""]",[],"[""http://www.cidoc-crm.org/cidoc-crm/P186_produced_thing_of_product_type""]",false,,main,data/document_harness/reference-cache/cidoc-7.1.3/CIDOC_CRM_v7.1.3.rdfs,7.1.3,rdf_encoding,P186,inverse,declared_inverse_in_main_rdfs,,[],https://cidoc-crm.org/html/cidoc_crm_v7.1.3.html,is produced by,data/document_harness/reference-cache/cidoc-7.1.3/CIDOC_CRM_v7.1.3.rdfs#P186i_is_produced_by
P187_has_production_plan,property,has production plan,http://www.cidoc-crm.org/cidoc-crm/P187_has_production_plan,"[""http://www.cidoc-crm.org/cidoc-crm/E99_Product_Type""]","[""http://www.cidoc-crm.org/cidoc-crm/E29_Design_or_Procedure""]",[],"[""http://www.cidoc-crm.org/cidoc-crm/P187i_is_production_plan_for""]",false,,main,data/document_harness/reference-cache/cidoc-7.1.3/CIDOC_CRM_v7.1.3.rdfs,7.1.3,rdf_encoding,P187,forward,declared_forward_in_main_rdfs,,[],https://cidoc-crm.org/html/cidoc_crm_v7.1.3.html,has production plan,data/document_harness/reference-cache/cidoc-7.1.3/CIDOC_CRM_v7.1.3.rdfs#P187_has_production_plan
P187i_is_production_plan_for,property,is production plan for,http://www.cidoc-crm.org/cidoc-crm/P187i_is_production_plan_for,"[""http://www.cidoc-crm.org/cidoc-crm/E29_Design_or_Procedure""]","[""http://www.cidoc-crm.org/cidoc-crm/E99_Product_Type""]",[],"[""http://www.cidoc-crm.org/cidoc-crm/P187_has_production_plan""]",false,,main,data/document_harness/reference-cache/cidoc-7.1.3/CIDOC_CRM_v7.1.3.rdfs,7.1.3,rdf_encoding,P187,inverse,declared_inverse_in_main_rdfs,,[],https://cidoc-crm.org/html/cidoc_crm_v7.1.3.html,is production plan for,data/document_harness/reference-cache/cidoc-7.1.3/CIDOC_CRM_v7.1.3.rdfs#P187i_is_production_plan_for
P188_requires_production_tool,property,requires production tool,http://www.cidoc-crm.org/cidoc-crm/P188_requires_production_tool,"[""http://www.cidoc-crm.org/cidoc-crm/E99_Product_Type""]","[""http://www.cidoc-crm.org/cidoc-crm/E19_Physical_Object""]",[],"[""http://www.cidoc-crm.org/cidoc-crm/P188i_is_production_tool_for""]",false,,main,data/document_harness/reference-cache/cidoc-7.1.3/CIDOC_CRM_v7.1.3.rdfs,7.1.3,rdf_encoding,P188,forward,declared_forward_in_main_rdfs,,[],https://cidoc-crm.org/html/cidoc_crm_v7.1.3.html,requires production tool,data/document_harness/reference-cache/cidoc-7.1.3/CIDOC_CRM_v7.1.3.rdfs#P188_requires_production_tool
P188i_is_production_tool_for,property,is production tool for,http://www.cidoc-crm.org/cidoc-crm/P188i_is_production_tool_for,"[""http://www.cidoc-crm.org/cidoc-crm/E19_Physical_Object""]","[""http://www.cidoc-crm.org/cidoc-crm/E99_Product_Type""]",[],"[""http://www.cidoc-crm.org/cidoc-crm/P188_requires_production_tool""]",false,,main,data/document_harness/reference-cache/cidoc-7.1.3/CIDOC_CRM_v7.1.3.rdfs,7.1.3,rdf_encoding,P188,inverse,declared_inverse_in_main_rdfs,,[],https://cidoc-crm.org/html/cidoc_crm_v7.1.3.html,is production tool for,data/document_harness/reference-cache/cidoc-7.1.3/CIDOC_CRM_v7.1.3.rdfs#P188i_is_production_tool_for
P189_approximates,property,approximates,http://www.cidoc-crm.org/cidoc-crm/P189_approximates,"[""http://www.cidoc-crm.org/cidoc-crm/E53_Place""]","[""http://www.cidoc-crm.org/cidoc-crm/E53_Place""]",[],"[""http://www.cidoc-crm.org/cidoc-crm/P189i_is_approximated_by""]",false,,main,data/document_harness/reference-cache/cidoc-7.1.3/CIDOC_CRM_v7.1.3.rdfs,7.1.3,rdf_encoding,P189,forward,declared_forward_in_main_rdfs,,[],https://cidoc-crm.org/html/cidoc_crm_v7.1.3.html,approximates,data/document_harness/reference-cache/cidoc-7.1.3/CIDOC_CRM_v7.1.3.rdfs#P189_approximates
P189i_is_approximated_by,property,is approximated by,http://www.cidoc-crm.org/cidoc-crm/P189i_is_approximated_by,"[""http://www.cidoc-crm.org/cidoc-crm/E53_Place""]","[""http://www.cidoc-crm.org/cidoc-crm/E53_Place""]",[],"[""http://www.cidoc-crm.org/cidoc-crm/P189_approximates""]",false,,main,data/document_harness/reference-cache/cidoc-7.1.3/CIDOC_CRM_v7.1.3.rdfs,7.1.3,rdf_encoding,P189,inverse,declared_inverse_in_main_rdfs,,[],https://cidoc-crm.org/html/cidoc_crm_v7.1.3.html,is approximated by,data/document_harness/reference-cache/cidoc-7.1.3/CIDOC_CRM_v7.1.3.rdfs#P189i_is_approximated_by
P190_has_symbolic_content,property,has symbolic content,http://www.cidoc-crm.org/cidoc-crm/P190_has_symbolic_content,"[""http://www.cidoc-crm.org/cidoc-crm/E90_Symbolic_Object""]","[""http://www.w3.org/2000/01/rdf-schema#Literal""]","[""http://www.cidoc-crm.org/cidoc-crm/P3_has_note""]",[],false,,main,data/document_harness/reference-cache/cidoc-7.1.3/CIDOC_CRM_v7.1.3.rdfs,7.1.3,rdf_encoding,P190,forward,declared_forward_in_main_rdfs,rdfs:Literal declared as range in this RDFS encoding,[],https://cidoc-crm.org/html/cidoc_crm_v7.1.3.html,has symbolic content,data/document_harness/reference-cache/cidoc-7.1.3/CIDOC_CRM_v7.1.3.rdfs#P190_has_symbolic_content
P191_had_duration,property,had duration,http://www.cidoc-crm.org/cidoc-crm/P191_had_duration,"[""http://www.cidoc-crm.org/cidoc-crm/E52_Time-Span""]","[""http://www.cidoc-crm.org/cidoc-crm/E54_Dimension""]",[],"[""http://www.cidoc-crm.org/cidoc-crm/P191i_was_duration_of""]",false,,main,data/document_harness/reference-cache/cidoc-7.1.3/CIDOC_CRM_v7.1.3.rdfs,7.1.3,rdf_encoding,P191,forward,declared_forward_in_main_rdfs,,[],https://cidoc-crm.org/html/cidoc_crm_v7.1.3.html,had duration,data/document_harness/reference-cache/cidoc-7.1.3/CIDOC_CRM_v7.1.3.rdfs#P191_had_duration
P191i_was_duration_of,property,was duration of,http://www.cidoc-crm.org/cidoc-crm/P191i_was_duration_of,"[""http://www.cidoc-crm.org/cidoc-crm/E54_Dimension""]","[""http://www.cidoc-crm.org/cidoc-crm/E52_Time-Span""]",[],"[""http://www.cidoc-crm.org/cidoc-crm/P191_had_duration""]",false,,main,data/document_harness/reference-cache/cidoc-7.1.3/CIDOC_CRM_v7.1.3.rdfs,7.1.3,rdf_encoding,P191,inverse,declared_inverse_in_main_rdfs,,[],https://cidoc-crm.org/html/cidoc_crm_v7.1.3.html,was duration of,data/document_harness/reference-cache/cidoc-7.1.3/CIDOC_CRM_v7.1.3.rdfs#P191i_was_duration_of
P195_was_a_presence_of,property,was a presence of,http://www.cidoc-crm.org/cidoc-crm/P195_was_a_presence_of,"[""http://www.cidoc-crm.org/cidoc-crm/E93_Presence""]","[""http://www.cidoc-crm.org/cidoc-crm/E18_Physical_Thing""]",[],"[""http://www.cidoc-crm.org/cidoc-crm/P195i_had_presence""]",false,,main,data/document_harness/reference-cache/cidoc-7.1.3/CIDOC_CRM_v7.1.3.rdfs,7.1.3,rdf_encoding,P195,forward,declared_forward_in_main_rdfs,,[],https://cidoc-crm.org/html/cidoc_crm_v7.1.3.html,was a presence of,data/document_harness/reference-cache/cidoc-7.1.3/CIDOC_CRM_v7.1.3.rdfs#P195_was_a_presence_of
P195i_had_presence,property,had presence,http://www.cidoc-crm.org/cidoc-crm/P195i_had_presence,"[""http://www.cidoc-crm.org/cidoc-crm/E18_Physical_Thing""]","[""http://www.cidoc-crm.org/cidoc-crm/E93_Presence""]",[],"[""http://www.cidoc-crm.org/cidoc-crm/P195_was_a_presence_of""]",false,,main,data/document_harness/reference-cache/cidoc-7.1.3/CIDOC_CRM_v7.1.3.rdfs,7.1.3,rdf_encoding,P195,inverse,declared_inverse_in_main_rdfs,,[],https://cidoc-crm.org/html/cidoc_crm_v7.1.3.html,had presence,data/document_harness/reference-cache/cidoc-7.1.3/CIDOC_CRM_v7.1.3.rdfs#P195i_had_presence
P196_defines,property,defines,http://www.cidoc-crm.org/cidoc-crm/P196_defines,"[""http://www.cidoc-crm.org/cidoc-crm/E18_Physical_Thing""]","[""http://www.cidoc-crm.org/cidoc-crm/E92_Spacetime_Volume""]",[],"[""http://www.cidoc-crm.org/cidoc-crm/P196i_is_defined_by""]",false,,main,data/document_harness/reference-cache/cidoc-7.1.3/CIDOC_CRM_v7.1.3.rdfs,7.1.3,rdf_encoding,P196,forward,declared_forward_in_main_rdfs,,[],https://cidoc-crm.org/html/cidoc_crm_v7.1.3.html,defines,data/document_harness/reference-cache/cidoc-7.1.3/CIDOC_CRM_v7.1.3.rdfs#P196_defines
P196i_is_defined_by,property,is defined by,http://www.cidoc-crm.org/cidoc-crm/P196i_is_defined_by,"[""http://www.cidoc-crm.org/cidoc-crm/E92_Spacetime_Volume""]","[""http://www.cidoc-crm.org/cidoc-crm/E18_Physical_Thing""]",[],"[""http://www.cidoc-crm.org/cidoc-crm/P196_defines""]",false,,main,data/document_harness/reference-cache/cidoc-7.1.3/CIDOC_CRM_v7.1.3.rdfs,7.1.3,rdf_encoding,P196,inverse,declared_inverse_in_main_rdfs,,[],https://cidoc-crm.org/html/cidoc_crm_v7.1.3.html,is defined by,data/document_harness/reference-cache/cidoc-7.1.3/CIDOC_CRM_v7.1.3.rdfs#P196i_is_defined_by
P197_covered_parts_of,property,covered parts of,http://www.cidoc-crm.org/cidoc-crm/P197_covered_parts_of,"[""http://www.cidoc-crm.org/cidoc-crm/E93_Presence""]","[""http://www.cidoc-crm.org/cidoc-crm/E53_Place""]",[],"[""http://www.cidoc-crm.org/cidoc-crm/P197i_was_partially_covered_by""]",false,,main,data/document_harness/reference-cache/cidoc-7.1.3/CIDOC_CRM_v7.1.3.rdfs,7.1.3,rdf_encoding,P197,forward,declared_forward_in_main_rdfs,,[],https://cidoc-crm.org/html/cidoc_crm_v7.1.3.html,covered parts of,data/document_harness/reference-cache/cidoc-7.1.3/CIDOC_CRM_v7.1.3.rdfs#P197_covered_parts_of
P197i_was_partially_covered_by,property,was partially covered by,http://www.cidoc-crm.org/cidoc-crm/P197i_was_partially_covered_by,"[""http://www.cidoc-crm.org/cidoc-crm/E53_Place""]","[""http://www.cidoc-crm.org/cidoc-crm/E93_Presence""]",[],"[""http://www.cidoc-crm.org/cidoc-crm/P197_covered_parts_of""]",false,,main,data/document_harness/reference-cache/cidoc-7.1.3/CIDOC_CRM_v7.1.3.rdfs,7.1.3,rdf_encoding,P197,inverse,declared_inverse_in_main_rdfs,,[],https://cidoc-crm.org/html/cidoc_crm_v7.1.3.html,was partially covered by,data/document_harness/reference-cache/cidoc-7.1.3/CIDOC_CRM_v7.1.3.rdfs#P197i_was_partially_covered_by
P198_holds_or_supports,property,holds or supports,http://www.cidoc-crm.org/cidoc-crm/P198_holds_or_supports,"[""http://www.cidoc-crm.org/cidoc-crm/E18_Physical_Thing""]","[""http://www.cidoc-crm.org/cidoc-crm/E18_Physical_Thing""]",[],"[""http://www.cidoc-crm.org/cidoc-crm/P198i_is_held_or_supported_by""]",false,,main,data/document_harness/reference-cache/cidoc-7.1.3/CIDOC_CRM_v7.1.3.rdfs,7.1.3,rdf_encoding,P198,forward,declared_forward_in_main_rdfs,,[],https://cidoc-crm.org/html/cidoc_crm_v7.1.3.html,holds or supports,data/document_harness/reference-cache/cidoc-7.1.3/CIDOC_CRM_v7.1.3.rdfs#P198_holds_or_supports
P198i_is_held_or_supported_by,property,is held or supported by,http://www.cidoc-crm.org/cidoc-crm/P198i_is_held_or_supported_by,"[""http://www.cidoc-crm.org/cidoc-crm/E18_Physical_Thing""]","[""http://www.cidoc-crm.org/cidoc-crm/E18_Physical_Thing""]",[],"[""http://www.cidoc-crm.org/cidoc-crm/P198_holds_or_supports""]",false,,main,data/document_harness/reference-cache/cidoc-7.1.3/CIDOC_CRM_v7.1.3.rdfs,7.1.3,rdf_encoding,P198,inverse,declared_inverse_in_main_rdfs,,[],https://cidoc-crm.org/html/cidoc_crm_v7.1.3.html,is held or supported by,data/document_harness/reference-cache/cidoc-7.1.3/CIDOC_CRM_v7.1.3.rdfs#P198i_is_held_or_supported_by
P19_was_intended_use_of,property,was intended use of,http://www.cidoc-crm.org/cidoc-crm/P19_was_intended_use_of,"[""http://www.cidoc-crm.org/cidoc-crm/E7_Activity""]","[""http://www.cidoc-crm.org/cidoc-crm/E71_Human-Made_Thing""]",[],"[""http://www.cidoc-crm.org/cidoc-crm/P19i_was_made_for""]",false,,main,data/document_harness/reference-cache/cidoc-7.1.3/CIDOC_CRM_v7.1.3.rdfs,7.1.3,rdf_encoding,P19,forward,declared_forward_in_main_rdfs,,[],https://cidoc-crm.org/html/cidoc_crm_v7.1.3.html,was intended use of,data/document_harness/reference-cache/cidoc-7.1.3/CIDOC_CRM_v7.1.3.rdfs#P19_was_intended_use_of
P19i_was_made_for,property,was made for,http://www.cidoc-crm.org/cidoc-crm/P19i_was_made_for,"[""http://www.cidoc-crm.org/cidoc-crm/E71_Human-Made_Thing""]","[""http://www.cidoc-crm.org/cidoc-crm/E7_Activity""]",[],"[""http://www.cidoc-crm.org/cidoc-crm/P19_was_intended_use_of""]",false,,main,data/document_harness/reference-cache/cidoc-7.1.3/CIDOC_CRM_v7.1.3.rdfs,7.1.3,rdf_encoding,P19,inverse,declared_inverse_in_main_rdfs,,[],https://cidoc-crm.org/html/cidoc_crm_v7.1.3.html,was made for,data/document_harness/reference-cache/cidoc-7.1.3/CIDOC_CRM_v7.1.3.rdfs#P19i_was_made_for
P1_is_identified_by,property,is identified by,http://www.cidoc-crm.org/cidoc-crm/P1_is_identified_by,"[""http://www.cidoc-crm.org/cidoc-crm/E1_CRM_Entity""]","[""http://www.cidoc-crm.org/cidoc-crm/E41_Appellation""]",[],"[""http://www.cidoc-crm.org/cidoc-crm/P1i_identifies""]",false,,main,data/document_harness/reference-cache/cidoc-7.1.3/CIDOC_CRM_v7.1.3.rdfs,7.1.3,rdf_encoding,P1,forward,declared_forward_in_main_rdfs,,[],https://cidoc-crm.org/html/cidoc_crm_v7.1.3.html,is identified by,data/document_harness/reference-cache/cidoc-7.1.3/CIDOC_CRM_v7.1.3.rdfs#P1_is_identified_by
P1i_identifies,property,identifies,http://www.cidoc-crm.org/cidoc-crm/P1i_identifies,"[""http://www.cidoc-crm.org/cidoc-crm/E41_Appellation""]","[""http://www.cidoc-crm.org/cidoc-crm/E1_CRM_Entity""]",[],"[""http://www.cidoc-crm.org/cidoc-crm/P1_is_identified_by""]",false,,main,data/document_harness/reference-cache/cidoc-7.1.3/CIDOC_CRM_v7.1.3.rdfs,7.1.3,rdf_encoding,P1,inverse,declared_inverse_in_main_rdfs,,[],https://cidoc-crm.org/html/cidoc_crm_v7.1.3.html,identifies,data/document_harness/reference-cache/cidoc-7.1.3/CIDOC_CRM_v7.1.3.rdfs#P1i_identifies
P20_had_specific_purpose,property,had specific purpose,http://www.cidoc-crm.org/cidoc-crm/P20_had_specific_purpose,"[""http://www.cidoc-crm.org/cidoc-crm/E7_Activity""]","[""http://www.cidoc-crm.org/cidoc-crm/E5_Event""]",[],"[""http://www.cidoc-crm.org/cidoc-crm/P20i_was_purpose_of""]",false,,main,data/document_harness/reference-cache/cidoc-7.1.3/CIDOC_CRM_v7.1.3.rdfs,7.1.3,rdf_encoding,P20,forward,declared_forward_in_main_rdfs,,[],https://cidoc-crm.org/html/cidoc_crm_v7.1.3.html,had specific purpose,data/document_harness/reference-cache/cidoc-7.1.3/CIDOC_CRM_v7.1.3.rdfs#P20_had_specific_purpose
P20i_was_purpose_of,property,was purpose of,http://www.cidoc-crm.org/cidoc-crm/P20i_was_purpose_of,"[""http://www.cidoc-crm.org/cidoc-crm/E5_Event""]","[""http://www.cidoc-crm.org/cidoc-crm/E7_Activity""]",[],"[""http://www.cidoc-crm.org/cidoc-crm/P20_had_specific_purpose""]",false,,main,data/document_harness/reference-cache/cidoc-7.1.3/CIDOC_CRM_v7.1.3.rdfs,7.1.3,rdf_encoding,P20,inverse,declared_inverse_in_main_rdfs,,[],https://cidoc-crm.org/html/cidoc_crm_v7.1.3.html,was purpose of,data/document_harness/reference-cache/cidoc-7.1.3/CIDOC_CRM_v7.1.3.rdfs#P20i_was_purpose_of
P21_had_general_purpose,property,had general purpose,http://www.cidoc-crm.org/cidoc-crm/P21_had_general_purpose,"[""http://www.cidoc-crm.org/cidoc-crm/E7_Activity""]","[""http://www.cidoc-crm.org/cidoc-crm/E55_Type""]",[],"[""http://www.cidoc-crm.org/cidoc-crm/P21i_was_purpose_of""]",false,,main,data/document_harness/reference-cache/cidoc-7.1.3/CIDOC_CRM_v7.1.3.rdfs,7.1.3,rdf_encoding,P21,forward,declared_forward_in_main_rdfs,,[],https://cidoc-crm.org/html/cidoc_crm_v7.1.3.html,had general purpose,data/document_harness/reference-cache/cidoc-7.1.3/CIDOC_CRM_v7.1.3.rdfs#P21_had_general_purpose
P21i_was_purpose_of,property,was purpose of,http://www.cidoc-crm.org/cidoc-crm/P21i_was_purpose_of,"[""http://www.cidoc-crm.org/cidoc-crm/E55_Type""]","[""http://www.cidoc-crm.org/cidoc-crm/E7_Activity""]",[],"[""http://www.cidoc-crm.org/cidoc-crm/P21_had_general_purpose""]",false,,main,data/document_harness/reference-cache/cidoc-7.1.3/CIDOC_CRM_v7.1.3.rdfs,7.1.3,rdf_encoding,P21,inverse,declared_inverse_in_main_rdfs,,[],https://cidoc-crm.org/html/cidoc_crm_v7.1.3.html,was purpose of,data/document_harness/reference-cache/cidoc-7.1.3/CIDOC_CRM_v7.1.3.rdfs#P21i_was_purpose_of
P22_transferred_title_to,property,transferred title to,http://www.cidoc-crm.org/cidoc-crm/P22_transferred_title_to,"[""http://www.cidoc-crm.org/cidoc-crm/E8_Acquisition""]","[""http://www.cidoc-crm.org/cidoc-crm/E39_Actor""]","[""http://www.cidoc-crm.org/cidoc-crm/P14_carried_out_by""]","[""http://www.cidoc-crm.org/cidoc-crm/P22i_acquired_title_through""]",false,,main,data/document_harness/reference-cache/cidoc-7.1.3/CIDOC_CRM_v7.1.3.rdfs,7.1.3,rdf_encoding,P22,forward,declared_forward_in_main_rdfs,,[],https://cidoc-crm.org/html/cidoc_crm_v7.1.3.html,transferred title to,data/document_harness/reference-cache/cidoc-7.1.3/CIDOC_CRM_v7.1.3.rdfs#P22_transferred_title_to
P22i_acquired_title_through,property,acquired title through,http://www.cidoc-crm.org/cidoc-crm/P22i_acquired_title_through,"[""http://www.cidoc-crm.org/cidoc-crm/E39_Actor""]","[""http://www.cidoc-crm.org/cidoc-crm/E8_Acquisition""]","[""http://www.cidoc-crm.org/cidoc-crm/P14i_performed""]","[""http://www.cidoc-crm.org/cidoc-crm/P22_transferred_title_to""]",false,,main,data/document_harness/reference-cache/cidoc-7.1.3/CIDOC_CRM_v7.1.3.rdfs,7.1.3,rdf_encoding,P22,inverse,declared_inverse_in_main_rdfs,,[],https://cidoc-crm.org/html/cidoc_crm_v7.1.3.html,acquired title through,data/document_harness/reference-cache/cidoc-7.1.3/CIDOC_CRM_v7.1.3.rdfs#P22i_acquired_title_through
P23_transferred_title_from,property,transferred title from,http://www.cidoc-crm.org/cidoc-crm/P23_transferred_title_from,"[""http://www.cidoc-crm.org/cidoc-crm/E8_Acquisition""]","[""http://www.cidoc-crm.org/cidoc-crm/E39_Actor""]","[""http://www.cidoc-crm.org/cidoc-crm/P14_carried_out_by""]","[""http://www.cidoc-crm.org/cidoc-crm/P23i_surrendered_title_through""]",false,,main,data/document_harness/reference-cache/cidoc-7.1.3/CIDOC_CRM_v7.1.3.rdfs,7.1.3,rdf_encoding,P23,forward,declared_forward_in_main_rdfs,,[],https://cidoc-crm.org/html/cidoc_crm_v7.1.3.html,transferred title from,data/document_harness/reference-cache/cidoc-7.1.3/CIDOC_CRM_v7.1.3.rdfs#P23_transferred_title_from
P23i_surrendered_title_through,property,surrendered title through,http://www.cidoc-crm.org/cidoc-crm/P23i_surrendered_title_through,"[""http://www.cidoc-crm.org/cidoc-crm/E39_Actor""]","[""http://www.cidoc-crm.org/cidoc-crm/E8_Acquisition""]","[""http://www.cidoc-crm.org/cidoc-crm/P14i_performed""]","[""http://www.cidoc-crm.org/cidoc-crm/P23_transferred_title_from""]",false,,main,data/document_harness/reference-cache/cidoc-7.1.3/CIDOC_CRM_v7.1.3.rdfs,7.1.3,rdf_encoding,P23,inverse,declared_inverse_in_main_rdfs,,[],https://cidoc-crm.org/html/cidoc_crm_v7.1.3.html,surrendered title through,data/document_harness/reference-cache/cidoc-7.1.3/CIDOC_CRM_v7.1.3.rdfs#P23i_surrendered_title_through
P24_transferred_title_of,property,transferred title of,http://www.cidoc-crm.org/cidoc-crm/P24_transferred_title_of,"[""http://www.cidoc-crm.org/cidoc-crm/E8_Acquisition""]","[""http://www.cidoc-crm.org/cidoc-crm/E18_Physical_Thing""]",[],"[""http://www.cidoc-crm.org/cidoc-crm/P24i_changed_ownership_through""]",false,,main,data/document_harness/reference-cache/cidoc-7.1.3/CIDOC_CRM_v7.1.3.rdfs,7.1.3,rdf_encoding,P24,forward,declared_forward_in_main_rdfs,,[],https://cidoc-crm.org/html/cidoc_crm_v7.1.3.html,transferred title of,data/document_harness/reference-cache/cidoc-7.1.3/CIDOC_CRM_v7.1.3.rdfs#P24_transferred_title_of
P24i_changed_ownership_through,property,changed ownership through,http://www.cidoc-crm.org/cidoc-crm/P24i_changed_ownership_through,"[""http://www.cidoc-crm.org/cidoc-crm/E18_Physical_Thing""]","[""http://www.cidoc-crm.org/cidoc-crm/E8_Acquisition""]",[],"[""http://www.cidoc-crm.org/cidoc-crm/P24_transferred_title_of""]",false,,main,data/document_harness/reference-cache/cidoc-7.1.3/CIDOC_CRM_v7.1.3.rdfs,7.1.3,rdf_encoding,P24,inverse,declared_inverse_in_main_rdfs,,[],https://cidoc-crm.org/html/cidoc_crm_v7.1.3.html,changed ownership through,data/document_harness/reference-cache/cidoc-7.1.3/CIDOC_CRM_v7.1.3.rdfs#P24i_changed_ownership_through
P25_moved,property,moved,http://www.cidoc-crm.org/cidoc-crm/P25_moved,"[""http://www.cidoc-crm.org/cidoc-crm/E9_Move""]","[""http://www.cidoc-crm.org/cidoc-crm/E19_Physical_Object""]","[""http://www.cidoc-crm.org/cidoc-crm/P12_occurred_in_the_presence_of""]","[""http://www.cidoc-crm.org/cidoc-crm/P25i_moved_by""]",false,,main,data/document_harness/reference-cache/cidoc-7.1.3/CIDOC_CRM_v7.1.3.rdfs,7.1.3,rdf_encoding,P25,forward,declared_forward_in_main_rdfs,,[],https://cidoc-crm.org/html/cidoc_crm_v7.1.3.html,moved,data/document_harness/reference-cache/cidoc-7.1.3/CIDOC_CRM_v7.1.3.rdfs#P25_moved
P25i_moved_by,property,moved by,http://www.cidoc-crm.org/cidoc-crm/P25i_moved_by,"[""http://www.cidoc-crm.org/cidoc-crm/E19_Physical_Object""]","[""http://www.cidoc-crm.org/cidoc-crm/E9_Move""]","[""http://www.cidoc-crm.org/cidoc-crm/P12i_was_present_at""]","[""http://www.cidoc-crm.org/cidoc-crm/P25_moved""]",false,,main,data/document_harness/reference-cache/cidoc-7.1.3/CIDOC_CRM_v7.1.3.rdfs,7.1.3,rdf_encoding,P25,inverse,declared_inverse_in_main_rdfs,,[],https://cidoc-crm.org/html/cidoc_crm_v7.1.3.html,moved by,data/document_harness/reference-cache/cidoc-7.1.3/CIDOC_CRM_v7.1.3.rdfs#P25i_moved_by
P26_moved_to,property,moved to,http://www.cidoc-crm.org/cidoc-crm/P26_moved_to,"[""http://www.cidoc-crm.org/cidoc-crm/E9_Move""]","[""http://www.cidoc-crm.org/cidoc-crm/E53_Place""]",[],"[""http://www.cidoc-crm.org/cidoc-crm/P26i_was_destination_of""]",false,,main,data/document_harness/reference-cache/cidoc-7.1.3/CIDOC_CRM_v7.1.3.rdfs,7.1.3,rdf_encoding,P26,forward,declared_forward_in_main_rdfs,,[],https://cidoc-crm.org/html/cidoc_crm_v7.1.3.html,moved to,data/document_harness/reference-cache/cidoc-7.1.3/CIDOC_CRM_v7.1.3.rdfs#P26_moved_to
P26i_was_destination_of,property,was destination of,http://www.cidoc-crm.org/cidoc-crm/P26i_was_destination_of,"[""http://www.cidoc-crm.org/cidoc-crm/E53_Place""]","[""http://www.cidoc-crm.org/cidoc-crm/E9_Move""]",[],"[""http://www.cidoc-crm.org/cidoc-crm/P26_moved_to""]",false,,main,data/document_harness/reference-cache/cidoc-7.1.3/CIDOC_CRM_v7.1.3.rdfs,7.1.3,rdf_encoding,P26,inverse,declared_inverse_in_main_rdfs,,[],https://cidoc-crm.org/html/cidoc_crm_v7.1.3.html,was destination of,data/document_harness/reference-cache/cidoc-7.1.3/CIDOC_CRM_v7.1.3.rdfs#P26i_was_destination_of
P27_moved_from,property,moved from,http://www.cidoc-crm.org/cidoc-crm/P27_moved_from,"[""http://www.cidoc-crm.org/cidoc-crm/E9_Move""]","[""http://www.cidoc-crm.org/cidoc-crm/E53_Place""]",[],"[""http://www.cidoc-crm.org/cidoc-crm/P27i_was_origin_of""]",false,,main,data/document_harness/reference-cache/cidoc-7.1.3/CIDOC_CRM_v7.1.3.rdfs,7.1.3,rdf_encoding,P27,forward,declared_forward_in_main_rdfs,,[],https://cidoc-crm.org/html/cidoc_crm_v7.1.3.html,moved from,data/document_harness/reference-cache/cidoc-7.1.3/CIDOC_CRM_v7.1.3.rdfs#P27_moved_from
P27i_was_origin_of,property,was origin of,http://www.cidoc-crm.org/cidoc-crm/P27i_was_origin_of,"[""http://www.cidoc-crm.org/cidoc-crm/E53_Place""]","[""http://www.cidoc-crm.org/cidoc-crm/E9_Move""]",[],"[""http://www.cidoc-crm.org/cidoc-crm/P27_moved_from""]",false,,main,data/document_harness/reference-cache/cidoc-7.1.3/CIDOC_CRM_v7.1.3.rdfs,7.1.3,rdf_encoding,P27,inverse,declared_inverse_in_main_rdfs,,[],https://cidoc-crm.org/html/cidoc_crm_v7.1.3.html,was origin of,data/document_harness/reference-cache/cidoc-7.1.3/CIDOC_CRM_v7.1.3.rdfs#P27i_was_origin_of
P28_custody_surrendered_by,property,custody surrendered by,http://www.cidoc-crm.org/cidoc-crm/P28_custody_surrendered_by,"[""http://www.cidoc-crm.org/cidoc-crm/E10_Transfer_of_Custody""]","[""http://www.cidoc-crm.org/cidoc-crm/E39_Actor""]","[""http://www.cidoc-crm.org/cidoc-crm/P14_carried_out_by""]","[""http://www.cidoc-crm.org/cidoc-crm/P28i_surrendered_custody_through""]",false,,main,data/document_harness/reference-cache/cidoc-7.1.3/CIDOC_CRM_v7.1.3.rdfs,7.1.3,rdf_encoding,P28,forward,declared_forward_in_main_rdfs,,[],https://cidoc-crm.org/html/cidoc_crm_v7.1.3.html,custody surrendered by,data/document_harness/reference-cache/cidoc-7.1.3/CIDOC_CRM_v7.1.3.rdfs#P28_custody_surrendered_by
P28i_surrendered_custody_through,property,surrendered custody through,http://www.cidoc-crm.org/cidoc-crm/P28i_surrendered_custody_through,"[""http://www.cidoc-crm.org/cidoc-crm/E39_Actor""]","[""http://www.cidoc-crm.org/cidoc-crm/E10_Transfer_of_Custody""]","[""http://www.cidoc-crm.org/cidoc-crm/P14i_performed""]","[""http://www.cidoc-crm.org/cidoc-crm/P28_custody_surrendered_by""]",false,,main,data/document_harness/reference-cache/cidoc-7.1.3/CIDOC_CRM_v7.1.3.rdfs,7.1.3,rdf_encoding,P28,inverse,declared_inverse_in_main_rdfs,,[],https://cidoc-crm.org/html/cidoc_crm_v7.1.3.html,surrendered custody through,data/document_harness/reference-cache/cidoc-7.1.3/CIDOC_CRM_v7.1.3.rdfs#P28i_surrendered_custody_through
P29_custody_received_by,property,custody received by,http://www.cidoc-crm.org/cidoc-crm/P29_custody_received_by,"[""http://www.cidoc-crm.org/cidoc-crm/E10_Transfer_of_Custody""]","[""http://www.cidoc-crm.org/cidoc-crm/E39_Actor""]","[""http://www.cidoc-crm.org/cidoc-crm/P14_carried_out_by""]","[""http://www.cidoc-crm.org/cidoc-crm/P29i_received_custody_through""]",false,,main,data/document_harness/reference-cache/cidoc-7.1.3/CIDOC_CRM_v7.1.3.rdfs,7.1.3,rdf_encoding,P29,forward,declared_forward_in_main_rdfs,,[],https://cidoc-crm.org/html/cidoc_crm_v7.1.3.html,custody received by,data/document_harness/reference-cache/cidoc-7.1.3/CIDOC_CRM_v7.1.3.rdfs#P29_custody_received_by
P29i_received_custody_through,property,received custody through,http://www.cidoc-crm.org/cidoc-crm/P29i_received_custody_through,"[""http://www.cidoc-crm.org/cidoc-crm/E39_Actor""]","[""http://www.cidoc-crm.org/cidoc-crm/E10_Transfer_of_Custody""]","[""http://www.cidoc-crm.org/cidoc-crm/P14i_performed""]","[""http://www.cidoc-crm.org/cidoc-crm/P29_custody_received_by""]",false,,main,data/document_harness/reference-cache/cidoc-7.1.3/CIDOC_CRM_v7.1.3.rdfs,7.1.3,rdf_encoding,P29,inverse,declared_inverse_in_main_rdfs,,[],https://cidoc-crm.org/html/cidoc_crm_v7.1.3.html,received custody through,data/document_harness/reference-cache/cidoc-7.1.3/CIDOC_CRM_v7.1.3.rdfs#P29i_received_custody_through
P2_has_type,property,has type,http://www.cidoc-crm.org/cidoc-crm/P2_has_type,"[""http://www.cidoc-crm.org/cidoc-crm/E1_CRM_Entity""]","[""http://www.cidoc-crm.org/cidoc-crm/E55_Type""]",[],"[""http://www.cidoc-crm.org/cidoc-crm/P2i_is_type_of""]",false,,main,data/document_harness/reference-cache/cidoc-7.1.3/CIDOC_CRM_v7.1.3.rdfs,7.1.3,rdf_encoding,P2,forward,declared_forward_in_main_rdfs,,[],https://cidoc-crm.org/html/cidoc_crm_v7.1.3.html,has type,data/document_harness/reference-cache/cidoc-7.1.3/CIDOC_CRM_v7.1.3.rdfs#P2_has_type
P2i_is_type_of,property,is type of,http://www.cidoc-crm.org/cidoc-crm/P2i_is_type_of,"[""http://www.cidoc-crm.org/cidoc-crm/E55_Type""]","[""http://www.cidoc-crm.org/cidoc-crm/E1_CRM_Entity""]",[],"[""http://www.cidoc-crm.org/cidoc-crm/P2_has_type""]",false,,main,data/document_harness/reference-cache/cidoc-7.1.3/CIDOC_CRM_v7.1.3.rdfs,7.1.3,rdf_encoding,P2,inverse,declared_inverse_in_main_rdfs,,[],https://cidoc-crm.org/html/cidoc_crm_v7.1.3.html,is type of,data/document_harness/reference-cache/cidoc-7.1.3/CIDOC_CRM_v7.1.3.rdfs#P2i_is_type_of
P30_transferred_custody_of,property,transferred custody of,http://www.cidoc-crm.org/cidoc-crm/P30_transferred_custody_of,"[""http://www.cidoc-crm.org/cidoc-crm/E10_Transfer_of_Custody""]","[""http://www.cidoc-crm.org/cidoc-crm/E18_Physical_Thing""]",[],"[""http://www.cidoc-crm.org/cidoc-crm/P30i_custody_transferred_through""]",false,,main,data/document_harness/reference-cache/cidoc-7.1.3/CIDOC_CRM_v7.1.3.rdfs,7.1.3,rdf_encoding,P30,forward,declared_forward_in_main_rdfs,,[],https://cidoc-crm.org/html/cidoc_crm_v7.1.3.html,transferred custody of,data/document_harness/reference-cache/cidoc-7.1.3/CIDOC_CRM_v7.1.3.rdfs#P30_transferred_custody_of
P30i_custody_transferred_through,property,custody transferred through,http://www.cidoc-crm.org/cidoc-crm/P30i_custody_transferred_through,"[""http://www.cidoc-crm.org/cidoc-crm/E18_Physical_Thing""]","[""http://www.cidoc-crm.org/cidoc-crm/E10_Transfer_of_Custody""]",[],"[""http://www.cidoc-crm.org/cidoc-crm/P30_transferred_custody_of""]",false,,main,data/document_harness/reference-cache/cidoc-7.1.3/CIDOC_CRM_v7.1.3.rdfs,7.1.3,rdf_encoding,P30,inverse,declared_inverse_in_main_rdfs,,[],https://cidoc-crm.org/html/cidoc_crm_v7.1.3.html,custody transferred through,data/document_harness/reference-cache/cidoc-7.1.3/CIDOC_CRM_v7.1.3.rdfs#P30i_custody_transferred_through
P31_has_modified,property,has modified,http://www.cidoc-crm.org/cidoc-crm/P31_has_modified,"[""http://www.cidoc-crm.org/cidoc-crm/E11_Modification""]","[""http://www.cidoc-crm.org/cidoc-crm/E18_Physical_Thing""]","[""http://www.cidoc-crm.org/cidoc-crm/P12_occurred_in_the_presence_of""]","[""http://www.cidoc-crm.org/cidoc-crm/P31i_was_modified_by""]",false,,main,data/document_harness/reference-cache/cidoc-7.1.3/CIDOC_CRM_v7.1.3.rdfs,7.1.3,rdf_encoding,P31,forward,declared_forward_in_main_rdfs,,[],https://cidoc-crm.org/html/cidoc_crm_v7.1.3.html,has modified,data/document_harness/reference-cache/cidoc-7.1.3/CIDOC_CRM_v7.1.3.rdfs#P31_has_modified
P31i_was_modified_by,property,was modified by,http://www.cidoc-crm.org/cidoc-crm/P31i_was_modified_by,"[""http://www.cidoc-crm.org/cidoc-crm/E18_Physical_Thing""]","[""http://www.cidoc-crm.org/cidoc-crm/E11_Modification""]","[""http://www.cidoc-crm.org/cidoc-crm/P12i_was_present_at""]","[""http://www.cidoc-crm.org/cidoc-crm/P31_has_modified""]",false,,main,data/document_harness/reference-cache/cidoc-7.1.3/CIDOC_CRM_v7.1.3.rdfs,7.1.3,rdf_encoding,P31,inverse,declared_inverse_in_main_rdfs,,[],https://cidoc-crm.org/html/cidoc_crm_v7.1.3.html,was modified by,data/document_harness/reference-cache/cidoc-7.1.3/CIDOC_CRM_v7.1.3.rdfs#P31i_was_modified_by
P32_used_general_technique,property,used general technique,http://www.cidoc-crm.org/cidoc-crm/P32_used_general_technique,"[""http://www.cidoc-crm.org/cidoc-crm/E7_Activity""]","[""http://www.cidoc-crm.org/cidoc-crm/E55_Type""]","[""http://www.cidoc-crm.org/cidoc-crm/P125_used_object_of_type""]","[""http://www.cidoc-crm.org/cidoc-crm/P32i_was_technique_of""]",false,,main,data/document_harness/reference-cache/cidoc-7.1.3/CIDOC_CRM_v7.1.3.rdfs,7.1.3,rdf_encoding,P32,forward,declared_forward_in_main_rdfs,,[],https://cidoc-crm.org/html/cidoc_crm_v7.1.3.html,used general technique,data/document_harness/reference-cache/cidoc-7.1.3/CIDOC_CRM_v7.1.3.rdfs#P32_used_general_technique
P32i_was_technique_of,property,was technique of,http://www.cidoc-crm.org/cidoc-crm/P32i_was_technique_of,"[""http://www.cidoc-crm.org/cidoc-crm/E55_Type""]","[""http://www.cidoc-crm.org/cidoc-crm/E7_Activity""]","[""http://www.cidoc-crm.org/cidoc-crm/P125i_was_type_of_object_used_in""]","[""http://www.cidoc-crm.org/cidoc-crm/P32_used_general_technique""]",false,,main,data/document_harness/reference-cache/cidoc-7.1.3/CIDOC_CRM_v7.1.3.rdfs,7.1.3,rdf_encoding,P32,inverse,declared_inverse_in_main_rdfs,,[],https://cidoc-crm.org/html/cidoc_crm_v7.1.3.html,was technique of,data/document_harness/reference-cache/cidoc-7.1.3/CIDOC_CRM_v7.1.3.rdfs#P32i_was_technique_of
P33_used_specific_technique,property,used specific technique,http://www.cidoc-crm.org/cidoc-crm/P33_used_specific_technique,"[""http://www.cidoc-crm.org/cidoc-crm/E7_Activity""]","[""http://www.cidoc-crm.org/cidoc-crm/E29_Design_or_Procedure""]","[""http://www.cidoc-crm.org/cidoc-crm/P16_used_specific_object""]","[""http://www.cidoc-crm.org/cidoc-crm/P33i_was_used_by""]",false,,main,data/document_harness/reference-cache/cidoc-7.1.3/CIDOC_CRM_v7.1.3.rdfs,7.1.3,rdf_encoding,P33,forward,declared_forward_in_main_rdfs,,[],https://cidoc-crm.org/html/cidoc_crm_v7.1.3.html,used specific technique,data/document_harness/reference-cache/cidoc-7.1.3/CIDOC_CRM_v7.1.3.rdfs#P33_used_specific_technique
P33i_was_used_by,property,was used by,http://www.cidoc-crm.org/cidoc-crm/P33i_was_used_by,"[""http://www.cidoc-crm.org/cidoc-crm/E29_Design_or_Procedure""]","[""http://www.cidoc-crm.org/cidoc-crm/E7_Activity""]","[""http://www.cidoc-crm.org/cidoc-crm/P16i_was_used_for""]","[""http://www.cidoc-crm.org/cidoc-crm/P33_used_specific_technique""]",false,,main,data/document_harness/reference-cache/cidoc-7.1.3/CIDOC_CRM_v7.1.3.rdfs,7.1.3,rdf_encoding,P33,inverse,declared_inverse_in_main_rdfs,,[],https://cidoc-crm.org/html/cidoc_crm_v7.1.3.html,was used by,data/document_harness/reference-cache/cidoc-7.1.3/CIDOC_CRM_v7.1.3.rdfs#P33i_was_used_by
P34_concerned,property,concerned,http://www.cidoc-crm.org/cidoc-crm/P34_concerned,"[""http://www.cidoc-crm.org/cidoc-crm/E14_Condition_Assessment""]","[""http://www.cidoc-crm.org/cidoc-crm/E18_Physical_Thing""]","[""http://www.cidoc-crm.org/cidoc-crm/P140_assigned_attribute_to""]","[""http://www.cidoc-crm.org/cidoc-crm/P34i_was_assessed_by""]",false,,main,data/document_harness/reference-cache/cidoc-7.1.3/CIDOC_CRM_v7.1.3.rdfs,7.1.3,rdf_encoding,P34,forward,declared_forward_in_main_rdfs,,[],https://cidoc-crm.org/html/cidoc_crm_v7.1.3.html,concerned,data/document_harness/reference-cache/cidoc-7.1.3/CIDOC_CRM_v7.1.3.rdfs#P34_concerned
P34i_was_assessed_by,property,was assessed by,http://www.cidoc-crm.org/cidoc-crm/P34i_was_assessed_by,"[""http://www.cidoc-crm.org/cidoc-crm/E18_Physical_Thing""]","[""http://www.cidoc-crm.org/cidoc-crm/E14_Condition_Assessment""]","[""http://www.cidoc-crm.org/cidoc-crm/P140i_was_attributed_by""]","[""http://www.cidoc-crm.org/cidoc-crm/P34_concerned""]",false,,main,data/document_harness/reference-cache/cidoc-7.1.3/CIDOC_CRM_v7.1.3.rdfs,7.1.3,rdf_encoding,P34,inverse,declared_inverse_in_main_rdfs,,[],https://cidoc-crm.org/html/cidoc_crm_v7.1.3.html,was assessed by,data/document_harness/reference-cache/cidoc-7.1.3/CIDOC_CRM_v7.1.3.rdfs#P34i_was_assessed_by
P35_has_identified,property,has identified,http://www.cidoc-crm.org/cidoc-crm/P35_has_identified,"[""http://www.cidoc-crm.org/cidoc-crm/E14_Condition_Assessment""]","[""http://www.cidoc-crm.org/cidoc-crm/E3_Condition_State""]","[""http://www.cidoc-crm.org/cidoc-crm/P141_assigned""]","[""http://www.cidoc-crm.org/cidoc-crm/P35i_was_identified_by""]",false,,main,data/document_harness/reference-cache/cidoc-7.1.3/CIDOC_CRM_v7.1.3.rdfs,7.1.3,rdf_encoding,P35,forward,declared_forward_in_main_rdfs,,[],https://cidoc-crm.org/html/cidoc_crm_v7.1.3.html,has identified,data/document_harness/reference-cache/cidoc-7.1.3/CIDOC_CRM_v7.1.3.rdfs#P35_has_identified
P35i_was_identified_by,property,was identified by,http://www.cidoc-crm.org/cidoc-crm/P35i_was_identified_by,"[""http://www.cidoc-crm.org/cidoc-crm/E3_Condition_State""]","[""http://www.cidoc-crm.org/cidoc-crm/E14_Condition_Assessment""]","[""http://www.cidoc-crm.org/cidoc-crm/P141i_was_assigned_by""]","[""http://www.cidoc-crm.org/cidoc-crm/P35_has_identified""]",false,,main,data/document_harness/reference-cache/cidoc-7.1.3/CIDOC_CRM_v7.1.3.rdfs,7.1.3,rdf_encoding,P35,inverse,declared_inverse_in_main_rdfs,,[],https://cidoc-crm.org/html/cidoc_crm_v7.1.3.html,was identified by,data/document_harness/reference-cache/cidoc-7.1.3/CIDOC_CRM_v7.1.3.rdfs#P35i_was_identified_by
P37_assigned,property,assigned,http://www.cidoc-crm.org/cidoc-crm/P37_assigned,"[""http://www.cidoc-crm.org/cidoc-crm/E15_Identifier_Assignment""]","[""http://www.cidoc-crm.org/cidoc-crm/E42_Identifier""]","[""http://www.cidoc-crm.org/cidoc-crm/P141_assigned""]","[""http://www.cidoc-crm.org/cidoc-crm/P37i_was_assigned_by""]",false,,main,data/document_harness/reference-cache/cidoc-7.1.3/CIDOC_CRM_v7.1.3.rdfs,7.1.3,rdf_encoding,P37,forward,declared_forward_in_main_rdfs,,[],https://cidoc-crm.org/html/cidoc_crm_v7.1.3.html,assigned,data/document_harness/reference-cache/cidoc-7.1.3/CIDOC_CRM_v7.1.3.rdfs#P37_assigned
P37i_was_assigned_by,property,was assigned by,http://www.cidoc-crm.org/cidoc-crm/P37i_was_assigned_by,"[""http://www.cidoc-crm.org/cidoc-crm/E42_Identifier""]","[""http://www.cidoc-crm.org/cidoc-crm/E15_Identifier_Assignment""]","[""http://www.cidoc-crm.org/cidoc-crm/P141i_was_assigned_by""]","[""http://www.cidoc-crm.org/cidoc-crm/P37_assigned""]",false,,main,data/document_harness/reference-cache/cidoc-7.1.3/CIDOC_CRM_v7.1.3.rdfs,7.1.3,rdf_encoding,P37,inverse,declared_inverse_in_main_rdfs,,[],https://cidoc-crm.org/html/cidoc_crm_v7.1.3.html,was assigned by,data/document_harness/reference-cache/cidoc-7.1.3/CIDOC_CRM_v7.1.3.rdfs#P37i_was_assigned_by
P38_deassigned,property,deassigned,http://www.cidoc-crm.org/cidoc-crm/P38_deassigned,"[""http://www.cidoc-crm.org/cidoc-crm/E15_Identifier_Assignment""]","[""http://www.cidoc-crm.org/cidoc-crm/E42_Identifier""]","[""http://www.cidoc-crm.org/cidoc-crm/P141_assigned""]","[""http://www.cidoc-crm.org/cidoc-crm/P38i_was_deassigned_by""]",false,,main,data/document_harness/reference-cache/cidoc-7.1.3/CIDOC_CRM_v7.1.3.rdfs,7.1.3,rdf_encoding,P38,forward,declared_forward_in_main_rdfs,,[],https://cidoc-crm.org/html/cidoc_crm_v7.1.3.html,deassigned,data/document_harness/reference-cache/cidoc-7.1.3/CIDOC_CRM_v7.1.3.rdfs#P38_deassigned
P38i_was_deassigned_by,property,was deassigned by,http://www.cidoc-crm.org/cidoc-crm/P38i_was_deassigned_by,"[""http://www.cidoc-crm.org/cidoc-crm/E42_Identifier""]","[""http://www.cidoc-crm.org/cidoc-crm/E15_Identifier_Assignment""]","[""http://www.cidoc-crm.org/cidoc-crm/P141i_was_assigned_by""]","[""http://www.cidoc-crm.org/cidoc-crm/P38_deassigned""]",false,,main,data/document_harness/reference-cache/cidoc-7.1.3/CIDOC_CRM_v7.1.3.rdfs,7.1.3,rdf_encoding,P38,inverse,declared_inverse_in_main_rdfs,,[],https://cidoc-crm.org/html/cidoc_crm_v7.1.3.html,was deassigned by,data/document_harness/reference-cache/cidoc-7.1.3/CIDOC_CRM_v7.1.3.rdfs#P38i_was_deassigned_by
P39_measured,property,measured,http://www.cidoc-crm.org/cidoc-crm/P39_measured,"[""http://www.cidoc-crm.org/cidoc-crm/E16_Measurement""]","[""http://www.cidoc-crm.org/cidoc-crm/E18_Physical_Thing""]","[""http://www.cidoc-crm.org/cidoc-crm/P140_assigned_attribute_to""]","[""http://www.cidoc-crm.org/cidoc-crm/P39i_was_measured_by""]",false,,main,data/document_harness/reference-cache/cidoc-7.1.3/CIDOC_CRM_v7.1.3.rdfs,7.1.3,rdf_encoding,P39,forward,declared_forward_in_main_rdfs,,[],https://cidoc-crm.org/html/cidoc_crm_v7.1.3.html,measured,data/document_harness/reference-cache/cidoc-7.1.3/CIDOC_CRM_v7.1.3.rdfs#P39_measured
P39i_was_measured_by,property,was measured by,http://www.cidoc-crm.org/cidoc-crm/P39i_was_measured_by,"[""http://www.cidoc-crm.org/cidoc-crm/E18_Physical_Thing""]","[""http://www.cidoc-crm.org/cidoc-crm/E16_Measurement""]","[""http://www.cidoc-crm.org/cidoc-crm/P140i_was_attributed_by""]","[""http://www.cidoc-crm.org/cidoc-crm/P39_measured""]",false,,main,data/document_harness/reference-cache/cidoc-7.1.3/CIDOC_CRM_v7.1.3.rdfs,7.1.3,rdf_encoding,P39,inverse,declared_inverse_in_main_rdfs,,[],https://cidoc-crm.org/html/cidoc_crm_v7.1.3.html,was measured by,data/document_harness/reference-cache/cidoc-7.1.3/CIDOC_CRM_v7.1.3.rdfs#P39i_was_measured_by
P3_has_note,property,has note,http://www.cidoc-crm.org/cidoc-crm/P3_has_note,"[""http://www.cidoc-crm.org/cidoc-crm/E1_CRM_Entity""]","[""http://www.w3.org/2000/01/rdf-schema#Literal""]",[],[],false,,main,data/document_harness/reference-cache/cidoc-7.1.3/CIDOC_CRM_v7.1.3.rdfs,7.1.3,rdf_encoding,P3,forward,declared_forward_in_main_rdfs,rdfs:Literal declared as range in this RDFS encoding,[],https://cidoc-crm.org/html/cidoc_crm_v7.1.3.html,has note,data/document_harness/reference-cache/cidoc-7.1.3/CIDOC_CRM_v7.1.3.rdfs#P3_has_note
P40_observed_dimension,property,observed dimension,http://www.cidoc-crm.org/cidoc-crm/P40_observed_dimension,"[""http://www.cidoc-crm.org/cidoc-crm/E16_Measurement""]","[""http://www.cidoc-crm.org/cidoc-crm/E54_Dimension""]","[""http://www.cidoc-crm.org/cidoc-crm/P141_assigned""]","[""http://www.cidoc-crm.org/cidoc-crm/P40i_was_observed_in""]",false,,main,data/document_harness/reference-cache/cidoc-7.1.3/CIDOC_CRM_v7.1.3.rdfs,7.1.3,rdf_encoding,P40,forward,declared_forward_in_main_rdfs,,[],https://cidoc-crm.org/html/cidoc_crm_v7.1.3.html,observed dimension,data/document_harness/reference-cache/cidoc-7.1.3/CIDOC_CRM_v7.1.3.rdfs#P40_observed_dimension
P40i_was_observed_in,property,was observed in,http://www.cidoc-crm.org/cidoc-crm/P40i_was_observed_in,"[""http://www.cidoc-crm.org/cidoc-crm/E54_Dimension""]","[""http://www.cidoc-crm.org/cidoc-crm/E16_Measurement""]","[""http://www.cidoc-crm.org/cidoc-crm/P141i_was_assigned_by""]","[""http://www.cidoc-crm.org/cidoc-crm/P40_observed_dimension""]",false,,main,data/document_harness/reference-cache/cidoc-7.1.3/CIDOC_CRM_v7.1.3.rdfs,7.1.3,rdf_encoding,P40,inverse,declared_inverse_in_main_rdfs,,[],https://cidoc-crm.org/html/cidoc_crm_v7.1.3.html,was observed in,data/document_harness/reference-cache/cidoc-7.1.3/CIDOC_CRM_v7.1.3.rdfs#P40i_was_observed_in
P41_classified,property,classified,http://www.cidoc-crm.org/cidoc-crm/P41_classified,"[""http://www.cidoc-crm.org/cidoc-crm/E17_Type_Assignment""]","[""http://www.cidoc-crm.org/cidoc-crm/E1_CRM_Entity""]","[""http://www.cidoc-crm.org/cidoc-crm/P140_assigned_attribute_to""]","[""http://www.cidoc-crm.org/cidoc-crm/P41i_was_classified_by""]",false,,main,data/document_harness/reference-cache/cidoc-7.1.3/CIDOC_CRM_v7.1.3.rdfs,7.1.3,rdf_encoding,P41,forward,declared_forward_in_main_rdfs,,[],https://cidoc-crm.org/html/cidoc_crm_v7.1.3.html,classified,data/document_harness/reference-cache/cidoc-7.1.3/CIDOC_CRM_v7.1.3.rdfs#P41_classified
P41i_was_classified_by,property,was classified by,http://www.cidoc-crm.org/cidoc-crm/P41i_was_classified_by,"[""http://www.cidoc-crm.org/cidoc-crm/E1_CRM_Entity""]","[""http://www.cidoc-crm.org/cidoc-crm/E17_Type_Assignment""]","[""http://www.cidoc-crm.org/cidoc-crm/P140i_was_attributed_by""]","[""http://www.cidoc-crm.org/cidoc-crm/P41_classified""]",false,,main,data/document_harness/reference-cache/cidoc-7.1.3/CIDOC_CRM_v7.1.3.rdfs,7.1.3,rdf_encoding,P41,inverse,declared_inverse_in_main_rdfs,,[],https://cidoc-crm.org/html/cidoc_crm_v7.1.3.html,was classified by,data/document_harness/reference-cache/cidoc-7.1.3/CIDOC_CRM_v7.1.3.rdfs#P41i_was_classified_by
P42_assigned,property,assigned,http://www.cidoc-crm.org/cidoc-crm/P42_assigned,"[""http://www.cidoc-crm.org/cidoc-crm/E17_Type_Assignment""]","[""http://www.cidoc-crm.org/cidoc-crm/E55_Type""]","[""http://www.cidoc-crm.org/cidoc-crm/P141_assigned""]","[""http://www.cidoc-crm.org/cidoc-crm/P42i_was_assigned_by""]",false,,main,data/document_harness/reference-cache/cidoc-7.1.3/CIDOC_CRM_v7.1.3.rdfs,7.1.3,rdf_encoding,P42,forward,declared_forward_in_main_rdfs,,[],https://cidoc-crm.org/html/cidoc_crm_v7.1.3.html,assigned,data/document_harness/reference-cache/cidoc-7.1.3/CIDOC_CRM_v7.1.3.rdfs#P42_assigned
P42i_was_assigned_by,property,was assigned by,http://www.cidoc-crm.org/cidoc-crm/P42i_was_assigned_by,"[""http://www.cidoc-crm.org/cidoc-crm/E55_Type""]","[""http://www.cidoc-crm.org/cidoc-crm/E17_Type_Assignment""]","[""http://www.cidoc-crm.org/cidoc-crm/P141i_was_assigned_by""]","[""http://www.cidoc-crm.org/cidoc-crm/P42_assigned""]",false,,main,data/document_harness/reference-cache/cidoc-7.1.3/CIDOC_CRM_v7.1.3.rdfs,7.1.3,rdf_encoding,P42,inverse,declared_inverse_in_main_rdfs,,[],https://cidoc-crm.org/html/cidoc_crm_v7.1.3.html,was assigned by,data/document_harness/reference-cache/cidoc-7.1.3/CIDOC_CRM_v7.1.3.rdfs#P42i_was_assigned_by
P43_has_dimension,property,has dimension,http://www.cidoc-crm.org/cidoc-crm/P43_has_dimension,"[""http://www.cidoc-crm.org/cidoc-crm/E70_Thing""]","[""http://www.cidoc-crm.org/cidoc-crm/E54_Dimension""]",[],"[""http://www.cidoc-crm.org/cidoc-crm/P43i_is_dimension_of""]",false,,main,data/document_harness/reference-cache/cidoc-7.1.3/CIDOC_CRM_v7.1.3.rdfs,7.1.3,rdf_encoding,P43,forward,declared_forward_in_main_rdfs,,[],https://cidoc-crm.org/html/cidoc_crm_v7.1.3.html,has dimension,data/document_harness/reference-cache/cidoc-7.1.3/CIDOC_CRM_v7.1.3.rdfs#P43_has_dimension
P43i_is_dimension_of,property,is dimension of,http://www.cidoc-crm.org/cidoc-crm/P43i_is_dimension_of,"[""http://www.cidoc-crm.org/cidoc-crm/E54_Dimension""]","[""http://www.cidoc-crm.org/cidoc-crm/E70_Thing""]",[],"[""http://www.cidoc-crm.org/cidoc-crm/P43_has_dimension""]",false,,main,data/document_harness/reference-cache/cidoc-7.1.3/CIDOC_CRM_v7.1.3.rdfs,7.1.3,rdf_encoding,P43,inverse,declared_inverse_in_main_rdfs,,[],https://cidoc-crm.org/html/cidoc_crm_v7.1.3.html,is dimension of,data/document_harness/reference-cache/cidoc-7.1.3/CIDOC_CRM_v7.1.3.rdfs#P43i_is_dimension_of
P44_has_condition,property,has condition,http://www.cidoc-crm.org/cidoc-crm/P44_has_condition,"[""http://www.cidoc-crm.org/cidoc-crm/E18_Physical_Thing""]","[""http://www.cidoc-crm.org/cidoc-crm/E3_Condition_State""]",[],"[""http://www.cidoc-crm.org/cidoc-crm/P44i_is_condition_of""]",false,,main,data/document_harness/reference-cache/cidoc-7.1.3/CIDOC_CRM_v7.1.3.rdfs,7.1.3,rdf_encoding,P44,forward,declared_forward_in_main_rdfs,,[],https://cidoc-crm.org/html/cidoc_crm_v7.1.3.html,has condition,data/document_harness/reference-cache/cidoc-7.1.3/CIDOC_CRM_v7.1.3.rdfs#P44_has_condition
P44i_is_condition_of,property,is condition of,http://www.cidoc-crm.org/cidoc-crm/P44i_is_condition_of,"[""http://www.cidoc-crm.org/cidoc-crm/E3_Condition_State""]","[""http://www.cidoc-crm.org/cidoc-crm/E18_Physical_Thing""]",[],"[""http://www.cidoc-crm.org/cidoc-crm/P44_has_condition""]",false,,main,data/document_harness/reference-cache/cidoc-7.1.3/CIDOC_CRM_v7.1.3.rdfs,7.1.3,rdf_encoding,P44,inverse,declared_inverse_in_main_rdfs,,[],https://cidoc-crm.org/html/cidoc_crm_v7.1.3.html,is condition of,data/document_harness/reference-cache/cidoc-7.1.3/CIDOC_CRM_v7.1.3.rdfs#P44i_is_condition_of
P45_consists_of,property,consists of,http://www.cidoc-crm.org/cidoc-crm/P45_consists_of,"[""http://www.cidoc-crm.org/cidoc-crm/E18_Physical_Thing""]","[""http://www.cidoc-crm.org/cidoc-crm/E57_Material""]",[],"[""http://www.cidoc-crm.org/cidoc-crm/P45i_is_incorporated_in""]",false,,main,data/document_harness/reference-cache/cidoc-7.1.3/CIDOC_CRM_v7.1.3.rdfs,7.1.3,rdf_encoding,P45,forward,declared_forward_in_main_rdfs,,[],https://cidoc-crm.org/html/cidoc_crm_v7.1.3.html,consists of,data/document_harness/reference-cache/cidoc-7.1.3/CIDOC_CRM_v7.1.3.rdfs#P45_consists_of
P45i_is_incorporated_in,property,is incorporated in,http://www.cidoc-crm.org/cidoc-crm/P45i_is_incorporated_in,"[""http://www.cidoc-crm.org/cidoc-crm/E57_Material""]","[""http://www.cidoc-crm.org/cidoc-crm/E18_Physical_Thing""]",[],"[""http://www.cidoc-crm.org/cidoc-crm/P45_consists_of""]",false,,main,data/document_harness/reference-cache/cidoc-7.1.3/CIDOC_CRM_v7.1.3.rdfs,7.1.3,rdf_encoding,P45,inverse,declared_inverse_in_main_rdfs,,[],https://cidoc-crm.org/html/cidoc_crm_v7.1.3.html,is incorporated in,data/document_harness/reference-cache/cidoc-7.1.3/CIDOC_CRM_v7.1.3.rdfs#P45i_is_incorporated_in
P46_is_composed_of,property,is composed of,http://www.cidoc-crm.org/cidoc-crm/P46_is_composed_of,"[""http://www.cidoc-crm.org/cidoc-crm/E18_Physical_Thing""]","[""http://www.cidoc-crm.org/cidoc-crm/E18_Physical_Thing""]",[],"[""http://www.cidoc-crm.org/cidoc-crm/P46i_forms_part_of""]",false,,main,data/document_harness/reference-cache/cidoc-7.1.3/CIDOC_CRM_v7.1.3.rdfs,7.1.3,rdf_encoding,P46,forward,declared_forward_in_main_rdfs,,[],https://cidoc-crm.org/html/cidoc_crm_v7.1.3.html,is composed of,data/document_harness/reference-cache/cidoc-7.1.3/CIDOC_CRM_v7.1.3.rdfs#P46_is_composed_of
P46i_forms_part_of,property,forms part of,http://www.cidoc-crm.org/cidoc-crm/P46i_forms_part_of,"[""http://www.cidoc-crm.org/cidoc-crm/E18_Physical_Thing""]","[""http://www.cidoc-crm.org/cidoc-crm/E18_Physical_Thing""]",[],"[""http://www.cidoc-crm.org/cidoc-crm/P46_is_composed_of""]",false,,main,data/document_harness/reference-cache/cidoc-7.1.3/CIDOC_CRM_v7.1.3.rdfs,7.1.3,rdf_encoding,P46,inverse,declared_inverse_in_main_rdfs,,[],https://cidoc-crm.org/html/cidoc_crm_v7.1.3.html,forms part of,data/document_harness/reference-cache/cidoc-7.1.3/CIDOC_CRM_v7.1.3.rdfs#P46i_forms_part_of
P48_has_preferred_identifier,property,has preferred identifier,http://www.cidoc-crm.org/cidoc-crm/P48_has_preferred_identifier,"[""http://www.cidoc-crm.org/cidoc-crm/E1_CRM_Entity""]","[""http://www.cidoc-crm.org/cidoc-crm/E42_Identifier""]","[""http://www.cidoc-crm.org/cidoc-crm/P1_is_identified_by""]","[""http://www.cidoc-crm.org/cidoc-crm/P48i_is_preferred_identifier_of""]",false,,main,data/document_harness/reference-cache/cidoc-7.1.3/CIDOC_CRM_v7.1.3.rdfs,7.1.3,rdf_encoding,P48,forward,declared_forward_in_main_rdfs,,[],https://cidoc-crm.org/html/cidoc_crm_v7.1.3.html,has preferred identifier,data/document_harness/reference-cache/cidoc-7.1.3/CIDOC_CRM_v7.1.3.rdfs#P48_has_preferred_identifier
P48i_is_preferred_identifier_of,property,is preferred identifier of,http://www.cidoc-crm.org/cidoc-crm/P48i_is_preferred_identifier_of,"[""http://www.cidoc-crm.org/cidoc-crm/E42_Identifier""]","[""http://www.cidoc-crm.org/cidoc-crm/E1_CRM_Entity""]","[""http://www.cidoc-crm.org/cidoc-crm/P1i_identifies""]","[""http://www.cidoc-crm.org/cidoc-crm/P48_has_preferred_identifier""]",false,,main,data/document_harness/reference-cache/cidoc-7.1.3/CIDOC_CRM_v7.1.3.rdfs,7.1.3,rdf_encoding,P48,inverse,declared_inverse_in_main_rdfs,,[],https://cidoc-crm.org/html/cidoc_crm_v7.1.3.html,is preferred identifier of,data/document_harness/reference-cache/cidoc-7.1.3/CIDOC_CRM_v7.1.3.rdfs#P48i_is_preferred_identifier_of
P49_has_former_or_current_keeper,property,has former or current keeper,http://www.cidoc-crm.org/cidoc-crm/P49_has_former_or_current_keeper,"[""http://www.cidoc-crm.org/cidoc-crm/E18_Physical_Thing""]","[""http://www.cidoc-crm.org/cidoc-crm/E39_Actor""]",[],"[""http://www.cidoc-crm.org/cidoc-crm/P49i_is_former_or_current_keeper_of""]",false,,main,data/document_harness/reference-cache/cidoc-7.1.3/CIDOC_CRM_v7.1.3.rdfs,7.1.3,rdf_encoding,P49,forward,declared_forward_in_main_rdfs,,[],https://cidoc-crm.org/html/cidoc_crm_v7.1.3.html,has former or current keeper,data/document_harness/reference-cache/cidoc-7.1.3/CIDOC_CRM_v7.1.3.rdfs#P49_has_former_or_current_keeper
P49i_is_former_or_current_keeper_of,property,is former or current keeper of,http://www.cidoc-crm.org/cidoc-crm/P49i_is_former_or_current_keeper_of,"[""http://www.cidoc-crm.org/cidoc-crm/E39_Actor""]","[""http://www.cidoc-crm.org/cidoc-crm/E18_Physical_Thing""]",[],"[""http://www.cidoc-crm.org/cidoc-crm/P49_has_former_or_current_keeper""]",false,,main,data/document_harness/reference-cache/cidoc-7.1.3/CIDOC_CRM_v7.1.3.rdfs,7.1.3,rdf_encoding,P49,inverse,declared_inverse_in_main_rdfs,,[],https://cidoc-crm.org/html/cidoc_crm_v7.1.3.html,is former or current keeper of,data/document_harness/reference-cache/cidoc-7.1.3/CIDOC_CRM_v7.1.3.rdfs#P49i_is_former_or_current_keeper_of
P4_has_time-span,property,has time-span,http://www.cidoc-crm.org/cidoc-crm/P4_has_time-span,"[""http://www.cidoc-crm.org/cidoc-crm/E2_Temporal_Entity""]","[""http://www.cidoc-crm.org/cidoc-crm/E52_Time-Span""]",[],"[""http://www.cidoc-crm.org/cidoc-crm/P4i_is_time-span_of""]",false,,main,data/document_harness/reference-cache/cidoc-7.1.3/CIDOC_CRM_v7.1.3.rdfs,7.1.3,rdf_encoding,P4,forward,declared_forward_in_main_rdfs,,[],https://cidoc-crm.org/html/cidoc_crm_v7.1.3.html,has time-span,data/document_harness/reference-cache/cidoc-7.1.3/CIDOC_CRM_v7.1.3.rdfs#P4_has_time-span
P4i_is_time-span_of,property,is time-span of,http://www.cidoc-crm.org/cidoc-crm/P4i_is_time-span_of,"[""http://www.cidoc-crm.org/cidoc-crm/E52_Time-Span""]","[""http://www.cidoc-crm.org/cidoc-crm/E2_Temporal_Entity""]",[],"[""http://www.cidoc-crm.org/cidoc-crm/P4_has_time-span""]",false,,main,data/document_harness/reference-cache/cidoc-7.1.3/CIDOC_CRM_v7.1.3.rdfs,7.1.3,rdf_encoding,P4,inverse,declared_inverse_in_main_rdfs,,[],https://cidoc-crm.org/html/cidoc_crm_v7.1.3.html,is time-span of,data/document_harness/reference-cache/cidoc-7.1.3/CIDOC_CRM_v7.1.3.rdfs#P4i_is_time-span_of
P50_has_current_keeper,property,has current keeper,http://www.cidoc-crm.org/cidoc-crm/P50_has_current_keeper,"[""http://www.cidoc-crm.org/cidoc-crm/E18_Physical_Thing""]","[""http://www.cidoc-crm.org/cidoc-crm/E39_Actor""]","[""http://www.cidoc-crm.org/cidoc-crm/P49_has_former_or_current_keeper""]","[""http://www.cidoc-crm.org/cidoc-crm/P50i_is_current_keeper_of""]",false,,main,data/document_harness/reference-cache/cidoc-7.1.3/CIDOC_CRM_v7.1.3.rdfs,7.1.3,rdf_encoding,P50,forward,declared_forward_in_main_rdfs,,[],https://cidoc-crm.org/html/cidoc_crm_v7.1.3.html,has current keeper,data/document_harness/reference-cache/cidoc-7.1.3/CIDOC_CRM_v7.1.3.rdfs#P50_has_current_keeper
P50i_is_current_keeper_of,property,is current keeper of,http://www.cidoc-crm.org/cidoc-crm/P50i_is_current_keeper_of,"[""http://www.cidoc-crm.org/cidoc-crm/E39_Actor""]","[""http://www.cidoc-crm.org/cidoc-crm/E18_Physical_Thing""]","[""http://www.cidoc-crm.org/cidoc-crm/P49i_is_former_or_current_keeper_of""]","[""http://www.cidoc-crm.org/cidoc-crm/P50_has_current_keeper""]",false,,main,data/document_harness/reference-cache/cidoc-7.1.3/CIDOC_CRM_v7.1.3.rdfs,7.1.3,rdf_encoding,P50,inverse,declared_inverse_in_main_rdfs,,[],https://cidoc-crm.org/html/cidoc_crm_v7.1.3.html,is current keeper of,data/document_harness/reference-cache/cidoc-7.1.3/CIDOC_CRM_v7.1.3.rdfs#P50i_is_current_keeper_of
P51_has_former_or_current_owner,property,has former or current owner,http://www.cidoc-crm.org/cidoc-crm/P51_has_former_or_current_owner,"[""http://www.cidoc-crm.org/cidoc-crm/E18_Physical_Thing""]","[""http://www.cidoc-crm.org/cidoc-crm/E39_Actor""]",[],"[""http://www.cidoc-crm.org/cidoc-crm/P51i_is_former_or_current_owner_of""]",false,,main,data/document_harness/reference-cache/cidoc-7.1.3/CIDOC_CRM_v7.1.3.rdfs,7.1.3,rdf_encoding,P51,forward,declared_forward_in_main_rdfs,,[],https://cidoc-crm.org/html/cidoc_crm_v7.1.3.html,has former or current owner,data/document_harness/reference-cache/cidoc-7.1.3/CIDOC_CRM_v7.1.3.rdfs#P51_has_former_or_current_owner
P51i_is_former_or_current_owner_of,property,is former or current owner of,http://www.cidoc-crm.org/cidoc-crm/P51i_is_former_or_current_owner_of,"[""http://www.cidoc-crm.org/cidoc-crm/E39_Actor""]","[""http://www.cidoc-crm.org/cidoc-crm/E18_Physical_Thing""]",[],"[""http://www.cidoc-crm.org/cidoc-crm/P51_has_former_or_current_owner""]",false,,main,data/document_harness/reference-cache/cidoc-7.1.3/CIDOC_CRM_v7.1.3.rdfs,7.1.3,rdf_encoding,P51,inverse,declared_inverse_in_main_rdfs,,[],https://cidoc-crm.org/html/cidoc_crm_v7.1.3.html,is former or current owner of,data/document_harness/reference-cache/cidoc-7.1.3/CIDOC_CRM_v7.1.3.rdfs#P51i_is_former_or_current_owner_of
P52_has_current_owner,property,has current owner,http://www.cidoc-crm.org/cidoc-crm/P52_has_current_owner,"[""http://www.cidoc-crm.org/cidoc-crm/E18_Physical_Thing""]","[""http://www.cidoc-crm.org/cidoc-crm/E39_Actor""]","[""http://www.cidoc-crm.org/cidoc-crm/P51_has_former_or_current_owner"",""http://www.cidoc-crm.org/cidoc-crm/P105_right_held_by""]","[""http://www.cidoc-crm.org/cidoc-crm/P52i_is_current_owner_of""]",false,,main,data/document_harness/reference-cache/cidoc-7.1.3/CIDOC_CRM_v7.1.3.rdfs,7.1.3,rdf_encoding,P52,forward,declared_forward_in_main_rdfs,,[],https://cidoc-crm.org/html/cidoc_crm_v7.1.3.html,has current owner,data/document_harness/reference-cache/cidoc-7.1.3/CIDOC_CRM_v7.1.3.rdfs#P52_has_current_owner
P52i_is_current_owner_of,property,is current owner of,http://www.cidoc-crm.org/cidoc-crm/P52i_is_current_owner_of,"[""http://www.cidoc-crm.org/cidoc-crm/E39_Actor""]","[""http://www.cidoc-crm.org/cidoc-crm/E18_Physical_Thing""]","[""http://www.cidoc-crm.org/cidoc-crm/P51i_is_former_or_current_owner_of"",""http://www.cidoc-crm.org/cidoc-crm/P105i_has_right_on""]","[""http://www.cidoc-crm.org/cidoc-crm/P52_has_current_owner""]",false,,main,data/document_harness/reference-cache/cidoc-7.1.3/CIDOC_CRM_v7.1.3.rdfs,7.1.3,rdf_encoding,P52,inverse,declared_inverse_in_main_rdfs,,[],https://cidoc-crm.org/html/cidoc_crm_v7.1.3.html,is current owner of,data/document_harness/reference-cache/cidoc-7.1.3/CIDOC_CRM_v7.1.3.rdfs#P52i_is_current_owner_of
P53_has_former_or_current_location,property,has former or current location,http://www.cidoc-crm.org/cidoc-crm/P53_has_former_or_current_location,"[""http://www.cidoc-crm.org/cidoc-crm/E18_Physical_Thing""]","[""http://www.cidoc-crm.org/cidoc-crm/E53_Place""]",[],"[""http://www.cidoc-crm.org/cidoc-crm/P53i_is_former_or_current_location_of""]",false,,main,data/document_harness/reference-cache/cidoc-7.1.3/CIDOC_CRM_v7.1.3.rdfs,7.1.3,rdf_encoding,P53,forward,declared_forward_in_main_rdfs,,[],https://cidoc-crm.org/html/cidoc_crm_v7.1.3.html,has former or current location,data/document_harness/reference-cache/cidoc-7.1.3/CIDOC_CRM_v7.1.3.rdfs#P53_has_former_or_current_location
P53i_is_former_or_current_location_of,property,is former or current location of,http://www.cidoc-crm.org/cidoc-crm/P53i_is_former_or_current_location_of,"[""http://www.cidoc-crm.org/cidoc-crm/E53_Place""]","[""http://www.cidoc-crm.org/cidoc-crm/E18_Physical_Thing""]",[],"[""http://www.cidoc-crm.org/cidoc-crm/P53_has_former_or_current_location""]",false,,main,data/document_harness/reference-cache/cidoc-7.1.3/CIDOC_CRM_v7.1.3.rdfs,7.1.3,rdf_encoding,P53,inverse,declared_inverse_in_main_rdfs,,[],https://cidoc-crm.org/html/cidoc_crm_v7.1.3.html,is former or current location of,data/document_harness/reference-cache/cidoc-7.1.3/CIDOC_CRM_v7.1.3.rdfs#P53i_is_former_or_current_location_of
P54_has_current_permanent_location,property,has current permanent location,http://www.cidoc-crm.org/cidoc-crm/P54_has_current_permanent_location,"[""http://www.cidoc-crm.org/cidoc-crm/E19_Physical_Object""]","[""http://www.cidoc-crm.org/cidoc-crm/E53_Place""]",[],"[""http://www.cidoc-crm.org/cidoc-crm/P54i_is_current_permanent_location_of""]",false,,main,data/document_harness/reference-cache/cidoc-7.1.3/CIDOC_CRM_v7.1.3.rdfs,7.1.3,rdf_encoding,P54,forward,declared_forward_in_main_rdfs,,[],https://cidoc-crm.org/html/cidoc_crm_v7.1.3.html,has current permanent location,data/document_harness/reference-cache/cidoc-7.1.3/CIDOC_CRM_v7.1.3.rdfs#P54_has_current_permanent_location
P54i_is_current_permanent_location_of,property,is current permanent location of,http://www.cidoc-crm.org/cidoc-crm/P54i_is_current_permanent_location_of,"[""http://www.cidoc-crm.org/cidoc-crm/E53_Place""]","[""http://www.cidoc-crm.org/cidoc-crm/E19_Physical_Object""]",[],"[""http://www.cidoc-crm.org/cidoc-crm/P54_has_current_permanent_location""]",false,,main,data/document_harness/reference-cache/cidoc-7.1.3/CIDOC_CRM_v7.1.3.rdfs,7.1.3,rdf_encoding,P54,inverse,declared_inverse_in_main_rdfs,,[],https://cidoc-crm.org/html/cidoc_crm_v7.1.3.html,is current permanent location of,data/document_harness/reference-cache/cidoc-7.1.3/CIDOC_CRM_v7.1.3.rdfs#P54i_is_current_permanent_location_of
P55_has_current_location,property,has current location,http://www.cidoc-crm.org/cidoc-crm/P55_has_current_location,"[""http://www.cidoc-crm.org/cidoc-crm/E19_Physical_Object""]","[""http://www.cidoc-crm.org/cidoc-crm/E53_Place""]","[""http://www.cidoc-crm.org/cidoc-crm/P53_has_former_or_current_location""]","[""http://www.cidoc-crm.org/cidoc-crm/P55i_currently_holds""]",false,,main,data/document_harness/reference-cache/cidoc-7.1.3/CIDOC_CRM_v7.1.3.rdfs,7.1.3,rdf_encoding,P55,forward,declared_forward_in_main_rdfs,,[],https://cidoc-crm.org/html/cidoc_crm_v7.1.3.html,has current location,data/document_harness/reference-cache/cidoc-7.1.3/CIDOC_CRM_v7.1.3.rdfs#P55_has_current_location
P55i_currently_holds,property,currently holds,http://www.cidoc-crm.org/cidoc-crm/P55i_currently_holds,"[""http://www.cidoc-crm.org/cidoc-crm/E53_Place""]","[""http://www.cidoc-crm.org/cidoc-crm/E19_Physical_Object""]","[""http://www.cidoc-crm.org/cidoc-crm/P53i_is_former_or_current_location_of""]","[""http://www.cidoc-crm.org/cidoc-crm/P55_has_current_location""]",false,,main,data/document_harness/reference-cache/cidoc-7.1.3/CIDOC_CRM_v7.1.3.rdfs,7.1.3,rdf_encoding,P55,inverse,declared_inverse_in_main_rdfs,,[],https://cidoc-crm.org/html/cidoc_crm_v7.1.3.html,currently holds,data/document_harness/reference-cache/cidoc-7.1.3/CIDOC_CRM_v7.1.3.rdfs#P55i_currently_holds
P56_bears_feature,property,bears feature,http://www.cidoc-crm.org/cidoc-crm/P56_bears_feature,"[""http://www.cidoc-crm.org/cidoc-crm/E19_Physical_Object""]","[""http://www.cidoc-crm.org/cidoc-crm/E26_Physical_Feature""]","[""http://www.cidoc-crm.org/cidoc-crm/P46_is_composed_of""]","[""http://www.cidoc-crm.org/cidoc-crm/P56i_is_found_on""]",false,,main,data/document_harness/reference-cache/cidoc-7.1.3/CIDOC_CRM_v7.1.3.rdfs,7.1.3,rdf_encoding,P56,forward,declared_forward_in_main_rdfs,,[],https://cidoc-crm.org/html/cidoc_crm_v7.1.3.html,bears feature,data/document_harness/reference-cache/cidoc-7.1.3/CIDOC_CRM_v7.1.3.rdfs#P56_bears_feature
P56i_is_found_on,property,is found on,http://www.cidoc-crm.org/cidoc-crm/P56i_is_found_on,"[""http://www.cidoc-crm.org/cidoc-crm/E26_Physical_Feature""]","[""http://www.cidoc-crm.org/cidoc-crm/E19_Physical_Object""]","[""http://www.cidoc-crm.org/cidoc-crm/P46i_forms_part_of""]","[""http://www.cidoc-crm.org/cidoc-crm/P56_bears_feature""]",false,,main,data/document_harness/reference-cache/cidoc-7.1.3/CIDOC_CRM_v7.1.3.rdfs,7.1.3,rdf_encoding,P56,inverse,declared_inverse_in_main_rdfs,,[],https://cidoc-crm.org/html/cidoc_crm_v7.1.3.html,is found on,data/document_harness/reference-cache/cidoc-7.1.3/CIDOC_CRM_v7.1.3.rdfs#P56i_is_found_on
P57_has_number_of_parts,property,has number of parts,http://www.cidoc-crm.org/cidoc-crm/P57_has_number_of_parts,"[""http://www.cidoc-crm.org/cidoc-crm/E19_Physical_Object""]","[""http://www.w3.org/2000/01/rdf-schema#Literal""]",[],[],false,,main,data/document_harness/reference-cache/cidoc-7.1.3/CIDOC_CRM_v7.1.3.rdfs,7.1.3,rdf_encoding,P57,forward,declared_forward_in_main_rdfs,rdfs:Literal declared as range in this RDFS encoding,[],https://cidoc-crm.org/html/cidoc_crm_v7.1.3.html,has number of parts,data/document_harness/reference-cache/cidoc-7.1.3/CIDOC_CRM_v7.1.3.rdfs#P57_has_number_of_parts
P59_has_section,property,has section,http://www.cidoc-crm.org/cidoc-crm/P59_has_section,"[""http://www.cidoc-crm.org/cidoc-crm/E18_Physical_Thing""]","[""http://www.cidoc-crm.org/cidoc-crm/E53_Place""]","[""http://www.cidoc-crm.org/cidoc-crm/P157i_provides_reference_space_for""]","[""http://www.cidoc-crm.org/cidoc-crm/P59i_is_located_on_or_within""]",false,,main,data/document_harness/reference-cache/cidoc-7.1.3/CIDOC_CRM_v7.1.3.rdfs,7.1.3,rdf_encoding,P59,forward,declared_forward_in_main_rdfs,,[],https://cidoc-crm.org/html/cidoc_crm_v7.1.3.html,has section,data/document_harness/reference-cache/cidoc-7.1.3/CIDOC_CRM_v7.1.3.rdfs#P59_has_section
P59i_is_located_on_or_within,property,is located on or within,http://www.cidoc-crm.org/cidoc-crm/P59i_is_located_on_or_within,"[""http://www.cidoc-crm.org/cidoc-crm/E53_Place""]","[""http://www.cidoc-crm.org/cidoc-crm/E18_Physical_Thing""]","[""http://www.cidoc-crm.org/cidoc-crm/P157_is_at_rest_relative_to""]","[""http://www.cidoc-crm.org/cidoc-crm/P59_has_section""]",false,,main,data/document_harness/reference-cache/cidoc-7.1.3/CIDOC_CRM_v7.1.3.rdfs,7.1.3,rdf_encoding,P59,inverse,declared_inverse_in_main_rdfs,,[],https://cidoc-crm.org/html/cidoc_crm_v7.1.3.html,is located on or within,data/document_harness/reference-cache/cidoc-7.1.3/CIDOC_CRM_v7.1.3.rdfs#P59i_is_located_on_or_within
P5_consists_of,property,consists of,http://www.cidoc-crm.org/cidoc-crm/P5_consists_of,"[""http://www.cidoc-crm.org/cidoc-crm/E3_Condition_State""]","[""http://www.cidoc-crm.org/cidoc-crm/E3_Condition_State""]",[],"[""http://www.cidoc-crm.org/cidoc-crm/P5i_forms_part_of""]",false,,main,data/document_harness/reference-cache/cidoc-7.1.3/CIDOC_CRM_v7.1.3.rdfs,7.1.3,rdf_encoding,P5,forward,declared_forward_in_main_rdfs,,[],https://cidoc-crm.org/html/cidoc_crm_v7.1.3.html,consists of,data/document_harness/reference-cache/cidoc-7.1.3/CIDOC_CRM_v7.1.3.rdfs#P5_consists_of
P5i_forms_part_of,property,forms part of,http://www.cidoc-crm.org/cidoc-crm/P5i_forms_part_of,"[""http://www.cidoc-crm.org/cidoc-crm/E3_Condition_State""]","[""http://www.cidoc-crm.org/cidoc-crm/E3_Condition_State""]",[],"[""http://www.cidoc-crm.org/cidoc-crm/P5_consists_of""]",false,,main,data/document_harness/reference-cache/cidoc-7.1.3/CIDOC_CRM_v7.1.3.rdfs,7.1.3,rdf_encoding,P5,inverse,declared_inverse_in_main_rdfs,,[],https://cidoc-crm.org/html/cidoc_crm_v7.1.3.html,forms part of,data/document_harness/reference-cache/cidoc-7.1.3/CIDOC_CRM_v7.1.3.rdfs#P5i_forms_part_of
P62_depicts,property,depicts,http://www.cidoc-crm.org/cidoc-crm/P62_depicts,"[""http://www.cidoc-crm.org/cidoc-crm/E24_Physical_Human-Made_Thing""]","[""http://www.cidoc-crm.org/cidoc-crm/E1_CRM_Entity""]",[],"[""http://www.cidoc-crm.org/cidoc-crm/P62i_is_depicted_by""]",false,,main,data/document_harness/reference-cache/cidoc-7.1.3/CIDOC_CRM_v7.1.3.rdfs,7.1.3,rdf_encoding,P62,forward,declared_forward_in_main_rdfs,,[],https://cidoc-crm.org/html/cidoc_crm_v7.1.3.html,depicts,data/document_harness/reference-cache/cidoc-7.1.3/CIDOC_CRM_v7.1.3.rdfs#P62_depicts
P62i_is_depicted_by,property,is depicted by,http://www.cidoc-crm.org/cidoc-crm/P62i_is_depicted_by,"[""http://www.cidoc-crm.org/cidoc-crm/E1_CRM_Entity""]","[""http://www.cidoc-crm.org/cidoc-crm/E24_Physical_Human-Made_Thing""]",[],"[""http://www.cidoc-crm.org/cidoc-crm/P62_depicts""]",false,,main,data/document_harness/reference-cache/cidoc-7.1.3/CIDOC_CRM_v7.1.3.rdfs,7.1.3,rdf_encoding,P62,inverse,declared_inverse_in_main_rdfs,,[],https://cidoc-crm.org/html/cidoc_crm_v7.1.3.html,is depicted by,data/document_harness/reference-cache/cidoc-7.1.3/CIDOC_CRM_v7.1.3.rdfs#P62i_is_depicted_by
P65_shows_visual_item,property,shows visual item,http://www.cidoc-crm.org/cidoc-crm/P65_shows_visual_item,"[""http://www.cidoc-crm.org/cidoc-crm/E24_Physical_Human-Made_Thing""]","[""http://www.cidoc-crm.org/cidoc-crm/E36_Visual_Item""]","[""http://www.cidoc-crm.org/cidoc-crm/P128_carries""]","[""http://www.cidoc-crm.org/cidoc-crm/P65i_is_shown_by""]",false,,main,data/document_harness/reference-cache/cidoc-7.1.3/CIDOC_CRM_v7.1.3.rdfs,7.1.3,rdf_encoding,P65,forward,declared_forward_in_main_rdfs,,[],https://cidoc-crm.org/html/cidoc_crm_v7.1.3.html,shows visual item,data/document_harness/reference-cache/cidoc-7.1.3/CIDOC_CRM_v7.1.3.rdfs#P65_shows_visual_item
P65i_is_shown_by,property,is shown by,http://www.cidoc-crm.org/cidoc-crm/P65i_is_shown_by,"[""http://www.cidoc-crm.org/cidoc-crm/E36_Visual_Item""]","[""http://www.cidoc-crm.org/cidoc-crm/E24_Physical_Human-Made_Thing""]","[""http://www.cidoc-crm.org/cidoc-crm/P128i_is_carried_by""]","[""http://www.cidoc-crm.org/cidoc-crm/P65_shows_visual_item""]",false,,main,data/document_harness/reference-cache/cidoc-7.1.3/CIDOC_CRM_v7.1.3.rdfs,7.1.3,rdf_encoding,P65,inverse,declared_inverse_in_main_rdfs,,[],https://cidoc-crm.org/html/cidoc_crm_v7.1.3.html,is shown by,data/document_harness/reference-cache/cidoc-7.1.3/CIDOC_CRM_v7.1.3.rdfs#P65i_is_shown_by
P67_refers_to,property,refers to,http://www.cidoc-crm.org/cidoc-crm/P67_refers_to,"[""http://www.cidoc-crm.org/cidoc-crm/E89_Propositional_Object""]","[""http://www.cidoc-crm.org/cidoc-crm/E1_CRM_Entity""]",[],"[""http://www.cidoc-crm.org/cidoc-crm/P67i_is_referred_to_by""]",false,,main,data/document_harness/reference-cache/cidoc-7.1.3/CIDOC_CRM_v7.1.3.rdfs,7.1.3,rdf_encoding,P67,forward,declared_forward_in_main_rdfs,,[],https://cidoc-crm.org/html/cidoc_crm_v7.1.3.html,refers to,data/document_harness/reference-cache/cidoc-7.1.3/CIDOC_CRM_v7.1.3.rdfs#P67_refers_to
P67i_is_referred_to_by,property,is referred to by,http://www.cidoc-crm.org/cidoc-crm/P67i_is_referred_to_by,"[""http://www.cidoc-crm.org/cidoc-crm/E1_CRM_Entity""]","[""http://www.cidoc-crm.org/cidoc-crm/E89_Propositional_Object""]",[],"[""http://www.cidoc-crm.org/cidoc-crm/P67_refers_to""]",false,,main,data/document_harness/reference-cache/cidoc-7.1.3/CIDOC_CRM_v7.1.3.rdfs,7.1.3,rdf_encoding,P67,inverse,declared_inverse_in_main_rdfs,,[],https://cidoc-crm.org/html/cidoc_crm_v7.1.3.html,is referred to by,data/document_harness/reference-cache/cidoc-7.1.3/CIDOC_CRM_v7.1.3.rdfs#P67i_is_referred_to_by
P68_foresees_use_of,property,foresees use of,http://www.cidoc-crm.org/cidoc-crm/P68_foresees_use_of,"[""http://www.cidoc-crm.org/cidoc-crm/E29_Design_or_Procedure""]","[""http://www.cidoc-crm.org/cidoc-crm/E57_Material""]","[""http://www.cidoc-crm.org/cidoc-crm/P67_refers_to""]","[""http://www.cidoc-crm.org/cidoc-crm/P68i_use_foreseen_by""]",false,,main,data/document_harness/reference-cache/cidoc-7.1.3/CIDOC_CRM_v7.1.3.rdfs,7.1.3,rdf_encoding,P68,forward,declared_forward_in_main_rdfs,,[],https://cidoc-crm.org/html/cidoc_crm_v7.1.3.html,foresees use of,data/document_harness/reference-cache/cidoc-7.1.3/CIDOC_CRM_v7.1.3.rdfs#P68_foresees_use_of
P68i_use_foreseen_by,property,use foreseen by,http://www.cidoc-crm.org/cidoc-crm/P68i_use_foreseen_by,"[""http://www.cidoc-crm.org/cidoc-crm/E57_Material""]","[""http://www.cidoc-crm.org/cidoc-crm/E29_Design_or_Procedure""]","[""http://www.cidoc-crm.org/cidoc-crm/P67i_is_referred_to_by""]","[""http://www.cidoc-crm.org/cidoc-crm/P68_foresees_use_of""]",false,,main,data/document_harness/reference-cache/cidoc-7.1.3/CIDOC_CRM_v7.1.3.rdfs,7.1.3,rdf_encoding,P68,inverse,declared_inverse_in_main_rdfs,,[],https://cidoc-crm.org/html/cidoc_crm_v7.1.3.html,use foreseen by,data/document_harness/reference-cache/cidoc-7.1.3/CIDOC_CRM_v7.1.3.rdfs#P68i_use_foreseen_by
P69_has_association_with,property,has association with,http://www.cidoc-crm.org/cidoc-crm/P69_has_association_with,"[""http://www.cidoc-crm.org/cidoc-crm/E29_Design_or_Procedure""]","[""http://www.cidoc-crm.org/cidoc-crm/E29_Design_or_Procedure""]",[],"[""http://www.cidoc-crm.org/cidoc-crm/P69i_is_associated_with""]",false,,main,data/document_harness/reference-cache/cidoc-7.1.3/CIDOC_CRM_v7.1.3.rdfs,7.1.3,rdf_encoding,P69,forward,declared_forward_in_main_rdfs,,[],https://cidoc-crm.org/html/cidoc_crm_v7.1.3.html,has association with,data/document_harness/reference-cache/cidoc-7.1.3/CIDOC_CRM_v7.1.3.rdfs#P69_has_association_with
P69i_is_associated_with,property,is associated with,http://www.cidoc-crm.org/cidoc-crm/P69i_is_associated_with,"[""http://www.cidoc-crm.org/cidoc-crm/E29_Design_or_Procedure""]","[""http://www.cidoc-crm.org/cidoc-crm/E29_Design_or_Procedure""]",[],"[""http://www.cidoc-crm.org/cidoc-crm/P69_has_association_with""]",false,,main,data/document_harness/reference-cache/cidoc-7.1.3/CIDOC_CRM_v7.1.3.rdfs,7.1.3,rdf_encoding,P69,inverse,declared_inverse_in_main_rdfs,,[],https://cidoc-crm.org/html/cidoc_crm_v7.1.3.html,is associated with,data/document_harness/reference-cache/cidoc-7.1.3/CIDOC_CRM_v7.1.3.rdfs#P69i_is_associated_with
P70_documents,property,documents,http://www.cidoc-crm.org/cidoc-crm/P70_documents,"[""http://www.cidoc-crm.org/cidoc-crm/E31_Document""]","[""http://www.cidoc-crm.org/cidoc-crm/E1_CRM_Entity""]","[""http://www.cidoc-crm.org/cidoc-crm/P67_refers_to""]","[""http://www.cidoc-crm.org/cidoc-crm/P70i_is_documented_in""]",false,,main,data/document_harness/reference-cache/cidoc-7.1.3/CIDOC_CRM_v7.1.3.rdfs,7.1.3,rdf_encoding,P70,forward,declared_forward_in_main_rdfs,,[],https://cidoc-crm.org/html/cidoc_crm_v7.1.3.html,documents,data/document_harness/reference-cache/cidoc-7.1.3/CIDOC_CRM_v7.1.3.rdfs#P70_documents
P70i_is_documented_in,property,is documented in,http://www.cidoc-crm.org/cidoc-crm/P70i_is_documented_in,"[""http://www.cidoc-crm.org/cidoc-crm/E1_CRM_Entity""]","[""http://www.cidoc-crm.org/cidoc-crm/E31_Document""]","[""http://www.cidoc-crm.org/cidoc-crm/P67i_is_referred_to_by""]","[""http://www.cidoc-crm.org/cidoc-crm/P70_documents""]",false,,main,data/document_harness/reference-cache/cidoc-7.1.3/CIDOC_CRM_v7.1.3.rdfs,7.1.3,rdf_encoding,P70,inverse,declared_inverse_in_main_rdfs,,[],https://cidoc-crm.org/html/cidoc_crm_v7.1.3.html,is documented in,data/document_harness/reference-cache/cidoc-7.1.3/CIDOC_CRM_v7.1.3.rdfs#P70i_is_documented_in
P71_lists,property,lists,http://www.cidoc-crm.org/cidoc-crm/P71_lists,"[""http://www.cidoc-crm.org/cidoc-crm/E32_Authority_Document""]","[""http://www.cidoc-crm.org/cidoc-crm/E1_CRM_Entity""]","[""http://www.cidoc-crm.org/cidoc-crm/P67_refers_to""]","[""http://www.cidoc-crm.org/cidoc-crm/P71i_is_listed_in""]",false,,main,data/document_harness/reference-cache/cidoc-7.1.3/CIDOC_CRM_v7.1.3.rdfs,7.1.3,rdf_encoding,P71,forward,declared_forward_in_main_rdfs,,[],https://cidoc-crm.org/html/cidoc_crm_v7.1.3.html,lists,data/document_harness/reference-cache/cidoc-7.1.3/CIDOC_CRM_v7.1.3.rdfs#P71_lists
P71i_is_listed_in,property,is listed in,http://www.cidoc-crm.org/cidoc-crm/P71i_is_listed_in,"[""http://www.cidoc-crm.org/cidoc-crm/E1_CRM_Entity""]","[""http://www.cidoc-crm.org/cidoc-crm/E32_Authority_Document""]","[""http://www.cidoc-crm.org/cidoc-crm/P67i_is_referred_to_by""]","[""http://www.cidoc-crm.org/cidoc-crm/P71_lists""]",false,,main,data/document_harness/reference-cache/cidoc-7.1.3/CIDOC_CRM_v7.1.3.rdfs,7.1.3,rdf_encoding,P71,inverse,declared_inverse_in_main_rdfs,,[],https://cidoc-crm.org/html/cidoc_crm_v7.1.3.html,is listed in,data/document_harness/reference-cache/cidoc-7.1.3/CIDOC_CRM_v7.1.3.rdfs#P71i_is_listed_in
P72_has_language,property,has language,http://www.cidoc-crm.org/cidoc-crm/P72_has_language,"[""http://www.cidoc-crm.org/cidoc-crm/E33_Linguistic_Object""]","[""http://www.cidoc-crm.org/cidoc-crm/E56_Language""]",[],"[""http://www.cidoc-crm.org/cidoc-crm/P72i_is_language_of""]",false,,main,data/document_harness/reference-cache/cidoc-7.1.3/CIDOC_CRM_v7.1.3.rdfs,7.1.3,rdf_encoding,P72,forward,declared_forward_in_main_rdfs,,[],https://cidoc-crm.org/html/cidoc_crm_v7.1.3.html,has language,data/document_harness/reference-cache/cidoc-7.1.3/CIDOC_CRM_v7.1.3.rdfs#P72_has_language
P72i_is_language_of,property,is language of,http://www.cidoc-crm.org/cidoc-crm/P72i_is_language_of,"[""http://www.cidoc-crm.org/cidoc-crm/E56_Language""]","[""http://www.cidoc-crm.org/cidoc-crm/E33_Linguistic_Object""]",[],"[""http://www.cidoc-crm.org/cidoc-crm/P72_has_language""]",false,,main,data/document_harness/reference-cache/cidoc-7.1.3/CIDOC_CRM_v7.1.3.rdfs,7.1.3,rdf_encoding,P72,inverse,declared_inverse_in_main_rdfs,,[],https://cidoc-crm.org/html/cidoc_crm_v7.1.3.html,is language of,data/document_harness/reference-cache/cidoc-7.1.3/CIDOC_CRM_v7.1.3.rdfs#P72i_is_language_of
P73_has_translation,property,has translation,http://www.cidoc-crm.org/cidoc-crm/P73_has_translation,"[""http://www.cidoc-crm.org/cidoc-crm/E33_Linguistic_Object""]","[""http://www.cidoc-crm.org/cidoc-crm/E33_Linguistic_Object""]","[""http://www.cidoc-crm.org/cidoc-crm/P130i_features_are_also_found_on""]","[""http://www.cidoc-crm.org/cidoc-crm/P73i_is_translation_of""]",false,,main,data/document_harness/reference-cache/cidoc-7.1.3/CIDOC_CRM_v7.1.3.rdfs,7.1.3,rdf_encoding,P73,forward,declared_forward_in_main_rdfs,,[],https://cidoc-crm.org/html/cidoc_crm_v7.1.3.html,has translation,data/document_harness/reference-cache/cidoc-7.1.3/CIDOC_CRM_v7.1.3.rdfs#P73_has_translation
P73i_is_translation_of,property,is translation of,http://www.cidoc-crm.org/cidoc-crm/P73i_is_translation_of,"[""http://www.cidoc-crm.org/cidoc-crm/E33_Linguistic_Object""]","[""http://www.cidoc-crm.org/cidoc-crm/E33_Linguistic_Object""]","[""http://www.cidoc-crm.org/cidoc-crm/P130_shows_features_of""]","[""http://www.cidoc-crm.org/cidoc-crm/P73_has_translation""]",false,,main,data/document_harness/reference-cache/cidoc-7.1.3/CIDOC_CRM_v7.1.3.rdfs,7.1.3,rdf_encoding,P73,inverse,declared_inverse_in_main_rdfs,,[],https://cidoc-crm.org/html/cidoc_crm_v7.1.3.html,is translation of,data/document_harness/reference-cache/cidoc-7.1.3/CIDOC_CRM_v7.1.3.rdfs#P73i_is_translation_of
P74_has_current_or_former_residence,property,has current or former residence,http://www.cidoc-crm.org/cidoc-crm/P74_has_current_or_former_residence,"[""http://www.cidoc-crm.org/cidoc-crm/E39_Actor""]","[""http://www.cidoc-crm.org/cidoc-crm/E53_Place""]",[],"[""http://www.cidoc-crm.org/cidoc-crm/P74i_is_current_or_former_residence_of""]",false,,main,data/document_harness/reference-cache/cidoc-7.1.3/CIDOC_CRM_v7.1.3.rdfs,7.1.3,rdf_encoding,P74,forward,declared_forward_in_main_rdfs,,[],https://cidoc-crm.org/html/cidoc_crm_v7.1.3.html,has current or former residence,data/document_harness/reference-cache/cidoc-7.1.3/CIDOC_CRM_v7.1.3.rdfs#P74_has_current_or_former_residence
P74i_is_current_or_former_residence_of,property,is current or former residence of,http://www.cidoc-crm.org/cidoc-crm/P74i_is_current_or_former_residence_of,"[""http://www.cidoc-crm.org/cidoc-crm/E53_Place""]","[""http://www.cidoc-crm.org/cidoc-crm/E39_Actor""]",[],"[""http://www.cidoc-crm.org/cidoc-crm/P74_has_current_or_former_residence""]",false,,main,data/document_harness/reference-cache/cidoc-7.1.3/CIDOC_CRM_v7.1.3.rdfs,7.1.3,rdf_encoding,P74,inverse,declared_inverse_in_main_rdfs,,[],https://cidoc-crm.org/html/cidoc_crm_v7.1.3.html,is current or former residence of,data/document_harness/reference-cache/cidoc-7.1.3/CIDOC_CRM_v7.1.3.rdfs#P74i_is_current_or_former_residence_of
P75_possesses,property,possesses,http://www.cidoc-crm.org/cidoc-crm/P75_possesses,"[""http://www.cidoc-crm.org/cidoc-crm/E39_Actor""]","[""http://www.cidoc-crm.org/cidoc-crm/E30_Right""]",[],"[""http://www.cidoc-crm.org/cidoc-crm/P75i_is_possessed_by""]",false,,main,data/document_harness/reference-cache/cidoc-7.1.3/CIDOC_CRM_v7.1.3.rdfs,7.1.3,rdf_encoding,P75,forward,declared_forward_in_main_rdfs,,[],https://cidoc-crm.org/html/cidoc_crm_v7.1.3.html,possesses,data/document_harness/reference-cache/cidoc-7.1.3/CIDOC_CRM_v7.1.3.rdfs#P75_possesses
P75i_is_possessed_by,property,is possessed by,http://www.cidoc-crm.org/cidoc-crm/P75i_is_possessed_by,"[""http://www.cidoc-crm.org/cidoc-crm/E30_Right""]","[""http://www.cidoc-crm.org/cidoc-crm/E39_Actor""]",[],"[""http://www.cidoc-crm.org/cidoc-crm/P75_possesses""]",false,,main,data/document_harness/reference-cache/cidoc-7.1.3/CIDOC_CRM_v7.1.3.rdfs,7.1.3,rdf_encoding,P75,inverse,declared_inverse_in_main_rdfs,,[],https://cidoc-crm.org/html/cidoc_crm_v7.1.3.html,is possessed by,data/document_harness/reference-cache/cidoc-7.1.3/CIDOC_CRM_v7.1.3.rdfs#P75i_is_possessed_by
P76_has_contact_point,property,has contact point,http://www.cidoc-crm.org/cidoc-crm/P76_has_contact_point,"[""http://www.cidoc-crm.org/cidoc-crm/E39_Actor""]","[""http://www.cidoc-crm.org/cidoc-crm/E41_Appellation""]",[],"[""http://www.cidoc-crm.org/cidoc-crm/P76i_provides_access_to""]",false,,main,data/document_harness/reference-cache/cidoc-7.1.3/CIDOC_CRM_v7.1.3.rdfs,7.1.3,rdf_encoding,P76,forward,declared_forward_in_main_rdfs,,[],https://cidoc-crm.org/html/cidoc_crm_v7.1.3.html,has contact point,data/document_harness/reference-cache/cidoc-7.1.3/CIDOC_CRM_v7.1.3.rdfs#P76_has_contact_point
P76i_provides_access_to,property,provides access to,http://www.cidoc-crm.org/cidoc-crm/P76i_provides_access_to,"[""http://www.cidoc-crm.org/cidoc-crm/E41_Appellation""]","[""http://www.cidoc-crm.org/cidoc-crm/E39_Actor""]",[],"[""http://www.cidoc-crm.org/cidoc-crm/P76_has_contact_point""]",false,,main,data/document_harness/reference-cache/cidoc-7.1.3/CIDOC_CRM_v7.1.3.rdfs,7.1.3,rdf_encoding,P76,inverse,declared_inverse_in_main_rdfs,,[],https://cidoc-crm.org/html/cidoc_crm_v7.1.3.html,provides access to,data/document_harness/reference-cache/cidoc-7.1.3/CIDOC_CRM_v7.1.3.rdfs#P76i_provides_access_to
P79_beginning_is_qualified_by,property,beginning is qualified by,http://www.cidoc-crm.org/cidoc-crm/P79_beginning_is_qualified_by,"[""http://www.cidoc-crm.org/cidoc-crm/E52_Time-Span""]","[""http://www.w3.org/2000/01/rdf-schema#Literal""]","[""http://www.cidoc-crm.org/cidoc-crm/P3_has_note""]",[],false,,main,data/document_harness/reference-cache/cidoc-7.1.3/CIDOC_CRM_v7.1.3.rdfs,7.1.3,rdf_encoding,P79,forward,declared_forward_in_main_rdfs,rdfs:Literal declared as range in this RDFS encoding,[],https://cidoc-crm.org/html/cidoc_crm_v7.1.3.html,beginning is qualified by,data/document_harness/reference-cache/cidoc-7.1.3/CIDOC_CRM_v7.1.3.rdfs#P79_beginning_is_qualified_by
P7_took_place_at,property,took place at,http://www.cidoc-crm.org/cidoc-crm/P7_took_place_at,"[""http://www.cidoc-crm.org/cidoc-crm/E4_Period""]","[""http://www.cidoc-crm.org/cidoc-crm/E53_Place""]",[],"[""http://www.cidoc-crm.org/cidoc-crm/P7i_witnessed""]",false,,main,data/document_harness/reference-cache/cidoc-7.1.3/CIDOC_CRM_v7.1.3.rdfs,7.1.3,rdf_encoding,P7,forward,declared_forward_in_main_rdfs,,[],https://cidoc-crm.org/html/cidoc_crm_v7.1.3.html,took place at,data/document_harness/reference-cache/cidoc-7.1.3/CIDOC_CRM_v7.1.3.rdfs#P7_took_place_at
P7i_witnessed,property,witnessed,http://www.cidoc-crm.org/cidoc-crm/P7i_witnessed,"[""http://www.cidoc-crm.org/cidoc-crm/E53_Place""]","[""http://www.cidoc-crm.org/cidoc-crm/E4_Period""]",[],"[""http://www.cidoc-crm.org/cidoc-crm/P7_took_place_at""]",false,,main,data/document_harness/reference-cache/cidoc-7.1.3/CIDOC_CRM_v7.1.3.rdfs,7.1.3,rdf_encoding,P7,inverse,declared_inverse_in_main_rdfs,,[],https://cidoc-crm.org/html/cidoc_crm_v7.1.3.html,witnessed,data/document_harness/reference-cache/cidoc-7.1.3/CIDOC_CRM_v7.1.3.rdfs#P7i_witnessed
P80_end_is_qualified_by,property,end is qualified by,http://www.cidoc-crm.org/cidoc-crm/P80_end_is_qualified_by,"[""http://www.cidoc-crm.org/cidoc-crm/E52_Time-Span""]","[""http://www.w3.org/2000/01/rdf-schema#Literal""]","[""http://www.cidoc-crm.org/cidoc-crm/P3_has_note""]",[],false,,main,data/document_harness/reference-cache/cidoc-7.1.3/CIDOC_CRM_v7.1.3.rdfs,7.1.3,rdf_encoding,P80,forward,declared_forward_in_main_rdfs,rdfs:Literal declared as range in this RDFS encoding,[],https://cidoc-crm.org/html/cidoc_crm_v7.1.3.html,end is qualified by,data/document_harness/reference-cache/cidoc-7.1.3/CIDOC_CRM_v7.1.3.rdfs#P80_end_is_qualified_by
P81_ongoing_throughout,property,ongoing throughout,http://www.cidoc-crm.org/cidoc-crm/P81_ongoing_throughout,"[""http://www.cidoc-crm.org/cidoc-crm/E52_Time-Span""]","[""http://www.w3.org/2000/01/rdf-schema#Literal""]",[],[],false,,main,data/document_harness/reference-cache/cidoc-7.1.3/CIDOC_CRM_v7.1.3.rdfs,7.1.3,rdf_encoding,P81,forward,declared_forward_in_main_rdfs,rdfs:Literal declared as range in this RDFS encoding,[],https://cidoc-crm.org/html/cidoc_crm_v7.1.3.html,ongoing throughout,data/document_harness/reference-cache/cidoc-7.1.3/CIDOC_CRM_v7.1.3.rdfs#P81_ongoing_throughout
P81a_end_of_the_begin,property,end of the begin,http://www.cidoc-crm.org/cidoc-crm/P81a_end_of_the_begin,"[""http://www.cidoc-crm.org/cidoc-crm/E52_Time-Span""]","[""http://www.w3.org/2000/01/rdf-schema#Literal""]","[""http://www.cidoc-crm.org/cidoc-crm/P81_ongoing_throughout""]",[],false,,main,data/document_harness/reference-cache/cidoc-7.1.3/CIDOC_CRM_v7.1.3.rdfs,7.1.3,rdf_encoding,P81,encoding_auxiliary,implementation_helper_not_a_formal_property,rdfs:Literal declared as range in this RDFS encoding,[],https://cidoc-crm.org/html/cidoc_crm_v7.1.3.html,end of the begin,data/document_harness/reference-cache/cidoc-7.1.3/CIDOC_CRM_v7.1.3.rdfs#P81a_end_of_the_begin
P81b_begin_of_the_end,property,begin of the end,http://www.cidoc-crm.org/cidoc-crm/P81b_begin_of_the_end,"[""http://www.cidoc-crm.org/cidoc-crm/E52_Time-Span""]","[""http://www.w3.org/2000/01/rdf-schema#Literal""]","[""http://www.cidoc-crm.org/cidoc-crm/P81_ongoing_throughout""]",[],false,,main,data/document_harness/reference-cache/cidoc-7.1.3/CIDOC_CRM_v7.1.3.rdfs,7.1.3,rdf_encoding,P81,encoding_auxiliary,implementation_helper_not_a_formal_property,rdfs:Literal declared as range in this RDFS encoding,[],https://cidoc-crm.org/html/cidoc_crm_v7.1.3.html,begin of the end,data/document_harness/reference-cache/cidoc-7.1.3/CIDOC_CRM_v7.1.3.rdfs#P81b_begin_of_the_end
P82_at_some_time_within,property,at some time within,http://www.cidoc-crm.org/cidoc-crm/P82_at_some_time_within,"[""http://www.cidoc-crm.org/cidoc-crm/E52_Time-Span""]","[""http://www.w3.org/2000/01/rdf-schema#Literal""]",[],[],false,,main,data/document_harness/reference-cache/cidoc-7.1.3/CIDOC_CRM_v7.1.3.rdfs,7.1.3,rdf_encoding,P82,forward,declared_forward_in_main_rdfs,rdfs:Literal declared as range in this RDFS encoding,[],https://cidoc-crm.org/html/cidoc_crm_v7.1.3.html,at some time within,data/document_harness/reference-cache/cidoc-7.1.3/CIDOC_CRM_v7.1.3.rdfs#P82_at_some_time_within
P82a_begin_of_the_begin,property,begin of the begin,http://www.cidoc-crm.org/cidoc-crm/P82a_begin_of_the_begin,"[""http://www.cidoc-crm.org/cidoc-crm/E52_Time-Span""]","[""http://www.w3.org/2000/01/rdf-schema#Literal""]","[""http://www.cidoc-crm.org/cidoc-crm/P82_at_some_time_within""]",[],false,,main,data/document_harness/reference-cache/cidoc-7.1.3/CIDOC_CRM_v7.1.3.rdfs,7.1.3,rdf_encoding,P82,encoding_auxiliary,implementation_helper_not_a_formal_property,rdfs:Literal declared as range in this RDFS encoding,[],https://cidoc-crm.org/html/cidoc_crm_v7.1.3.html,begin of the begin,data/document_harness/reference-cache/cidoc-7.1.3/CIDOC_CRM_v7.1.3.rdfs#P82a_begin_of_the_begin
P82b_end_of_the_end,property,end of the end,http://www.cidoc-crm.org/cidoc-crm/P82b_end_of_the_end,"[""http://www.cidoc-crm.org/cidoc-crm/E52_Time-Span""]","[""http://www.w3.org/2000/01/rdf-schema#Literal""]","[""http://www.cidoc-crm.org/cidoc-crm/P82_at_some_time_within""]",[],false,,main,data/document_harness/reference-cache/cidoc-7.1.3/CIDOC_CRM_v7.1.3.rdfs,7.1.3,rdf_encoding,P82,encoding_auxiliary,implementation_helper_not_a_formal_property,rdfs:Literal declared as range in this RDFS encoding,[],https://cidoc-crm.org/html/cidoc_crm_v7.1.3.html,end of the end,data/document_harness/reference-cache/cidoc-7.1.3/CIDOC_CRM_v7.1.3.rdfs#P82b_end_of_the_end
P86_falls_within,property,falls within,http://www.cidoc-crm.org/cidoc-crm/P86_falls_within,"[""http://www.cidoc-crm.org/cidoc-crm/E52_Time-Span""]","[""http://www.cidoc-crm.org/cidoc-crm/E52_Time-Span""]",[],"[""http://www.cidoc-crm.org/cidoc-crm/P86i_contains""]",false,,main,data/document_harness/reference-cache/cidoc-7.1.3/CIDOC_CRM_v7.1.3.rdfs,7.1.3,rdf_encoding,P86,forward,declared_forward_in_main_rdfs,,[],https://cidoc-crm.org/html/cidoc_crm_v7.1.3.html,falls within,data/document_harness/reference-cache/cidoc-7.1.3/CIDOC_CRM_v7.1.3.rdfs#P86_falls_within
P86i_contains,property,contains,http://www.cidoc-crm.org/cidoc-crm/P86i_contains,"[""http://www.cidoc-crm.org/cidoc-crm/E52_Time-Span""]","[""http://www.cidoc-crm.org/cidoc-crm/E52_Time-Span""]",[],"[""http://www.cidoc-crm.org/cidoc-crm/P86_falls_within""]",false,,main,data/document_harness/reference-cache/cidoc-7.1.3/CIDOC_CRM_v7.1.3.rdfs,7.1.3,rdf_encoding,P86,inverse,declared_inverse_in_main_rdfs,,[],https://cidoc-crm.org/html/cidoc_crm_v7.1.3.html,contains,data/document_harness/reference-cache/cidoc-7.1.3/CIDOC_CRM_v7.1.3.rdfs#P86i_contains
P89_falls_within,property,falls within,http://www.cidoc-crm.org/cidoc-crm/P89_falls_within,"[""http://www.cidoc-crm.org/cidoc-crm/E53_Place""]","[""http://www.cidoc-crm.org/cidoc-crm/E53_Place""]",[],"[""http://www.cidoc-crm.org/cidoc-crm/P89i_contains""]",false,,main,data/document_harness/reference-cache/cidoc-7.1.3/CIDOC_CRM_v7.1.3.rdfs,7.1.3,rdf_encoding,P89,forward,declared_forward_in_main_rdfs,,[],https://cidoc-crm.org/html/cidoc_crm_v7.1.3.html,falls within,data/document_harness/reference-cache/cidoc-7.1.3/CIDOC_CRM_v7.1.3.rdfs#P89_falls_within
P89i_contains,property,contains,http://www.cidoc-crm.org/cidoc-crm/P89i_contains,"[""http://www.cidoc-crm.org/cidoc-crm/E53_Place""]","[""http://www.cidoc-crm.org/cidoc-crm/E53_Place""]",[],"[""http://www.cidoc-crm.org/cidoc-crm/P89_falls_within""]",false,,main,data/document_harness/reference-cache/cidoc-7.1.3/CIDOC_CRM_v7.1.3.rdfs,7.1.3,rdf_encoding,P89,inverse,declared_inverse_in_main_rdfs,,[],https://cidoc-crm.org/html/cidoc_crm_v7.1.3.html,contains,data/document_harness/reference-cache/cidoc-7.1.3/CIDOC_CRM_v7.1.3.rdfs#P89i_contains
P8_took_place_on_or_within,property,took place on or within,http://www.cidoc-crm.org/cidoc-crm/P8_took_place_on_or_within,"[""http://www.cidoc-crm.org/cidoc-crm/E4_Period""]","[""http://www.cidoc-crm.org/cidoc-crm/E18_Physical_Thing""]",[],"[""http://www.cidoc-crm.org/cidoc-crm/P8i_witnessed""]",false,,main,data/document_harness/reference-cache/cidoc-7.1.3/CIDOC_CRM_v7.1.3.rdfs,7.1.3,rdf_encoding,P8,forward,declared_forward_in_main_rdfs,,[],https://cidoc-crm.org/html/cidoc_crm_v7.1.3.html,took place on or within,data/document_harness/reference-cache/cidoc-7.1.3/CIDOC_CRM_v7.1.3.rdfs#P8_took_place_on_or_within
P8i_witnessed,property,witnessed,http://www.cidoc-crm.org/cidoc-crm/P8i_witnessed,"[""http://www.cidoc-crm.org/cidoc-crm/E18_Physical_Thing""]","[""http://www.cidoc-crm.org/cidoc-crm/E4_Period""]",[],"[""http://www.cidoc-crm.org/cidoc-crm/P8_took_place_on_or_within""]",false,,main,data/document_harness/reference-cache/cidoc-7.1.3/CIDOC_CRM_v7.1.3.rdfs,7.1.3,rdf_encoding,P8,inverse,declared_inverse_in_main_rdfs,,[],https://cidoc-crm.org/html/cidoc_crm_v7.1.3.html,witnessed,data/document_harness/reference-cache/cidoc-7.1.3/CIDOC_CRM_v7.1.3.rdfs#P8i_witnessed
P90_has_value,property,has value,http://www.cidoc-crm.org/cidoc-crm/P90_has_value,"[""http://www.cidoc-crm.org/cidoc-crm/E54_Dimension""]","[""http://www.w3.org/2000/01/rdf-schema#Literal""]",[],[],false,,main,data/document_harness/reference-cache/cidoc-7.1.3/CIDOC_CRM_v7.1.3.rdfs,7.1.3,rdf_encoding,P90,forward,declared_forward_in_main_rdfs,rdfs:Literal declared as range in this RDFS encoding,[],https://cidoc-crm.org/html/cidoc_crm_v7.1.3.html,has value,data/document_harness/reference-cache/cidoc-7.1.3/CIDOC_CRM_v7.1.3.rdfs#P90_has_value
P90a_has_lower_value_limit,property,has lower value limit,http://www.cidoc-crm.org/cidoc-crm/P90a_has_lower_value_limit,"[""http://www.cidoc-crm.org/cidoc-crm/E54_Dimension""]","[""http://www.w3.org/2000/01/rdf-schema#Literal""]","[""http://www.cidoc-crm.org/cidoc-crm/P90_has_value""]",[],false,,main,data/document_harness/reference-cache/cidoc-7.1.3/CIDOC_CRM_v7.1.3.rdfs,7.1.3,rdf_encoding,P90,encoding_auxiliary,implementation_helper_not_a_formal_property,rdfs:Literal declared as range in this RDFS encoding,[],https://cidoc-crm.org/html/cidoc_crm_v7.1.3.html,has lower value limit,data/document_harness/reference-cache/cidoc-7.1.3/CIDOC_CRM_v7.1.3.rdfs#P90a_has_lower_value_limit
P90b_has_upper_value_limit,property,has upper value limit,http://www.cidoc-crm.org/cidoc-crm/P90b_has_upper_value_limit,"[""http://www.cidoc-crm.org/cidoc-crm/E54_Dimension""]","[""http://www.w3.org/2000/01/rdf-schema#Literal""]","[""http://www.cidoc-crm.org/cidoc-crm/P90_has_value""]",[],false,,main,data/document_harness/reference-cache/cidoc-7.1.3/CIDOC_CRM_v7.1.3.rdfs,7.1.3,rdf_encoding,P90,encoding_auxiliary,implementation_helper_not_a_formal_property,rdfs:Literal declared as range in this RDFS encoding,[],https://cidoc-crm.org/html/cidoc_crm_v7.1.3.html,has upper value limit,data/document_harness/reference-cache/cidoc-7.1.3/CIDOC_CRM_v7.1.3.rdfs#P90b_has_upper_value_limit
P91_has_unit,property,has unit,http://www.cidoc-crm.org/cidoc-crm/P91_has_unit,"[""http://www.cidoc-crm.org/cidoc-crm/E54_Dimension""]","[""http://www.cidoc-crm.org/cidoc-crm/E58_Measurement_Unit""]",[],"[""http://www.cidoc-crm.org/cidoc-crm/P91i_is_unit_of""]",false,,main,data/document_harness/reference-cache/cidoc-7.1.3/CIDOC_CRM_v7.1.3.rdfs,7.1.3,rdf_encoding,P91,forward,declared_forward_in_main_rdfs,,[],https://cidoc-crm.org/html/cidoc_crm_v7.1.3.html,has unit,data/document_harness/reference-cache/cidoc-7.1.3/CIDOC_CRM_v7.1.3.rdfs#P91_has_unit
P91i_is_unit_of,property,is unit of,http://www.cidoc-crm.org/cidoc-crm/P91i_is_unit_of,"[""http://www.cidoc-crm.org/cidoc-crm/E58_Measurement_Unit""]","[""http://www.cidoc-crm.org/cidoc-crm/E54_Dimension""]",[],"[""http://www.cidoc-crm.org/cidoc-crm/P91_has_unit""]",false,,main,data/document_harness/reference-cache/cidoc-7.1.3/CIDOC_CRM_v7.1.3.rdfs,7.1.3,rdf_encoding,P91,inverse,declared_inverse_in_main_rdfs,,[],https://cidoc-crm.org/html/cidoc_crm_v7.1.3.html,is unit of,data/document_harness/reference-cache/cidoc-7.1.3/CIDOC_CRM_v7.1.3.rdfs#P91i_is_unit_of
P92_brought_into_existence,property,brought into existence,http://www.cidoc-crm.org/cidoc-crm/P92_brought_into_existence,"[""http://www.cidoc-crm.org/cidoc-crm/E63_Beginning_of_Existence""]","[""http://www.cidoc-crm.org/cidoc-crm/E77_Persistent_Item""]","[""http://www.cidoc-crm.org/cidoc-crm/P12_occurred_in_the_presence_of""]","[""http://www.cidoc-crm.org/cidoc-crm/P92i_was_brought_into_existence_by""]",false,,main,data/document_harness/reference-cache/cidoc-7.1.3/CIDOC_CRM_v7.1.3.rdfs,7.1.3,rdf_encoding,P92,forward,declared_forward_in_main_rdfs,,[],https://cidoc-crm.org/html/cidoc_crm_v7.1.3.html,brought into existence,data/document_harness/reference-cache/cidoc-7.1.3/CIDOC_CRM_v7.1.3.rdfs#P92_brought_into_existence
P92i_was_brought_into_existence_by,property,was brought into existence by,http://www.cidoc-crm.org/cidoc-crm/P92i_was_brought_into_existence_by,"[""http://www.cidoc-crm.org/cidoc-crm/E77_Persistent_Item""]","[""http://www.cidoc-crm.org/cidoc-crm/E63_Beginning_of_Existence""]","[""http://www.cidoc-crm.org/cidoc-crm/P12i_was_present_at""]","[""http://www.cidoc-crm.org/cidoc-crm/P92_brought_into_existence""]",false,,main,data/document_harness/reference-cache/cidoc-7.1.3/CIDOC_CRM_v7.1.3.rdfs,7.1.3,rdf_encoding,P92,inverse,declared_inverse_in_main_rdfs,,[],https://cidoc-crm.org/html/cidoc_crm_v7.1.3.html,was brought into existence by,data/document_harness/reference-cache/cidoc-7.1.3/CIDOC_CRM_v7.1.3.rdfs#P92i_was_brought_into_existence_by
P93_took_out_of_existence,property,took out of existence,http://www.cidoc-crm.org/cidoc-crm/P93_took_out_of_existence,"[""http://www.cidoc-crm.org/cidoc-crm/E64_End_of_Existence""]","[""http://www.cidoc-crm.org/cidoc-crm/E77_Persistent_Item""]","[""http://www.cidoc-crm.org/cidoc-crm/P12_occurred_in_the_presence_of""]","[""http://www.cidoc-crm.org/cidoc-crm/P93i_was_taken_out_of_existence_by""]",false,,main,data/document_harness/reference-cache/cidoc-7.1.3/CIDOC_CRM_v7.1.3.rdfs,7.1.3,rdf_encoding,P93,forward,declared_forward_in_main_rdfs,,[],https://cidoc-crm.org/html/cidoc_crm_v7.1.3.html,took out of existence,data/document_harness/reference-cache/cidoc-7.1.3/CIDOC_CRM_v7.1.3.rdfs#P93_took_out_of_existence
P93i_was_taken_out_of_existence_by,property,was taken out of existence by,http://www.cidoc-crm.org/cidoc-crm/P93i_was_taken_out_of_existence_by,"[""http://www.cidoc-crm.org/cidoc-crm/E77_Persistent_Item""]","[""http://www.cidoc-crm.org/cidoc-crm/E64_End_of_Existence""]","[""http://www.cidoc-crm.org/cidoc-crm/P12i_was_present_at""]","[""http://www.cidoc-crm.org/cidoc-crm/P93_took_out_of_existence""]",false,,main,data/document_harness/reference-cache/cidoc-7.1.3/CIDOC_CRM_v7.1.3.rdfs,7.1.3,rdf_encoding,P93,inverse,declared_inverse_in_main_rdfs,,[],https://cidoc-crm.org/html/cidoc_crm_v7.1.3.html,was taken out of existence by,data/document_harness/reference-cache/cidoc-7.1.3/CIDOC_CRM_v7.1.3.rdfs#P93i_was_taken_out_of_existence_by
P94_has_created,property,has created,http://www.cidoc-crm.org/cidoc-crm/P94_has_created,"[""http://www.cidoc-crm.org/cidoc-crm/E65_Creation""]","[""http://www.cidoc-crm.org/cidoc-crm/E28_Conceptual_Object""]","[""http://www.cidoc-crm.org/cidoc-crm/P92_brought_into_existence""]","[""http://www.cidoc-crm.org/cidoc-crm/P94i_was_created_by""]",false,,main,data/document_harness/reference-cache/cidoc-7.1.3/CIDOC_CRM_v7.1.3.rdfs,7.1.3,rdf_encoding,P94,forward,declared_forward_in_main_rdfs,,[],https://cidoc-crm.org/html/cidoc_crm_v7.1.3.html,has created,data/document_harness/reference-cache/cidoc-7.1.3/CIDOC_CRM_v7.1.3.rdfs#P94_has_created
P94i_was_created_by,property,was created by,http://www.cidoc-crm.org/cidoc-crm/P94i_was_created_by,"[""http://www.cidoc-crm.org/cidoc-crm/E28_Conceptual_Object""]","[""http://www.cidoc-crm.org/cidoc-crm/E65_Creation""]","[""http://www.cidoc-crm.org/cidoc-crm/P92i_was_brought_into_existence_by""]","[""http://www.cidoc-crm.org/cidoc-crm/P94_has_created""]",false,,main,data/document_harness/reference-cache/cidoc-7.1.3/CIDOC_CRM_v7.1.3.rdfs,7.1.3,rdf_encoding,P94,inverse,declared_inverse_in_main_rdfs,,[],https://cidoc-crm.org/html/cidoc_crm_v7.1.3.html,was created by,data/document_harness/reference-cache/cidoc-7.1.3/CIDOC_CRM_v7.1.3.rdfs#P94i_was_created_by
P95_has_formed,property,has formed,http://www.cidoc-crm.org/cidoc-crm/P95_has_formed,"[""http://www.cidoc-crm.org/cidoc-crm/E66_Formation""]","[""http://www.cidoc-crm.org/cidoc-crm/E74_Group""]","[""http://www.cidoc-crm.org/cidoc-crm/P92_brought_into_existence""]","[""http://www.cidoc-crm.org/cidoc-crm/P95i_was_formed_by""]",false,,main,data/document_harness/reference-cache/cidoc-7.1.3/CIDOC_CRM_v7.1.3.rdfs,7.1.3,rdf_encoding,P95,forward,declared_forward_in_main_rdfs,,[],https://cidoc-crm.org/html/cidoc_crm_v7.1.3.html,has formed,data/document_harness/reference-cache/cidoc-7.1.3/CIDOC_CRM_v7.1.3.rdfs#P95_has_formed
P95i_was_formed_by,property,was formed by,http://www.cidoc-crm.org/cidoc-crm/P95i_was_formed_by,"[""http://www.cidoc-crm.org/cidoc-crm/E74_Group""]","[""http://www.cidoc-crm.org/cidoc-crm/E66_Formation""]","[""http://www.cidoc-crm.org/cidoc-crm/P92i_was_brought_into_existence_by""]","[""http://www.cidoc-crm.org/cidoc-crm/P95_has_formed""]",false,,main,data/document_harness/reference-cache/cidoc-7.1.3/CIDOC_CRM_v7.1.3.rdfs,7.1.3,rdf_encoding,P95,inverse,declared_inverse_in_main_rdfs,,[],https://cidoc-crm.org/html/cidoc_crm_v7.1.3.html,was formed by,data/document_harness/reference-cache/cidoc-7.1.3/CIDOC_CRM_v7.1.3.rdfs#P95i_was_formed_by
P96_by_mother,property,by mother,http://www.cidoc-crm.org/cidoc-crm/P96_by_mother,"[""http://www.cidoc-crm.org/cidoc-crm/E67_Birth""]","[""http://www.cidoc-crm.org/cidoc-crm/E21_Person""]","[""http://www.cidoc-crm.org/cidoc-crm/P11_had_participant""]","[""http://www.cidoc-crm.org/cidoc-crm/P96i_gave_birth""]",false,,main,data/document_harness/reference-cache/cidoc-7.1.3/CIDOC_CRM_v7.1.3.rdfs,7.1.3,rdf_encoding,P96,forward,declared_forward_in_main_rdfs,,[],https://cidoc-crm.org/html/cidoc_crm_v7.1.3.html,by mother,data/document_harness/reference-cache/cidoc-7.1.3/CIDOC_CRM_v7.1.3.rdfs#P96_by_mother
P96i_gave_birth,property,gave birth,http://www.cidoc-crm.org/cidoc-crm/P96i_gave_birth,"[""http://www.cidoc-crm.org/cidoc-crm/E21_Person""]","[""http://www.cidoc-crm.org/cidoc-crm/E67_Birth""]","[""http://www.cidoc-crm.org/cidoc-crm/P11i_participated_in""]","[""http://www.cidoc-crm.org/cidoc-crm/P96_by_mother""]",false,,main,data/document_harness/reference-cache/cidoc-7.1.3/CIDOC_CRM_v7.1.3.rdfs,7.1.3,rdf_encoding,P96,inverse,declared_inverse_in_main_rdfs,,[],https://cidoc-crm.org/html/cidoc_crm_v7.1.3.html,gave birth,data/document_harness/reference-cache/cidoc-7.1.3/CIDOC_CRM_v7.1.3.rdfs#P96i_gave_birth
P97_from_father,property,from father,http://www.cidoc-crm.org/cidoc-crm/P97_from_father,"[""http://www.cidoc-crm.org/cidoc-crm/E67_Birth""]","[""http://www.cidoc-crm.org/cidoc-crm/E21_Person""]",[],"[""http://www.cidoc-crm.org/cidoc-crm/P97i_was_father_for""]",false,,main,data/document_harness/reference-cache/cidoc-7.1.3/CIDOC_CRM_v7.1.3.rdfs,7.1.3,rdf_encoding,P97,forward,declared_forward_in_main_rdfs,,[],https://cidoc-crm.org/html/cidoc_crm_v7.1.3.html,from father,data/document_harness/reference-cache/cidoc-7.1.3/CIDOC_CRM_v7.1.3.rdfs#P97_from_father
P97i_was_father_for,property,was father for,http://www.cidoc-crm.org/cidoc-crm/P97i_was_father_for,"[""http://www.cidoc-crm.org/cidoc-crm/E21_Person""]","[""http://www.cidoc-crm.org/cidoc-crm/E67_Birth""]",[],"[""http://www.cidoc-crm.org/cidoc-crm/P97_from_father""]",false,,main,data/document_harness/reference-cache/cidoc-7.1.3/CIDOC_CRM_v7.1.3.rdfs,7.1.3,rdf_encoding,P97,inverse,declared_inverse_in_main_rdfs,,[],https://cidoc-crm.org/html/cidoc_crm_v7.1.3.html,was father for,data/document_harness/reference-cache/cidoc-7.1.3/CIDOC_CRM_v7.1.3.rdfs#P97i_was_father_for
P98_brought_into_life,property,brought into life,http://www.cidoc-crm.org/cidoc-crm/P98_brought_into_life,"[""http://www.cidoc-crm.org/cidoc-crm/E67_Birth""]","[""http://www.cidoc-crm.org/cidoc-crm/E21_Person""]","[""http://www.cidoc-crm.org/cidoc-crm/P92_brought_into_existence""]","[""http://www.cidoc-crm.org/cidoc-crm/P98i_was_born""]",false,,main,data/document_harness/reference-cache/cidoc-7.1.3/CIDOC_CRM_v7.1.3.rdfs,7.1.3,rdf_encoding,P98,forward,declared_forward_in_main_rdfs,,[],https://cidoc-crm.org/html/cidoc_crm_v7.1.3.html,brought into life,data/document_harness/reference-cache/cidoc-7.1.3/CIDOC_CRM_v7.1.3.rdfs#P98_brought_into_life
P98i_was_born,property,was born,http://www.cidoc-crm.org/cidoc-crm/P98i_was_born,"[""http://www.cidoc-crm.org/cidoc-crm/E21_Person""]","[""http://www.cidoc-crm.org/cidoc-crm/E67_Birth""]","[""http://www.cidoc-crm.org/cidoc-crm/P92i_was_brought_into_existence_by""]","[""http://www.cidoc-crm.org/cidoc-crm/P98_brought_into_life""]",false,,main,data/document_harness/reference-cache/cidoc-7.1.3/CIDOC_CRM_v7.1.3.rdfs,7.1.3,rdf_encoding,P98,inverse,declared_inverse_in_main_rdfs,,[],https://cidoc-crm.org/html/cidoc_crm_v7.1.3.html,was born,data/document_harness/reference-cache/cidoc-7.1.3/CIDOC_CRM_v7.1.3.rdfs#P98i_was_born
P99_dissolved,property,dissolved,http://www.cidoc-crm.org/cidoc-crm/P99_dissolved,"[""http://www.cidoc-crm.org/cidoc-crm/E68_Dissolution""]","[""http://www.cidoc-crm.org/cidoc-crm/E74_Group""]","[""http://www.cidoc-crm.org/cidoc-crm/P11_had_participant"",""http://www.cidoc-crm.org/cidoc-crm/P93_took_out_of_existence""]","[""http://www.cidoc-crm.org/cidoc-crm/P99i_was_dissolved_by""]",false,,main,data/document_harness/reference-cache/cidoc-7.1.3/CIDOC_CRM_v7.1.3.rdfs,7.1.3,rdf_encoding,P99,forward,declared_forward_in_main_rdfs,,[],https://cidoc-crm.org/html/cidoc_crm_v7.1.3.html,dissolved,data/document_harness/reference-cache/cidoc-7.1.3/CIDOC_CRM_v7.1.3.rdfs#P99_dissolved
P99i_was_dissolved_by,property,was dissolved by,http://www.cidoc-crm.org/cidoc-crm/P99i_was_dissolved_by,"[""http://www.cidoc-crm.org/cidoc-crm/E74_Group""]","[""http://www.cidoc-crm.org/cidoc-crm/E68_Dissolution""]","[""http://www.cidoc-crm.org/cidoc-crm/P11i_participated_in"",""http://www.cidoc-crm.org/cidoc-crm/P93i_was_taken_out_of_existence_by""]","[""http://www.cidoc-crm.org/cidoc-crm/P99_dissolved""]",false,,main,data/document_harness/reference-cache/cidoc-7.1.3/CIDOC_CRM_v7.1.3.rdfs,7.1.3,rdf_encoding,P99,inverse,declared_inverse_in_main_rdfs,,[],https://cidoc-crm.org/html/cidoc_crm_v7.1.3.html,was dissolved by,data/document_harness/reference-cache/cidoc-7.1.3/CIDOC_CRM_v7.1.3.rdfs#P99i_was_dissolved_by
P9_consists_of,property,consists of,http://www.cidoc-crm.org/cidoc-crm/P9_consists_of,"[""http://www.cidoc-crm.org/cidoc-crm/E4_Period""]","[""http://www.cidoc-crm.org/cidoc-crm/E4_Period""]","[""http://www.cidoc-crm.org/cidoc-crm/P10i_contains""]","[""http://www.cidoc-crm.org/cidoc-crm/P9i_forms_part_of""]",false,,main,data/document_harness/reference-cache/cidoc-7.1.3/CIDOC_CRM_v7.1.3.rdfs,7.1.3,rdf_encoding,P9,forward,declared_forward_in_main_rdfs,,[],https://cidoc-crm.org/html/cidoc_crm_v7.1.3.html,consists of,data/document_harness/reference-cache/cidoc-7.1.3/CIDOC_CRM_v7.1.3.rdfs#P9_consists_of
P9i_forms_part_of,property,forms part of,http://www.cidoc-crm.org/cidoc-crm/P9i_forms_part_of,"[""http://www.cidoc-crm.org/cidoc-crm/E4_Period""]","[""http://www.cidoc-crm.org/cidoc-crm/E4_Period""]","[""http://www.cidoc-crm.org/cidoc-crm/P10_falls_within""]","[""http://www.cidoc-crm.org/cidoc-crm/P9_consists_of""]",false,,main,data/document_harness/reference-cache/cidoc-7.1.3/CIDOC_CRM_v7.1.3.rdfs,7.1.3,rdf_encoding,P9,inverse,declared_inverse_in_main_rdfs,,[],https://cidoc-crm.org/html/cidoc_crm_v7.1.3.html,forms part of,data/document_harness/reference-cache/cidoc-7.1.3/CIDOC_CRM_v7.1.3.rdfs#P9i_forms_part_of
PC0_Typed_CRM_Property,class,Typed CRM Property,http://www.cidoc-crm.org/cidoc-crm/PC0_Typed_CRM_Property,[],[],[],[],false,PC implementation module; excluded from main/base declaration counts.,pc,data/document_harness/reference-cache/cidoc-7.1.3/CIDOC_CRM_v7.1.3_PC.rdfs,7.1.3,rdf_encoding,,class,pc_module_separate_from_main_base,,[],https://cidoc-crm.org/html/cidoc_crm_v7.1.3.html,Typed CRM Property,data/document_harness/reference-cache/cidoc-7.1.3/CIDOC_CRM_v7.1.3_PC.rdfs#PC0_Typed_CRM_Property
PC102_has_title,class,has title,http://www.cidoc-crm.org/cidoc-crm/PC102_has_title,[],[],"[""http://www.cidoc-crm.org/cidoc-crm/PC0_Typed_CRM_Property""]",[],false,PC implementation module; excluded from main/base declaration counts.,pc,data/document_harness/reference-cache/cidoc-7.1.3/CIDOC_CRM_v7.1.3_PC.rdfs,7.1.3,rdf_encoding,,class,pc_module_separate_from_main_base,,[],https://cidoc-crm.org/html/cidoc_crm_v7.1.3.html,has title,data/document_harness/reference-cache/cidoc-7.1.3/CIDOC_CRM_v7.1.3_PC.rdfs#PC102_has_title
PC107_has_current_or_former_member,class,has current or former member,http://www.cidoc-crm.org/cidoc-crm/PC107_has_current_or_former_member,[],[],"[""http://www.cidoc-crm.org/cidoc-crm/PC0_Typed_CRM_Property""]",[],false,PC implementation module; excluded from main/base declaration counts.,pc,data/document_harness/reference-cache/cidoc-7.1.3/CIDOC_CRM_v7.1.3_PC.rdfs,7.1.3,rdf_encoding,,class,pc_module_separate_from_main_base,,[],https://cidoc-crm.org/html/cidoc_crm_v7.1.3.html,has current or former member,data/document_harness/reference-cache/cidoc-7.1.3/CIDOC_CRM_v7.1.3_PC.rdfs#PC107_has_current_or_former_member
PC130_shows_features_of,class,shows features of,http://www.cidoc-crm.org/cidoc-crm/PC130_shows_features_of,[],[],"[""http://www.cidoc-crm.org/cidoc-crm/PC0_Typed_CRM_Property""]",[],false,PC implementation module; excluded from main/base declaration counts.,pc,data/document_harness/reference-cache/cidoc-7.1.3/CIDOC_CRM_v7.1.3_PC.rdfs,7.1.3,rdf_encoding,,class,pc_module_separate_from_main_base,,[],https://cidoc-crm.org/html/cidoc_crm_v7.1.3.html,shows features of,data/document_harness/reference-cache/cidoc-7.1.3/CIDOC_CRM_v7.1.3_PC.rdfs#PC130_shows_features_of
PC136_was_based_on,class,was based on,http://www.cidoc-crm.org/cidoc-crm/PC136_was_based_on,[],[],"[""http://www.cidoc-crm.org/cidoc-crm/PC0_Typed_CRM_Property""]",[],false,PC implementation module; excluded from main/base declaration counts.,pc,data/document_harness/reference-cache/cidoc-7.1.3/CIDOC_CRM_v7.1.3_PC.rdfs,7.1.3,rdf_encoding,,class,pc_module_separate_from_main_base,,[],https://cidoc-crm.org/html/cidoc_crm_v7.1.3.html,was based on,data/document_harness/reference-cache/cidoc-7.1.3/CIDOC_CRM_v7.1.3_PC.rdfs#PC136_was_based_on
PC137_exemplifies,class,exemplifies,http://www.cidoc-crm.org/cidoc-crm/PC137_exemplifies,[],[],"[""http://www.cidoc-crm.org/cidoc-crm/PC0_Typed_CRM_Property""]",[],false,PC implementation module; excluded from main/base declaration counts.,pc,data/document_harness/reference-cache/cidoc-7.1.3/CIDOC_CRM_v7.1.3_PC.rdfs,7.1.3,rdf_encoding,,class,pc_module_separate_from_main_base,,[],https://cidoc-crm.org/html/cidoc_crm_v7.1.3.html,exemplifies,data/document_harness/reference-cache/cidoc-7.1.3/CIDOC_CRM_v7.1.3_PC.rdfs#PC137_exemplifies
PC138_represents,class,represents,http://www.cidoc-crm.org/cidoc-crm/PC138_represents,[],[],"[""http://www.cidoc-crm.org/cidoc-crm/PC0_Typed_CRM_Property""]",[],false,PC implementation module; excluded from main/base declaration counts.,pc,data/document_harness/reference-cache/cidoc-7.1.3/CIDOC_CRM_v7.1.3_PC.rdfs,7.1.3,rdf_encoding,,class,pc_module_separate_from_main_base,,[],https://cidoc-crm.org/html/cidoc_crm_v7.1.3.html,represents,data/document_harness/reference-cache/cidoc-7.1.3/CIDOC_CRM_v7.1.3_PC.rdfs#PC138_represents
PC139_has_alternative_form,class,has alternative form,http://www.cidoc-crm.org/cidoc-crm/PC139_has_alternative_form,[],[],"[""http://www.cidoc-crm.org/cidoc-crm/PC0_Typed_CRM_Property""]",[],false,PC implementation module; excluded from main/base declaration counts.,pc,data/document_harness/reference-cache/cidoc-7.1.3/CIDOC_CRM_v7.1.3_PC.rdfs,7.1.3,rdf_encoding,,class,pc_module_separate_from_main_base,,[],https://cidoc-crm.org/html/cidoc_crm_v7.1.3.html,has alternative form,data/document_harness/reference-cache/cidoc-7.1.3/CIDOC_CRM_v7.1.3_PC.rdfs#PC139_has_alternative_form
PC144_joined_with,class,joined with,http://www.cidoc-crm.org/cidoc-crm/PC144_joined_with,[],[],"[""http://www.cidoc-crm.org/cidoc-crm/PC0_Typed_CRM_Property""]",[],false,PC implementation module; excluded from main/base declaration counts.,pc,data/document_harness/reference-cache/cidoc-7.1.3/CIDOC_CRM_v7.1.3_PC.rdfs,7.1.3,rdf_encoding,,class,pc_module_separate_from_main_base,,[],https://cidoc-crm.org/html/cidoc_crm_v7.1.3.html,joined with,data/document_harness/reference-cache/cidoc-7.1.3/CIDOC_CRM_v7.1.3_PC.rdfs#PC144_joined_with
PC14_carried_out_by,class,carried out by,http://www.cidoc-crm.org/cidoc-crm/PC14_carried_out_by,[],[],"[""http://www.cidoc-crm.org/cidoc-crm/PC0_Typed_CRM_Property""]",[],false,PC implementation module; excluded from main/base declaration counts.,pc,data/document_harness/reference-cache/cidoc-7.1.3/CIDOC_CRM_v7.1.3_PC.rdfs,7.1.3,rdf_encoding,,class,pc_module_separate_from_main_base,,[],https://cidoc-crm.org/html/cidoc_crm_v7.1.3.html,carried out by,data/document_harness/reference-cache/cidoc-7.1.3/CIDOC_CRM_v7.1.3_PC.rdfs#PC14_carried_out_by
PC16_used_specific_object,class,used specific object,http://www.cidoc-crm.org/cidoc-crm/PC16_used_specific_object,[],[],"[""http://www.cidoc-crm.org/cidoc-crm/PC0_Typed_CRM_Property""]",[],false,PC implementation module; excluded from main/base declaration counts.,pc,data/document_harness/reference-cache/cidoc-7.1.3/CIDOC_CRM_v7.1.3_PC.rdfs,7.1.3,rdf_encoding,,class,pc_module_separate_from_main_base,,[],https://cidoc-crm.org/html/cidoc_crm_v7.1.3.html,used specific object,data/document_harness/reference-cache/cidoc-7.1.3/CIDOC_CRM_v7.1.3_PC.rdfs#PC16_used_specific_object
PC189_approximates,class,approximates,http://www.cidoc-crm.org/cidoc-crm/PC189_approximates,[],[],"[""http://www.cidoc-crm.org/cidoc-crm/PC0_Typed_CRM_Property""]",[],false,PC implementation module; excluded from main/base declaration counts.,pc,data/document_harness/reference-cache/cidoc-7.1.3/CIDOC_CRM_v7.1.3_PC.rdfs,7.1.3,rdf_encoding,,class,pc_module_separate_from_main_base,,[],https://cidoc-crm.org/html/cidoc_crm_v7.1.3.html,approximates,data/document_harness/reference-cache/cidoc-7.1.3/CIDOC_CRM_v7.1.3_PC.rdfs#PC189_approximates
PC19_was_intended_use_of,class,was intended use of,http://www.cidoc-crm.org/cidoc-crm/PC19_was_intended_use_of,[],[],"[""http://www.cidoc-crm.org/cidoc-crm/PC0_Typed_CRM_Property""]",[],false,PC implementation module; excluded from main/base declaration counts.,pc,data/document_harness/reference-cache/cidoc-7.1.3/CIDOC_CRM_v7.1.3_PC.rdfs,7.1.3,rdf_encoding,,class,pc_module_separate_from_main_base,,[],https://cidoc-crm.org/html/cidoc_crm_v7.1.3.html,was intended use of,data/document_harness/reference-cache/cidoc-7.1.3/CIDOC_CRM_v7.1.3_PC.rdfs#PC19_was_intended_use_of
PC3_has_note,class,has note,http://www.cidoc-crm.org/cidoc-crm/PC3_has_note,[],[],"[""http://www.cidoc-crm.org/cidoc-crm/PC0_Typed_CRM_Property""]",[],false,PC implementation module; excluded from main/base declaration counts.,pc,data/document_harness/reference-cache/cidoc-7.1.3/CIDOC_CRM_v7.1.3_PC.rdfs,7.1.3,rdf_encoding,,class,pc_module_separate_from_main_base,,[],https://cidoc-crm.org/html/cidoc_crm_v7.1.3.html,has note,data/document_harness/reference-cache/cidoc-7.1.3/CIDOC_CRM_v7.1.3_PC.rdfs#PC3_has_note
PC62_depicts,class,depicts,http://www.cidoc-crm.org/cidoc-crm/PC62_depicts,[],[],"[""http://www.cidoc-crm.org/cidoc-crm/PC0_Typed_CRM_Property""]",[],false,PC implementation module; excluded from main/base declaration counts.,pc,data/document_harness/reference-cache/cidoc-7.1.3/CIDOC_CRM_v7.1.3_PC.rdfs,7.1.3,rdf_encoding,,class,pc_module_separate_from_main_base,,[],https://cidoc-crm.org/html/cidoc_crm_v7.1.3.html,depicts,data/document_harness/reference-cache/cidoc-7.1.3/CIDOC_CRM_v7.1.3_PC.rdfs#PC62_depicts
PC67_refers_to,class,refers to,http://www.cidoc-crm.org/cidoc-crm/PC67_refers_to,[],[],"[""http://www.cidoc-crm.org/cidoc-crm/PC0_Typed_CRM_Property""]",[],false,PC implementation module; excluded from main/base declaration counts.,pc,data/document_harness/reference-cache/cidoc-7.1.3/CIDOC_CRM_v7.1.3_PC.rdfs,7.1.3,rdf_encoding,,class,pc_module_separate_from_main_base,,[],https://cidoc-crm.org/html/cidoc_crm_v7.1.3.html,refers to,data/document_harness/reference-cache/cidoc-7.1.3/CIDOC_CRM_v7.1.3_PC.rdfs#PC67_refers_to
PC69_has_association_with,class,has association with,http://www.cidoc-crm.org/cidoc-crm/PC69_has_association_with,[],[],"[""http://www.cidoc-crm.org/cidoc-crm/PC0_Typed_CRM_Property""]",[],false,PC implementation module; excluded from main/base declaration counts.,pc,data/document_harness/reference-cache/cidoc-7.1.3/CIDOC_CRM_v7.1.3_PC.rdfs,7.1.3,rdf_encoding,,class,pc_module_separate_from_main_base,,[],https://cidoc-crm.org/html/cidoc_crm_v7.1.3.html,has association with,data/document_harness/reference-cache/cidoc-7.1.3/CIDOC_CRM_v7.1.3_PC.rdfs#PC69_has_association_with
P01_has_domain,property,has domain,http://www.cidoc-crm.org/cidoc-crm/P01_has_domain,"[""http://www.cidoc-crm.org/cidoc-crm/PC0_Typed_CRM_Property""]","[""http://www.cidoc-crm.org/cidoc-crm/E1_CRM_Entity""]",[],"[""http://www.cidoc-crm.org/cidoc-crm/P01i_is_domain_of""]",false,PC implementation module; excluded from main/base declaration counts.,pc,data/document_harness/reference-cache/cidoc-7.1.3/CIDOC_CRM_v7.1.3_PC.rdfs,7.1.3,rdf_encoding,,forward,pc_module_separate_from_main_base,,[],https://cidoc-crm.org/html/cidoc_crm_v7.1.3.html,has domain,data/document_harness/reference-cache/cidoc-7.1.3/CIDOC_CRM_v7.1.3_PC.rdfs#P01_has_domain
P01i_is_domain_of,property,is domain of,http://www.cidoc-crm.org/cidoc-crm/P01i_is_domain_of,"[""http://www.cidoc-crm.org/cidoc-crm/E1_CRM_Entity""]","[""http://www.cidoc-crm.org/cidoc-crm/PC0_Typed_CRM_Property""]",[],"[""http://www.cidoc-crm.org/cidoc-crm/P01_has_domain""]",false,PC implementation module; excluded from main/base declaration counts.,pc,data/document_harness/reference-cache/cidoc-7.1.3/CIDOC_CRM_v7.1.3_PC.rdfs,7.1.3,rdf_encoding,,inverse,pc_module_separate_from_main_base,,[],https://cidoc-crm.org/html/cidoc_crm_v7.1.3.html,is domain of,data/document_harness/reference-cache/cidoc-7.1.3/CIDOC_CRM_v7.1.3_PC.rdfs#P01i_is_domain_of
P02_has_range,property,has range,http://www.cidoc-crm.org/cidoc-crm/P02_has_range,"[""http://www.cidoc-crm.org/cidoc-crm/PC0_Typed_CRM_Property""]","[""http://www.cidoc-crm.org/cidoc-crm/E1_CRM_Entity""]",[],"[""http://www.cidoc-crm.org/cidoc-crm/P02i_is_range_of""]",false,PC implementation module; excluded from main/base declaration counts.,pc,data/document_harness/reference-cache/cidoc-7.1.3/CIDOC_CRM_v7.1.3_PC.rdfs,7.1.3,rdf_encoding,,forward,pc_module_separate_from_main_base,,[],https://cidoc-crm.org/html/cidoc_crm_v7.1.3.html,has range,data/document_harness/reference-cache/cidoc-7.1.3/CIDOC_CRM_v7.1.3_PC.rdfs#P02_has_range
P02i_is_range_of,property,is range of,http://www.cidoc-crm.org/cidoc-crm/P02i_is_range_of,"[""http://www.cidoc-crm.org/cidoc-crm/E1_CRM_Entity""]","[""http://www.cidoc-crm.org/cidoc-crm/PC0_Typed_CRM_Property""]",[],"[""http://www.cidoc-crm.org/cidoc-crm/P02_has_range""]",false,PC implementation module; excluded from main/base declaration counts.,pc,data/document_harness/reference-cache/cidoc-7.1.3/CIDOC_CRM_v7.1.3_PC.rdfs,7.1.3,rdf_encoding,,inverse,pc_module_separate_from_main_base,,[],https://cidoc-crm.org/html/cidoc_crm_v7.1.3.html,is range of,data/document_harness/reference-cache/cidoc-7.1.3/CIDOC_CRM_v7.1.3_PC.rdfs#P02i_is_range_of
P03_has_range_literal,property,has range literal,http://www.cidoc-crm.org/cidoc-crm/P03_has_range_literal,"[""http://www.cidoc-crm.org/cidoc-crm/PC0_Typed_CRM_Property""]","[""http://www.w3.org/2000/01/rdf-schema#Literal""]",[],[],false,PC implementation module; excluded from main/base declaration counts.,pc,data/document_harness/reference-cache/cidoc-7.1.3/CIDOC_CRM_v7.1.3_PC.rdfs,7.1.3,rdf_encoding,,forward,pc_module_separate_from_main_base,rdfs:Literal declared as range in this RDFS encoding,[],https://cidoc-crm.org/html/cidoc_crm_v7.1.3.html,has range literal,data/document_harness/reference-cache/cidoc-7.1.3/CIDOC_CRM_v7.1.3_PC.rdfs#P03_has_range_literal
P04_represents,property,represents,http://www.cidoc-crm.org/cidoc-crm/P04_represents,"[""http://www.w3.org/2000/01/rdf-schema#Class""]","[""http://www.w3.org/1999/02/22-rdf-syntax-ns#Property""]",[],[],false,PC implementation module; excluded from main/base declaration counts.,pc,data/document_harness/reference-cache/cidoc-7.1.3/CIDOC_CRM_v7.1.3_PC.rdfs,7.1.3,rdf_encoding,,forward,pc_module_separate_from_main_base,,[],https://cidoc-crm.org/html/cidoc_crm_v7.1.3.html,represents,data/document_harness/reference-cache/cidoc-7.1.3/CIDOC_CRM_v7.1.3_PC.rdfs#P04_represents
P102.1_has_type,property,has type,http://www.cidoc-crm.org/cidoc-crm/P102.1_has_type,"[""http://www.cidoc-crm.org/cidoc-crm/PC102_has_title""]","[""http://www.cidoc-crm.org/cidoc-crm/E55_Type""]",[],[],false,PC-module RDFS representation of a CRM .1 qualified property; keep distinct from direct main properties.,pc,data/document_harness/reference-cache/cidoc-7.1.3/CIDOC_CRM_v7.1.3_PC.rdfs,7.1.3,rdf_encoding,,qualified_property,pc_qualified_property_separate_from_formal_base,,[],https://cidoc-crm.org/html/cidoc_crm_v7.1.3.html,has type,data/document_harness/reference-cache/cidoc-7.1.3/CIDOC_CRM_v7.1.3_PC.rdfs#P102.1_has_type
P107.1_kind_of_member,property,kind of member,http://www.cidoc-crm.org/cidoc-crm/P107.1_kind_of_member,"[""http://www.cidoc-crm.org/cidoc-crm/PC107_has_current_or_former_member""]","[""http://www.cidoc-crm.org/cidoc-crm/E55_Type""]",[],[],false,PC-module RDFS representation of a CRM .1 qualified property; keep distinct from direct main properties.,pc,data/document_harness/reference-cache/cidoc-7.1.3/CIDOC_CRM_v7.1.3_PC.rdfs,7.1.3,rdf_encoding,,qualified_property,pc_qualified_property_separate_from_formal_base,,[],https://cidoc-crm.org/html/cidoc_crm_v7.1.3.html,kind of member,data/document_harness/reference-cache/cidoc-7.1.3/CIDOC_CRM_v7.1.3_PC.rdfs#P107.1_kind_of_member
P130.1_kind_of_similarity,property,kind of similarity,http://www.cidoc-crm.org/cidoc-crm/P130.1_kind_of_similarity,"[""http://www.cidoc-crm.org/cidoc-crm/PC130_shows_features_of""]","[""http://www.cidoc-crm.org/cidoc-crm/E55_Type""]",[],[],false,PC-module RDFS representation of a CRM .1 qualified property; keep distinct from direct main properties.,pc,data/document_harness/reference-cache/cidoc-7.1.3/CIDOC_CRM_v7.1.3_PC.rdfs,7.1.3,rdf_encoding,,qualified_property,pc_qualified_property_separate_from_formal_base,,[],https://cidoc-crm.org/html/cidoc_crm_v7.1.3.html,kind of similarity,data/document_harness/reference-cache/cidoc-7.1.3/CIDOC_CRM_v7.1.3_PC.rdfs#P130.1_kind_of_similarity
P136.1_in_the_taxonomic_role,property,in the taxonomic role,http://www.cidoc-crm.org/cidoc-crm/P136.1_in_the_taxonomic_role,"[""http://www.cidoc-crm.org/cidoc-crm/PC136_was_based_on""]","[""http://www.cidoc-crm.org/cidoc-crm/E55_Type""]",[],[],false,PC-module RDFS representation of a CRM .1 qualified property; keep distinct from direct main properties.,pc,data/document_harness/reference-cache/cidoc-7.1.3/CIDOC_CRM_v7.1.3_PC.rdfs,7.1.3,rdf_encoding,,qualified_property,pc_qualified_property_separate_from_formal_base,,[],https://cidoc-crm.org/html/cidoc_crm_v7.1.3.html,in the taxonomic role,data/document_harness/reference-cache/cidoc-7.1.3/CIDOC_CRM_v7.1.3_PC.rdfs#P136.1_in_the_taxonomic_role
P137.1_in_the_taxonomic_role,property,in the taxonomic role,http://www.cidoc-crm.org/cidoc-crm/P137.1_in_the_taxonomic_role,"[""http://www.cidoc-crm.org/cidoc-crm/PC137_exemplifies""]","[""http://www.cidoc-crm.org/cidoc-crm/E55_Type""]",[],[],false,PC-module RDFS representation of a CRM .1 qualified property; keep distinct from direct main properties.,pc,data/document_harness/reference-cache/cidoc-7.1.3/CIDOC_CRM_v7.1.3_PC.rdfs,7.1.3,rdf_encoding,,qualified_property,pc_qualified_property_separate_from_formal_base,,[],https://cidoc-crm.org/html/cidoc_crm_v7.1.3.html,in the taxonomic role,data/document_harness/reference-cache/cidoc-7.1.3/CIDOC_CRM_v7.1.3_PC.rdfs#P137.1_in_the_taxonomic_role
P138.1_mode_of_representation,property,mode of representation,http://www.cidoc-crm.org/cidoc-crm/P138.1_mode_of_representation,"[""http://www.cidoc-crm.org/cidoc-crm/PC138_represents""]","[""http://www.cidoc-crm.org/cidoc-crm/E55_Type""]",[],[],false,PC-module RDFS representation of a CRM .1 qualified property; keep distinct from direct main properties.,pc,data/document_harness/reference-cache/cidoc-7.1.3/CIDOC_CRM_v7.1.3_PC.rdfs,7.1.3,rdf_encoding,,qualified_property,pc_qualified_property_separate_from_formal_base,,[],https://cidoc-crm.org/html/cidoc_crm_v7.1.3.html,mode of representation,data/document_harness/reference-cache/cidoc-7.1.3/CIDOC_CRM_v7.1.3_PC.rdfs#P138.1_mode_of_representation
P139.1_has_type,property,has type,http://www.cidoc-crm.org/cidoc-crm/P139.1_has_type,"[""http://www.cidoc-crm.org/cidoc-crm/PC139_has_alternative_form""]","[""http://www.cidoc-crm.org/cidoc-crm/E55_Type""]",[],[],false,PC-module RDFS representation of a CRM .1 qualified property; keep distinct from direct main properties.,pc,data/document_harness/reference-cache/cidoc-7.1.3/CIDOC_CRM_v7.1.3_PC.rdfs,7.1.3,rdf_encoding,,qualified_property,pc_qualified_property_separate_from_formal_base,,[],https://cidoc-crm.org/html/cidoc_crm_v7.1.3.html,has type,data/document_harness/reference-cache/cidoc-7.1.3/CIDOC_CRM_v7.1.3_PC.rdfs#P139.1_has_type
P14.1_in_the_role_of,property,in the role of,http://www.cidoc-crm.org/cidoc-crm/P14.1_in_the_role_of,"[""http://www.cidoc-crm.org/cidoc-crm/PC14_carried_out_by""]","[""http://www.cidoc-crm.org/cidoc-crm/E55_Type""]",[],[],false,PC-module RDFS representation of a CRM .1 qualified property; keep distinct from direct main properties.,pc,data/document_harness/reference-cache/cidoc-7.1.3/CIDOC_CRM_v7.1.3_PC.rdfs,7.1.3,rdf_encoding,,qualified_property,pc_qualified_property_separate_from_formal_base,,[],https://cidoc-crm.org/html/cidoc_crm_v7.1.3.html,in the role of,data/document_harness/reference-cache/cidoc-7.1.3/CIDOC_CRM_v7.1.3_PC.rdfs#P14.1_in_the_role_of
P144.1_kind_of_member,property,kind of member,http://www.cidoc-crm.org/cidoc-crm/P144.1_kind_of_member,"[""http://www.cidoc-crm.org/cidoc-crm/PC144_joined_with""]","[""http://www.cidoc-crm.org/cidoc-crm/E55_Type""]",[],[],false,PC-module RDFS representation of a CRM .1 qualified property; keep distinct from direct main properties.,pc,data/document_harness/reference-cache/cidoc-7.1.3/CIDOC_CRM_v7.1.3_PC.rdfs,7.1.3,rdf_encoding,,qualified_property,pc_qualified_property_separate_from_formal_base,,[],https://cidoc-crm.org/html/cidoc_crm_v7.1.3.html,kind of member,data/document_harness/reference-cache/cidoc-7.1.3/CIDOC_CRM_v7.1.3_PC.rdfs#P144.1_kind_of_member
P16.1_mode_of_use,property,mode of use,http://www.cidoc-crm.org/cidoc-crm/P16.1_mode_of_use,"[""http://www.cidoc-crm.org/cidoc-crm/PC16_used_specific_object""]","[""http://www.cidoc-crm.org/cidoc-crm/E55_Type""]",[],[],false,PC-module RDFS representation of a CRM .1 qualified property; keep distinct from direct main properties.,pc,data/document_harness/reference-cache/cidoc-7.1.3/CIDOC_CRM_v7.1.3_PC.rdfs,7.1.3,rdf_encoding,,qualified_property,pc_qualified_property_separate_from_formal_base,,[],https://cidoc-crm.org/html/cidoc_crm_v7.1.3.html,mode of use,data/document_harness/reference-cache/cidoc-7.1.3/CIDOC_CRM_v7.1.3_PC.rdfs#P16.1_mode_of_use
P189.1_has_type,property,has type,http://www.cidoc-crm.org/cidoc-crm/P189.1_has_type,"[""http://www.cidoc-crm.org/cidoc-crm/PC189_approximates""]","[""http://www.cidoc-crm.org/cidoc-crm/E55_Type""]",[],[],false,PC-module RDFS representation of a CRM .1 qualified property; keep distinct from direct main properties.,pc,data/document_harness/reference-cache/cidoc-7.1.3/CIDOC_CRM_v7.1.3_PC.rdfs,7.1.3,rdf_encoding,,qualified_property,pc_qualified_property_separate_from_formal_base,,[],https://cidoc-crm.org/html/cidoc_crm_v7.1.3.html,has type,data/document_harness/reference-cache/cidoc-7.1.3/CIDOC_CRM_v7.1.3_PC.rdfs#P189.1_has_type
P19.1_mode_of_use,property,mode of use,http://www.cidoc-crm.org/cidoc-crm/P19.1_mode_of_use,"[""http://www.cidoc-crm.org/cidoc-crm/PC19_was_intended_use_of""]","[""http://www.cidoc-crm.org/cidoc-crm/E55_Type""]",[],[],false,PC-module RDFS representation of a CRM .1 qualified property; keep distinct from direct main properties.,pc,data/document_harness/reference-cache/cidoc-7.1.3/CIDOC_CRM_v7.1.3_PC.rdfs,7.1.3,rdf_encoding,,qualified_property,pc_qualified_property_separate_from_formal_base,,[],https://cidoc-crm.org/html/cidoc_crm_v7.1.3.html,mode of use,data/document_harness/reference-cache/cidoc-7.1.3/CIDOC_CRM_v7.1.3_PC.rdfs#P19.1_mode_of_use
P3.1_has_type,property,has type,http://www.cidoc-crm.org/cidoc-crm/P3.1_has_type,"[""http://www.cidoc-crm.org/cidoc-crm/PC3_has_note""]","[""http://www.cidoc-crm.org/cidoc-crm/E55_Type""]",[],[],false,PC-module RDFS representation of a CRM .1 qualified property; keep distinct from direct main properties.,pc,data/document_harness/reference-cache/cidoc-7.1.3/CIDOC_CRM_v7.1.3_PC.rdfs,7.1.3,rdf_encoding,,qualified_property,pc_qualified_property_separate_from_formal_base,,[],https://cidoc-crm.org/html/cidoc_crm_v7.1.3.html,has type,data/document_harness/reference-cache/cidoc-7.1.3/CIDOC_CRM_v7.1.3_PC.rdfs#P3.1_has_type
P62.1_mode_of_depiction,property,mode of depiction,http://www.cidoc-crm.org/cidoc-crm/P62.1_mode_of_depiction,"[""http://www.cidoc-crm.org/cidoc-crm/PC62_depicts""]","[""http://www.cidoc-crm.org/cidoc-crm/E55_Type""]",[],[],false,PC-module RDFS representation of a CRM .1 qualified property; keep distinct from direct main properties.,pc,data/document_harness/reference-cache/cidoc-7.1.3/CIDOC_CRM_v7.1.3_PC.rdfs,7.1.3,rdf_encoding,,qualified_property,pc_qualified_property_separate_from_formal_base,,[],https://cidoc-crm.org/html/cidoc_crm_v7.1.3.html,mode of depiction,data/document_harness/reference-cache/cidoc-7.1.3/CIDOC_CRM_v7.1.3_PC.rdfs#P62.1_mode_of_depiction
P67.1_has_type,property,has type,http://www.cidoc-crm.org/cidoc-crm/P67.1_has_type,"[""http://www.cidoc-crm.org/cidoc-crm/PC67_refers_to""]","[""http://www.cidoc-crm.org/cidoc-crm/E55_Type""]",[],[],false,PC-module RDFS representation of a CRM .1 qualified property; keep distinct from direct main properties.,pc,data/document_harness/reference-cache/cidoc-7.1.3/CIDOC_CRM_v7.1.3_PC.rdfs,7.1.3,rdf_encoding,,qualified_property,pc_qualified_property_separate_from_formal_base,,[],https://cidoc-crm.org/html/cidoc_crm_v7.1.3.html,has type,data/document_harness/reference-cache/cidoc-7.1.3/CIDOC_CRM_v7.1.3_PC.rdfs#P67.1_has_type
P69.1_has_type,property,has type,http://www.cidoc-crm.org/cidoc-crm/P69.1_has_type,"[""http://www.cidoc-crm.org/cidoc-crm/PC69_has_association_with""]","[""http://www.cidoc-crm.org/cidoc-crm/E55_Type""]",[],[],false,PC-module RDFS representation of a CRM .1 qualified property; keep distinct from direct main properties.,pc,data/document_harness/reference-cache/cidoc-7.1.3/CIDOC_CRM_v7.1.3_PC.rdfs,7.1.3,rdf_encoding,,qualified_property,pc_qualified_property_separate_from_formal_base,,[],https://cidoc-crm.org/html/cidoc_crm_v7.1.3.html,has type,data/document_harness/reference-cache/cidoc-7.1.3/CIDOC_CRM_v7.1.3_PC.rdfs#P69.1_has_type
P168_place_is_defined_by,property,,http://www.cidoc-crm.org/cidoc-crm/P168_place_is_defined_by,[],[],"[""http://www.cidoc-crm.org/cidoc-crm/P1_is_identified_by""]",[],false,Supplementary relation declaration; kept separate from main RDFS assertions. No English rdfs:label is declared in this relation-only source row.,supplementary,data/document_harness/reference-cache/cidoc-7.1.3/CIDOC_CRM_v7.1.3_Supplement.rdfs,7.1.3,rdf_encoding,P168,supplementary_assertion,supplementary_module_separate_from_main_base,,[],https://cidoc-crm.org/html/cidoc_crm_v7.1.3.html,place is defined by,data/document_harness/reference-cache/cidoc-7.1.3/CIDOC_CRM_v7.1.3.rdfs#P168_place_is_defined_by (same URI; main module English label)
P169i_spacetime_volume_is_defined_by,property,,http://www.cidoc-crm.org/cidoc-crm/P169i_spacetime_volume_is_defined_by,[],[],"[""http://www.cidoc-crm.org/cidoc-crm/P1_is_identified_by""]",[],false,Supplementary relation declaration; kept separate from main RDFS assertions. No English rdfs:label is declared in this relation-only source row.,supplementary,data/document_harness/reference-cache/cidoc-7.1.3/CIDOC_CRM_v7.1.3_Supplement.rdfs,7.1.3,rdf_encoding,P169,supplementary_assertion,supplementary_module_separate_from_main_base,,[],https://cidoc-crm.org/html/cidoc_crm_v7.1.3.html,spacetime volume is defined by,data/document_harness/reference-cache/cidoc-7.1.3/CIDOC_CRM_v7.1.3.rdfs#P169i_spacetime_volume_is_defined_by (same URI; main module English label)
P170i_time_is_defined_by,property,,http://www.cidoc-crm.org/cidoc-crm/P170i_time_is_defined_by,[],[],"[""http://www.cidoc-crm.org/cidoc-crm/P1_is_identified_by""]",[],false,Supplementary relation declaration; kept separate from main RDFS assertions. No English rdfs:label is declared in this relation-only source row.,supplementary,data/document_harness/reference-cache/cidoc-7.1.3/CIDOC_CRM_v7.1.3_Supplement.rdfs,7.1.3,rdf_encoding,P170,supplementary_assertion,supplementary_module_separate_from_main_base,,[],https://cidoc-crm.org/html/cidoc_crm_v7.1.3.html,time is defined by,data/document_harness/reference-cache/cidoc-7.1.3/CIDOC_CRM_v7.1.3.rdfs#P170i_time_is_defined_by (same URI; main module English label)
rdfs:label,property,,http://www.w3.org/2000/01/rdf-schema#label,[],[],"[""http://www.cidoc-crm.org/cidoc-crm/P1_is_identified_by""]",[],false,Supplementary relation declaration; kept separate from main RDFS assertions. External RDFS term; not in the CIDOC CRM namespace. No English rdfs:label is declared in this relation-only source row.,supplementary,data/document_harness/reference-cache/cidoc-7.1.3/CIDOC_CRM_v7.1.3_Supplement.rdfs,7.1.3,rdf_encoding,,external_support,external_term_not_formal_crm_property,,[],https://cidoc-crm.org/html/cidoc_crm_v7.1.3.html,,
E59,class,Primitive Value,,[],[],[],[],false,Formal class omitted from the RDFS class declarations and represented as rdfs:Literal; primitive IsA relations are omitted by the implementation policy.,formal_model,https://cidoc-crm.org/html/cidoc_crm_v7.1.3.html,7.1.3,formal_model,E59,class,formal_only_literalized_in_main_rdfs,http://www.w3.org/2000/01/rdf-schema#Literal,"[""E1""]",https://cidoc-crm.org/html/cidoc_crm_v7.1.3.html,Primitive Value,https://cidoc-crm.org/html/cidoc_crm_v7.1.3.html#E59
E60,class,Number,,[],[],[],[],false,Formal class omitted from the RDFS class declarations and represented as rdfs:Literal; primitive IsA relations are omitted by the implementation policy.,formal_model,https://cidoc-crm.org/html/cidoc_crm_v7.1.3.html,7.1.3,formal_model,E60,class,formal_only_literalized_in_main_rdfs,http://www.w3.org/2000/01/rdf-schema#Literal,"[""E59""]",https://cidoc-crm.org/html/cidoc_crm_v7.1.3.html,Number,https://cidoc-crm.org/html/cidoc_crm_v7.1.3.html#E60
E61,class,Time Primitive,,[],[],[],[],false,Formal class omitted from the RDFS class declarations and represented as rdfs:Literal; primitive IsA relations are omitted by the implementation policy.,formal_model,https://cidoc-crm.org/html/cidoc_crm_v7.1.3.html,7.1.3,formal_model,E61,class,formal_only_literalized_in_main_rdfs,http://www.w3.org/2000/01/rdf-schema#Literal,"[""E41"",""E59""]",https://cidoc-crm.org/html/cidoc_crm_v7.1.3.html,Time Primitive,https://cidoc-crm.org/html/cidoc_crm_v7.1.3.html#E61
E62,class,String,,[],[],[],[],false,Formal class omitted from the RDFS class declarations and represented as rdfs:Literal; primitive IsA relations are omitted by the implementation policy.,formal_model,https://cidoc-crm.org/html/cidoc_crm_v7.1.3.html,7.1.3,formal_model,E62,class,formal_only_literalized_in_main_rdfs,http://www.w3.org/2000/01/rdf-schema#Literal,"[""E59""]",https://cidoc-crm.org/html/cidoc_crm_v7.1.3.html,String,https://cidoc-crm.org/html/cidoc_crm_v7.1.3.html#E62
E94,class,Space Primitive,,[],[],[],[],false,Formal class omitted from the RDFS class declarations and represented as rdfs:Literal; primitive IsA relations are omitted by the implementation policy.,formal_model,https://cidoc-crm.org/html/cidoc_crm_v7.1.3.html,7.1.3,formal_model,E94,class,formal_only_literalized_in_main_rdfs,http://www.w3.org/2000/01/rdf-schema#Literal,"[""E41"",""E59""]",https://cidoc-crm.org/html/cidoc_crm_v7.1.3.html,Space Primitive,https://cidoc-crm.org/html/cidoc_crm_v7.1.3.html#E94
E95,class,Spacetime Primitive,,[],[],[],[],false,Formal class omitted from the RDFS class declarations and represented as rdfs:Literal; primitive IsA relations are omitted by the implementation policy.,formal_model,https://cidoc-crm.org/html/cidoc_crm_v7.1.3.html,7.1.3,formal_model,E95,class,formal_only_literalized_in_main_rdfs,http://www.w3.org/2000/01/rdf-schema#Literal,"[""E41"",""E59""]",https://cidoc-crm.org/html/cidoc_crm_v7.1.3.html,Spacetime Primitive,https://cidoc-crm.org/html/cidoc_crm_v7.1.3.html#E95
P169,property,defines spacetime volume (spacetime volume is defined by),,[],[],[],[],false,"Formal forward property has no direct URI declaration in main RDFS; the source declares P169i_spacetime_volume_is_defined_by, whose range is rdfs:Literal.",formal_model,https://cidoc-crm.org/html/cidoc_crm_v7.1.3.html,7.1.3,formal_model,P169,forward,formal_forward_without_main_rdfs_URI_literalized_range,P169i_spacetime_volume_is_defined_by; http://www.w3.org/2000/01/rdf-schema#Literal,[],https://cidoc-crm.org/html/cidoc_crm_v7.1.3.html,defines spacetime volume (spacetime volume is defined by),https://cidoc-crm.org/html/cidoc_crm_v7.1.3.html#P169
P170,property,defines time (time is defined by),,[],[],[],[],false,"Formal forward property has no direct URI declaration in main RDFS; the source declares P170i_time_is_defined_by, whose range is rdfs:Literal.",formal_model,https://cidoc-crm.org/html/cidoc_crm_v7.1.3.html,7.1.3,formal_model,P170,forward,formal_forward_without_main_rdfs_URI_literalized_range,P170i_time_is_defined_by; http://www.w3.org/2000/01/rdf-schema#Literal,[],https://cidoc-crm.org/html/cidoc_crm_v7.1.3.html,defines time (time is defined by),https://cidoc-crm.org/html/cidoc_crm_v7.1.3.html#P170
