field_id,source_selector_candidates,semantic_field_group,project_predicate,crm_crosswalk,semantic_domain_id,relation_id,case_id,value_parser,intermediate_event_or_state,temporal_unit_evidence_conflict,preserved_evidence,unknown_handling,status,binding_state,reference_url_version
FR-001,Infobox person|birth_date; biography table Birth,person.birth,project:birth_event_of,crm:E67 Birth / P98 brought into life,SD-PEOPLE-01,RM-PERSON-07;RM-TIME-01,*,calendar/precision/circa,Birth event with person as outcome,Date valid for birth event; source cell+footnote; conflicting dates coexist,raw template invocation or table cell span; wiki/page/revision; selector/value; template/module versions; surrounding header/section; attached citation occurrence,selector or value unresolved => retain raw field in lossless queue; no accepted semantic triple,conditional,candidate_snapshot_registry_required,https://mappings.dbpedia.org/index.php/How_to_edit_DBpedia_Mappings|DBpedia mapping guide; https://www.mediawiki.org/wiki/Help:Templates|MediaWiki templates; https://cidoc-crm.org/html/cidoc_crm_v7.1.3.html|CRMbase 7.1.3
FR-002,Infobox person|death_date; biography table Died,person.death,project:death_event_of,crm:E69 Death / P100 was death of,SD-PEOPLE-01,RM-PERSON-08;RM-TIME-01,*,calendar/precision/circa,Death event,Date valid for death event; unknown death is not alive proof; conflicting claims coexist,raw template invocation or table cell span; wiki/page/revision; selector/value; template/module versions; surrounding header/section; attached citation occurrence,selector or value unresolved => retain raw field in lossless queue; no accepted semantic triple,conditional,candidate_snapshot_registry_required,https://mappings.dbpedia.org/index.php/How_to_edit_DBpedia_Mappings|DBpedia mapping guide; https://www.mediawiki.org/wiki/Help:Templates|MediaWiki templates; https://cidoc-crm.org/html/cidoc_crm_v7.1.3.html|CRMbase 7.1.3
FR-003,Infobox person|birth_place,person.birth_place,project:birth_event_place,crm:E67 Birth --P7→ E53 Place,SD-PEOPLE-01;SD-GEO-01,RM-PLACE-01,*,place identity and coordinates,Attach place to Birth event,"Birth-event place, not current residence; disputed birthplace retained",raw template invocation or table cell span; wiki/page/revision; selector/value; template/module versions; surrounding header/section; attached citation occurrence,selector or value unresolved => retain raw field in lossless queue; no accepted semantic triple,conditional,candidate_snapshot_registry_required,https://mappings.dbpedia.org/index.php/How_to_edit_DBpedia_Mappings|DBpedia mapping guide; https://www.mediawiki.org/wiki/Help:Templates|MediaWiki templates; https://cidoc-crm.org/html/cidoc_crm_v7.1.3.html|CRMbase 7.1.3
FR-004,Infobox officeholder|office,person.office_role,project:held_office_state,crm:E21 Person plus E7 appointment/end event where evidenced,SD-PEOPLE-02;SD-POLITY-03,RM-POWER-01,AC-ANCHOR-02,office identity + jurisdiction,Tenure state; dates in child fields,Same title across institutions/periods not identical,raw template invocation or table cell span; wiki/page/revision; selector/value; template/module versions; surrounding header/section; attached citation occurrence,selector or value unresolved => retain raw field in lossless queue; no accepted semantic triple,conditional,candidate_snapshot_registry_required,https://mappings.dbpedia.org/index.php/How_to_edit_DBpedia_Mappings|DBpedia mapping guide; https://www.mediawiki.org/wiki/Help:Templates|MediaWiki templates; https://cidoc-crm.org/html/cidoc_crm_v7.1.3.html|CRMbase 7.1.3
FR-005,Infobox officeholder|predecessor,person.office_predecessor,project:predecessor_in_office_claim,project office-tenure order; no CRMbase direct succession relation,SD-PEOPLE-02;SD-POLITY-03,*,AC-ANCHOR-02,person ID + shared office key,Order claim between tenure records,Same office and predecessor tenure proof needed; held-office relation alone does not establish order,raw template invocation or table cell span; wiki/page/revision; selector/value; template/module versions; surrounding header/section; attached citation occurrence,selector or value unresolved => retain raw field in lossless queue; no accepted semantic triple,project_extension,candidate_snapshot_registry_required,https://mappings.dbpedia.org/index.php/How_to_edit_DBpedia_Mappings|DBpedia mapping guide; https://www.mediawiki.org/wiki/Help:Templates|MediaWiki templates; https://cidoc-crm.org/html/cidoc_crm_v7.1.3.html|CRMbase 7.1.3
FR-006,Infobox person|spouse,person.spouse,project:spouse_of,project spouse relation; CRM lacks exact shortcut,SD-PEOPLE-03,RM-PERSON-05,*,person ID + marriage/civil status,Time-bounded spousal relation; marriage event separate,Legal/cultural form and valid interval preserved,raw template invocation or table cell span; wiki/page/revision; selector/value; template/module versions; surrounding header/section; attached citation occurrence,selector or value unresolved => retain raw field in lossless queue; no accepted semantic triple,project_extension,candidate_snapshot_registry_required,https://mappings.dbpedia.org/index.php/How_to_edit_DBpedia_Mappings|DBpedia mapping guide; https://www.mediawiki.org/wiki/Help:Templates|MediaWiki templates; https://cidoc-crm.org/html/cidoc_crm_v7.1.3.html|CRMbase 7.1.3
FR-007,Infobox organization|formation|founded|established,organization.formation,project:formation_event_of,crm:E66 Formation / P95 has formed / E74 Group,SD-GROUP-01,RM-GROUP-01,*,date+place+actor,Formation event,Founding claim distinct from earliest mention and legal incorporation,raw template invocation or table cell span; wiki/page/revision; selector/value; template/module versions; surrounding header/section; attached citation occurrence,selector or value unresolved => retain raw field in lossless queue; no accepted semantic triple,conditional,candidate_snapshot_registry_required,https://mappings.dbpedia.org/index.php/How_to_edit_DBpedia_Mappings|DBpedia mapping guide; https://www.mediawiki.org/wiki/Help:Templates|MediaWiki templates; https://cidoc-crm.org/html/cidoc_crm_v7.1.3.html|CRMbase 7.1.3
FR-008,Infobox organization|dissolved|defunct,organization.dissolution,project:dissolution_event_of,crm:E68 Dissolution / P99 dissolved / E74 Group,SD-GROUP-01,RM-GROUP-02,*,date+jurisdiction,Dissolution event,Temporary inactivity does not equal dissolution; retain alternate dates,raw template invocation or table cell span; wiki/page/revision; selector/value; template/module versions; surrounding header/section; attached citation occurrence,selector or value unresolved => retain raw field in lossless queue; no accepted semantic triple,conditional,candidate_snapshot_registry_required,https://mappings.dbpedia.org/index.php/How_to_edit_DBpedia_Mappings|DBpedia mapping guide; https://www.mediawiki.org/wiki/Help:Templates|MediaWiki templates; https://cidoc-crm.org/html/cidoc_crm_v7.1.3.html|CRMbase 7.1.3
FR-009,Infobox organization|parent_organization,organization.parent_body,project:organizational_parent_claim,crm:E74 Group / project hierarchy relation,SD-GROUP-02,RM-GROUP-03,*,organization identity + hierarchy type,Time-bounded organizational hierarchy,Legal parent/control/affiliation differ; dates and source required,raw template invocation or table cell span; wiki/page/revision; selector/value; template/module versions; surrounding header/section; attached citation occurrence,selector or value unresolved => retain raw field in lossless queue; no accepted semantic triple,project_extension,candidate_snapshot_registry_required,https://mappings.dbpedia.org/index.php/How_to_edit_DBpedia_Mappings|DBpedia mapping guide; https://www.mediawiki.org/wiki/Help:Templates|MediaWiki templates; https://cidoc-crm.org/html/cidoc_crm_v7.1.3.html|CRMbase 7.1.3
FR-010,Infobox country|government_type,polity.government_type,project:government_form_claim,crm:E55 Type candidate; project state interval,SD-POLITY-01;SD-POLITY-03,RM-ID-02,*,regime type controlled concept,Time-bounded government-form classification,Constitutional/de facto forms and dates can differ,raw template invocation or table cell span; wiki/page/revision; selector/value; template/module versions; surrounding header/section; attached citation occurrence,selector or value unresolved => retain raw field in lossless queue; no accepted semantic triple,conditional,candidate_snapshot_registry_required,https://mappings.dbpedia.org/index.php/How_to_edit_DBpedia_Mappings|DBpedia mapping guide; https://www.mediawiki.org/wiki/Help:Templates|MediaWiki templates; https://cidoc-crm.org/html/cidoc_crm_v7.1.3.html|CRMbase 7.1.3
FR-011,Infobox country|established_date,polity.establishment_date,project:polity_formation_time,crm:E66 Formation --P4→ E52 Time-Span candidate,SD-POLITY-01;SD-POLITY-02,RM-GROUP-01;RM-TIME-01,AC-POLITY-04,date and formation type,Formation event,Dynasty/state/regime formations distinct; contested chronology retained,raw template invocation or table cell span; wiki/page/revision; selector/value; template/module versions; surrounding header/section; attached citation occurrence,selector or value unresolved => retain raw field in lossless queue; no accepted semantic triple,conditional,candidate_snapshot_registry_required,https://mappings.dbpedia.org/index.php/How_to_edit_DBpedia_Mappings|DBpedia mapping guide; https://www.mediawiki.org/wiki/Help:Templates|MediaWiki templates; https://cidoc-crm.org/html/cidoc_crm_v7.1.3.html|CRMbase 7.1.3
FR-012,Infobox country|area|area_total_km2; area table,territory.area,project:territorial_measurement,crm:E53 Place / E54 Dimension candidate,SD-POLITY-04;SD-GEO-02,RM-CLAIM-04;RM-CLAIM-05,AC-POLITY-04,quantity/unit + geometry basis,Time-bounded measured area state,Historical boundary and measurement date required; km2 conversion versioned,raw template invocation or table cell span; wiki/page/revision; selector/value; template/module versions; surrounding header/section; attached citation occurrence,selector or value unresolved => retain raw field in lossless queue; no accepted semantic triple,conditional,candidate_snapshot_registry_required,https://mappings.dbpedia.org/index.php/How_to_edit_DBpedia_Mappings|DBpedia mapping guide; https://www.mediawiki.org/wiki/Help:Templates|MediaWiki templates; https://cidoc-crm.org/html/cidoc_crm_v7.1.3.html|CRMbase 7.1.3
FR-013,Infobox country|population|population_estimate|population_census,polity.population,project:population_observation,crm:E54 Dimension candidate; crmsci optional if actual observation,SD-POLITY-04;SD-QUANT-01,RM-CLAIM-04;RM-CLAIM-05,*,integer/estimate/census unit,Population estimate or census event separate,"Reference date, territory and method mandatory; disagreement kept",raw template invocation or table cell span; wiki/page/revision; selector/value; template/module versions; surrounding header/section; attached citation occurrence,selector or value unresolved => retain raw field in lossless queue; no accepted semantic triple,conditional,candidate_snapshot_registry_required,https://mappings.dbpedia.org/index.php/How_to_edit_DBpedia_Mappings|DBpedia mapping guide; https://www.mediawiki.org/wiki/Help:Templates|MediaWiki templates; https://cidoc-crm.org/html/cidoc_crm_v7.1.3.html|CRMbase 7.1.3
FR-014,Infobox country|capital,polity.capital,project:capital_of_state,crm:E53 Place / E13 Attribute Assignment candidate,SD-POLITY-03;SD-GEO-01,RM-POWER-04,*,place identity + de jure/de facto,Time-bounded capital status,Government seat and legal capital may differ,raw template invocation or table cell span; wiki/page/revision; selector/value; template/module versions; surrounding header/section; attached citation occurrence,selector or value unresolved => retain raw field in lossless queue; no accepted semantic triple,project_extension,candidate_snapshot_registry_required,https://mappings.dbpedia.org/index.php/How_to_edit_DBpedia_Mappings|DBpedia mapping guide; https://www.mediawiki.org/wiki/Help:Templates|MediaWiki templates; https://cidoc-crm.org/html/cidoc_crm_v7.1.3.html|CRMbase 7.1.3
FR-015,Infobox law|date_enacted,law.enactment,project:law_enactment_event,crm:E7 Activity --P4→ E52 Time-Span candidate,SD-LAW-01;SD-LAW-02,RM-TIME-01,*,date + jurisdiction + enactment body,Enactment event,Adoption and legal effect may differ,raw template invocation or table cell span; wiki/page/revision; selector/value; template/module versions; surrounding header/section; attached citation occurrence,selector or value unresolved => retain raw field in lossless queue; no accepted semantic triple,conditional,candidate_snapshot_registry_required,https://mappings.dbpedia.org/index.php/How_to_edit_DBpedia_Mappings|DBpedia mapping guide; https://www.mediawiki.org/wiki/Help:Templates|MediaWiki templates; https://cidoc-crm.org/html/cidoc_crm_v7.1.3.html|CRMbase 7.1.3
FR-016,Infobox treaty|date_signed,treaty.signing,project:treaty_signing_event,crm:E7 Activity --P4→ E52 Time-Span,SD-DIP-01;SD-DIP-02,RM-TIME-01,*,date + place + agreement version,Signing event,Signature not ratification or effective date,raw template invocation or table cell span; wiki/page/revision; selector/value; template/module versions; surrounding header/section; attached citation occurrence,selector or value unresolved => retain raw field in lossless queue; no accepted semantic triple,conditional,candidate_snapshot_registry_required,https://mappings.dbpedia.org/index.php/How_to_edit_DBpedia_Mappings|DBpedia mapping guide; https://www.mediawiki.org/wiki/Help:Templates|MediaWiki templates; https://cidoc-crm.org/html/cidoc_crm_v7.1.3.html|CRMbase 7.1.3
FR-017,Infobox military conflict|date,war.conflict_time,project:conflict_time,crm:E5 Event --P4→ E52 Time-Span,SD-WAR-01,RM-TIME-01,*,interval + phase granularity,Conflict/phase time,Start/end may vary by definition; source-specific bounds,raw template invocation or table cell span; wiki/page/revision; selector/value; template/module versions; surrounding header/section; attached citation occurrence,selector or value unresolved => retain raw field in lossless queue; no accepted semantic triple,conditional,candidate_snapshot_registry_required,https://mappings.dbpedia.org/index.php/How_to_edit_DBpedia_Mappings|DBpedia mapping guide; https://www.mediawiki.org/wiki/Help:Templates|MediaWiki templates; https://cidoc-crm.org/html/cidoc_crm_v7.1.3.html|CRMbase 7.1.3
FR-018,Infobox military conflict|combatant,war.combatant,project:participated_in_conflict,crm:E5 Event --P11→ E74 Group candidate; P14 only if responsibility for E7 Activity is explicit,SD-WAR-02,RM-PERSON-01,*,group identity + side,Participant role in conflict/phase; responsibility separately evidenced,Side/phase/date and source needed; disputed involvement coexists,raw template invocation or table cell span; wiki/page/revision; selector/value; template/module versions; surrounding header/section; attached citation occurrence,selector or value unresolved => retain raw field in lossless queue; no accepted semantic triple,conditional,candidate_snapshot_registry_required,https://mappings.dbpedia.org/index.php/How_to_edit_DBpedia_Mappings|DBpedia mapping guide; https://www.mediawiki.org/wiki/Help:Templates|MediaWiki templates; https://cidoc-crm.org/html/cidoc_crm_v7.1.3.html|CRMbase 7.1.3
FR-019,Infobox settlement|coordinates,place.coordinates,project:place_coordinate_claim,crm:E53 Place; GeoSPARQL geometry candidate,SD-GEO-01;SD-GEO-03,RM-PLACE-05,*,latitude/longitude + CRS + precision,Coordinate assertion,Map datum and historical settlement extent need separate evidence,raw template invocation or table cell span; wiki/page/revision; selector/value; template/module versions; surrounding header/section; attached citation occurrence,selector or value unresolved => retain raw field in lossless queue; no accepted semantic triple,project_extension,candidate_snapshot_registry_required,https://mappings.dbpedia.org/index.php/How_to_edit_DBpedia_Mappings|DBpedia mapping guide; https://www.mediawiki.org/wiki/Help:Templates|MediaWiki templates; https://cidoc-crm.org/html/cidoc_crm_v7.1.3.html|CRMbase 7.1.3
FR-020,Infobox natural feature|length,natural_feature.length,project:reported_length,crm:E54 Dimension candidate,SD-GEO-03;SD-NATURE-01,RM-CLAIM-04;RM-CLAIM-05,*,length value/unit + method,Measurement assertion,Object/segment and measurement date required,raw template invocation or table cell span; wiki/page/revision; selector/value; template/module versions; surrounding header/section; attached citation occurrence,selector or value unresolved => retain raw field in lossless queue; no accepted semantic triple,conditional,candidate_snapshot_registry_required,https://mappings.dbpedia.org/index.php/How_to_edit_DBpedia_Mappings|DBpedia mapping guide; https://www.mediawiki.org/wiki/Help:Templates|MediaWiki templates; https://cidoc-crm.org/html/cidoc_crm_v7.1.3.html|CRMbase 7.1.3
FR-021,Infobox artifact|created,object.production,project:production_event_of,crm:E12 Production --P108→ E22 Human-Made Object,SD-OBJECT-01,RM-TECH-06,*,date + producer identity,Production event,Date may be interval; later restoration is separate,raw template invocation or table cell span; wiki/page/revision; selector/value; template/module versions; surrounding header/section; attached citation occurrence,selector or value unresolved => retain raw field in lossless queue; no accepted semantic triple,conditional,candidate_snapshot_registry_required,https://mappings.dbpedia.org/index.php/How_to_edit_DBpedia_Mappings|DBpedia mapping guide; https://www.mediawiki.org/wiki/Help:Templates|MediaWiki templates; https://cidoc-crm.org/html/cidoc_crm_v7.1.3.html|CRMbase 7.1.3
FR-022,Infobox material|composition,material.composition,project:material_composition_claim,Composition is a material-property claim; E13 assignment path only after documented assignment event.,SD-MATERIAL-01,*,*,constituents + proportions,Composition description,Pure substance and industrial material sample differ,raw template invocation or table cell span; wiki/page/revision; selector/value; template/module versions; surrounding header/section; attached citation occurrence,selector or value unresolved => retain raw field in lossless queue; no accepted semantic triple,project_extension,candidate_snapshot_registry_required,https://mappings.dbpedia.org/index.php/How_to_edit_DBpedia_Mappings|DBpedia mapping guide; https://www.mediawiki.org/wiki/Help:Templates|MediaWiki templates; https://cidoc-crm.org/html/cidoc_crm_v7.1.3.html|CRMbase 7.1.3
FR-023,Infobox technology|inventor,technology.inventor_attribution,project:inventor_attribution_claim,crm:E65 Creation --P14→ E21 Person candidate,SD-TECH-01,RM-PERSON-02;RM-CONCEPT-01,AC-IRON-01,person identity + role,Formulation/invention event candidate,Attribution disputed; origin versus publication/first use separate,raw template invocation or table cell span; wiki/page/revision; selector/value; template/module versions; surrounding header/section; attached citation occurrence,selector or value unresolved => retain raw field in lossless queue; no accepted semantic triple,conditional,candidate_snapshot_registry_required,https://mappings.dbpedia.org/index.php/How_to_edit_DBpedia_Mappings|DBpedia mapping guide; https://www.mediawiki.org/wiki/Help:Templates|MediaWiki templates; https://cidoc-crm.org/html/cidoc_crm_v7.1.3.html|CRMbase 7.1.3
FR-024,Infobox technology|components,technology.component_design,project:design_requires_component,project required-component relation; crm:E29 --P69→ E29 records general procedure association only and is not equivalent to required physical component,SD-TECH-03,*,AC-IRON-01,component identity + count,Design prerequisite,Design requirement does not show component availability,raw template invocation or table cell span; wiki/page/revision; selector/value; template/module versions; surrounding header/section; attached citation occurrence,selector or value unresolved => retain raw field in lossless queue; no accepted semantic triple,project_extension,candidate_snapshot_registry_required,https://mappings.dbpedia.org/index.php/How_to_edit_DBpedia_Mappings|DBpedia mapping guide; https://www.mediawiki.org/wiki/Help:Templates|MediaWiki templates; https://cidoc-crm.org/html/cidoc_crm_v7.1.3.html|CRMbase 7.1.3
FR-025,Infobox technology|process|method,technology.procedure,project:describes_procedure,crm:E29 Design or Procedure as a described object; P33 applies only to evidenced E7 execution,SD-TECH-03,*,AC-IRON-01,process identity + ordered steps,Procedure description; execution separate,Procedure description does not prove actual use,raw template invocation or table cell span; wiki/page/revision; selector/value; template/module versions; surrounding header/section; attached citation occurrence,selector or value unresolved => retain raw field in lossless queue; no accepted semantic triple,project_extension,candidate_snapshot_registry_required,https://mappings.dbpedia.org/index.php/How_to_edit_DBpedia_Mappings|DBpedia mapping guide; https://www.mediawiki.org/wiki/Help:Templates|MediaWiki templates; https://cidoc-crm.org/html/cidoc_crm_v7.1.3.html|CRMbase 7.1.3
FR-026,Infobox scientific theory|proposed_by,science.formulator,project:theory_formulator_attribution,crm:E65 Creation --P14→ E21 Person candidate,SD-SCI-01,RM-PERSON-02;RM-CONCEPT-01,*,actor identity,Formulation event,Attribution separately sourced; formulation versus reception distinct,raw template invocation or table cell span; wiki/page/revision; selector/value; template/module versions; surrounding header/section; attached citation occurrence,selector or value unresolved => retain raw field in lossless queue; no accepted semantic triple,conditional,candidate_snapshot_registry_required,https://mappings.dbpedia.org/index.php/How_to_edit_DBpedia_Mappings|DBpedia mapping guide; https://www.mediawiki.org/wiki/Help:Templates|MediaWiki templates; https://cidoc-crm.org/html/cidoc_crm_v7.1.3.html|CRMbase 7.1.3
FR-027,Infobox scientific experiment|experimenter,science.experiment_actor,project:performed_experiment,crm:E7 Activity --P14→ E39 Actor,SD-SCI-03,RM-PERSON-02,*,actor identity,Experiment activity,Event identity and attribution source required,raw template invocation or table cell span; wiki/page/revision; selector/value; template/module versions; surrounding header/section; attached citation occurrence,selector or value unresolved => retain raw field in lossless queue; no accepted semantic triple,conditional,candidate_snapshot_registry_required,https://mappings.dbpedia.org/index.php/How_to_edit_DBpedia_Mappings|DBpedia mapping guide; https://www.mediawiki.org/wiki/Help:Templates|MediaWiki templates; https://cidoc-crm.org/html/cidoc_crm_v7.1.3.html|CRMbase 7.1.3
FR-028,Infobox mathematical theorem|statement,math.formal_statement,project:theorem_proposition,The theorem proposition is an information object; P70 documents requires an actual E31 document relation.,SD-MATH-01,*,*,formal statement and notation version,Proposition; proof separate,Exact notation preserved; validity not asserted by infobox,raw template invocation or table cell span; wiki/page/revision; selector/value; template/module versions; surrounding header/section; attached citation occurrence,selector or value unresolved => retain raw field in lossless queue; no accepted semantic triple,project_extension,candidate_snapshot_registry_required,https://mappings.dbpedia.org/index.php/How_to_edit_DBpedia_Mappings|DBpedia mapping guide; https://www.mediawiki.org/wiki/Help:Templates|MediaWiki templates; https://cidoc-crm.org/html/cidoc_crm_v7.1.3.html|CRMbase 7.1.3
FR-029,Taxobox|genus,biology.genus_placement,project:genus_classification_claim,Taxonomic placement is a versioned classification claim; P2 only after the subject and classification type are independently identified.,SD-BIO-01;SD-BIO-02,*,AC-BIO-05,genus concept ID + taxonomy version,Ranked genus placement,Genus label not taxon concept identity,raw template invocation or table cell span; wiki/page/revision; selector/value; template/module versions; surrounding header/section; attached citation occurrence,selector or value unresolved => retain raw field in lossless queue; no accepted semantic triple,project_extension,candidate_snapshot_registry_required,https://mappings.dbpedia.org/index.php/How_to_edit_DBpedia_Mappings|DBpedia mapping guide; https://www.mediawiki.org/wiki/Help:Templates|MediaWiki templates; https://cidoc-crm.org/html/cidoc_crm_v7.1.3.html|CRMbase 7.1.3
FR-030,Infobox disease|causes,disease.cause_claim,project:disease_causal_claim,project disease causal proposition; event-to-event CRM path only after distinct events and source-backed cause are established,SD-DISEASE-01,*,*,cause identity + modality,Causal proposition,Disease cause field alone cannot assert a specific event causes another event,raw template invocation or table cell span; wiki/page/revision; selector/value; template/module versions; surrounding header/section; attached citation occurrence,selector or value unresolved => retain raw field in lossless queue; no accepted semantic triple,project_extension,candidate_snapshot_registry_required,https://mappings.dbpedia.org/index.php/How_to_edit_DBpedia_Mappings|DBpedia mapping guide; https://www.mediawiki.org/wiki/Help:Templates|MediaWiki templates; https://cidoc-crm.org/html/cidoc_crm_v7.1.3.html|CRMbase 7.1.3
FR-031,Infobox religion|founder,religion.founder_attribution,project:religion_founder_claim,Founder attribution needs a separately evidenced E65 formulation event before P94/P14.,SD-REL-01,*,AC-DOCTRINE-03,person identity + source stance,Founding/formulation event candidate,Traditional attribution and historiographic claim separate,raw template invocation or table cell span; wiki/page/revision; selector/value; template/module versions; surrounding header/section; attached citation occurrence,selector or value unresolved => retain raw field in lossless queue; no accepted semantic triple,project_extension,candidate_snapshot_registry_required,https://mappings.dbpedia.org/index.php/How_to_edit_DBpedia_Mappings|DBpedia mapping guide; https://www.mediawiki.org/wiki/Help:Templates|MediaWiki templates; https://cidoc-crm.org/html/cidoc_crm_v7.1.3.html|CRMbase 7.1.3
FR-032,Infobox religion|followers,religion.follower_count,project:reported_adherent_count,crm:E54 Dimension candidate,SD-REL-03;SD-QUANT-01,RM-CLAIM-04;RM-CLAIM-05,AC-DOCTRINE-03,number/unit + census or estimate method,Population measurement,Date/region/definition mandatory; report does not prove each individual belief,raw template invocation or table cell span; wiki/page/revision; selector/value; template/module versions; surrounding header/section; attached citation occurrence,selector or value unresolved => retain raw field in lossless queue; no accepted semantic triple,conditional,candidate_snapshot_registry_required,https://mappings.dbpedia.org/index.php/How_to_edit_DBpedia_Mappings|DBpedia mapping guide; https://www.mediawiki.org/wiki/Help:Templates|MediaWiki templates; https://cidoc-crm.org/html/cidoc_crm_v7.1.3.html|CRMbase 7.1.3
FR-033,Infobox ideology|founder,ideology.formulator,project:ideology_formulator_claim,crm:E65 Creation --P14→ E21 Person candidate,SD-IDEA-01,RM-PERSON-02;RM-CONCEPT-01,*,actor identity,Formulation event,Founder attribution disputed; multiple sources retained,raw template invocation or table cell span; wiki/page/revision; selector/value; template/module versions; surrounding header/section; attached citation occurrence,selector or value unresolved => retain raw field in lossless queue; no accepted semantic triple,conditional,candidate_snapshot_registry_required,https://mappings.dbpedia.org/index.php/How_to_edit_DBpedia_Mappings|DBpedia mapping guide; https://www.mediawiki.org/wiki/Help:Templates|MediaWiki templates; https://cidoc-crm.org/html/cidoc_crm_v7.1.3.html|CRMbase 7.1.3
FR-034,Infobox book|author,publication.author,project:work_authorship_claim,crm:E65 Creation --P14→ E39 Actor candidate; LRMoo optional,SD-LIT-01;SD-SOURCE-01,RM-PERSON-02;RM-CONCEPT-01,*,actor identity + attribution role,Work creation event candidate,Pseudonyms and disputed authorship retained,raw template invocation or table cell span; wiki/page/revision; selector/value; template/module versions; surrounding header/section; attached citation occurrence,selector or value unresolved => retain raw field in lossless queue; no accepted semantic triple,conditional,candidate_snapshot_registry_required,https://mappings.dbpedia.org/index.php/How_to_edit_DBpedia_Mappings|DBpedia mapping guide; https://www.mediawiki.org/wiki/Help:Templates|MediaWiki templates; https://cidoc-crm.org/html/cidoc_crm_v7.1.3.html|CRMbase 7.1.3
FR-035,Infobox book|genre,publication.genre,project:genre_classification_claim,crm:E55 Type candidate,SD-LIT-01,RM-ID-02,*,genre vocabulary + classifier,Classification assertion,Genre perspective and edition context retained,raw template invocation or table cell span; wiki/page/revision; selector/value; template/module versions; surrounding header/section; attached citation occurrence,selector or value unresolved => retain raw field in lossless queue; no accepted semantic triple,conditional,candidate_snapshot_registry_required,https://mappings.dbpedia.org/index.php/How_to_edit_DBpedia_Mappings|DBpedia mapping guide; https://www.mediawiki.org/wiki/Help:Templates|MediaWiki templates; https://cidoc-crm.org/html/cidoc_crm_v7.1.3.html|CRMbase 7.1.3
FR-036,Infobox artwork|artist,art.creator,project:artwork_creator_attribution,physical E24 work: crm:E12 Production --P108→ E24 and --P14→ E39; conceptual/performance work: crm:E65 Creation --P94→ E28 and --P14→ E39 only when production type is identified,SD-ART-01,RM-PERSON-02;RM-TECH-06;RM-CONCEPT-01,*,creator identity + artistic role,Production event,Workshop and disputed attribution retained,raw template invocation or table cell span; wiki/page/revision; selector/value; template/module versions; surrounding header/section; attached citation occurrence,selector or value unresolved => retain raw field in lossless queue; no accepted semantic triple,conditional,candidate_snapshot_registry_required,https://mappings.dbpedia.org/index.php/How_to_edit_DBpedia_Mappings|DBpedia mapping guide; https://www.mediawiki.org/wiki/Help:Templates|MediaWiki templates; https://cidoc-crm.org/html/cidoc_crm_v7.1.3.html|CRMbase 7.1.3
FR-037,Infobox media|release_date,media.release_date,project:media_release_event,crm:E7 Activity --P4→ E52 Time-Span candidate,SD-MEDIA-01,RM-TIME-01,*,date + territory + version,Release event,Regional releases and formats separate,raw template invocation or table cell span; wiki/page/revision; selector/value; template/module versions; surrounding header/section; attached citation occurrence,selector or value unresolved => retain raw field in lossless queue; no accepted semantic triple,conditional,candidate_snapshot_registry_required,https://mappings.dbpedia.org/index.php/How_to_edit_DBpedia_Mappings|DBpedia mapping guide; https://www.mediawiki.org/wiki/Help:Templates|MediaWiki templates; https://cidoc-crm.org/html/cidoc_crm_v7.1.3.html|CRMbase 7.1.3
FR-038,Infobox language|speakers,language.speaker_count,project:reported_speaker_count,crm:E54 Dimension candidate,SD-LANG-02;SD-QUANT-01,RM-CLAIM-04;RM-CLAIM-05,*,number + speaker definition + census method,Population estimate,Period/place and first/second language definition required,raw template invocation or table cell span; wiki/page/revision; selector/value; template/module versions; surrounding header/section; attached citation occurrence,selector or value unresolved => retain raw field in lossless queue; no accepted semantic triple,conditional,candidate_snapshot_registry_required,https://mappings.dbpedia.org/index.php/How_to_edit_DBpedia_Mappings|DBpedia mapping guide; https://www.mediawiki.org/wiki/Help:Templates|MediaWiki templates; https://cidoc-crm.org/html/cidoc_crm_v7.1.3.html|CRMbase 7.1.3
FR-039,Infobox astronomical object|discovered_by,astronomy.discoverer,project:astronomical_discoverer_claim,crm:E7 Activity --P14→ E39 Actor candidate; crmsci:S27 optional,SD-ASTRO-01,RM-PERSON-02,AC-SCIENCE-06,actor identity + observation role,Discovery observation/recognition event,Priority and independent rediscovery can conflict,raw template invocation or table cell span; wiki/page/revision; selector/value; template/module versions; surrounding header/section; attached citation occurrence,selector or value unresolved => retain raw field in lossless queue; no accepted semantic triple,conditional,candidate_snapshot_registry_required,https://mappings.dbpedia.org/index.php/How_to_edit_DBpedia_Mappings|DBpedia mapping guide; https://www.mediawiki.org/wiki/Help:Templates|MediaWiki templates; https://cidoc-crm.org/html/cidoc_crm_v7.1.3.html|CRMbase 7.1.3
FR-040,Infobox climate|temperature,climate.temperature,project:climate_temperature_measure,crm:E54 Dimension candidate,SD-CLIMATE-01,RM-CLAIM-04;RM-CLAIM-05,*,temperature unit + mean/min/max + aggregation interval,Climate aggregate observation,Station/baseline period and method required,raw template invocation or table cell span; wiki/page/revision; selector/value; template/module versions; surrounding header/section; attached citation occurrence,selector or value unresolved => retain raw field in lossless queue; no accepted semantic triple,conditional,candidate_snapshot_registry_required,https://mappings.dbpedia.org/index.php/How_to_edit_DBpedia_Mappings|DBpedia mapping guide; https://www.mediawiki.org/wiki/Help:Templates|MediaWiki templates; https://cidoc-crm.org/html/cidoc_crm_v7.1.3.html|CRMbase 7.1.3
FR-041,Infobox sport event|date,sport.event_date,project:competition_time,crm:E7 Activity --P4→ E52 Time-Span,SD-SPORT-01,RM-TIME-01,*,date + match/series discriminator,Competition event,Scheduled and actually played dates distinct,raw template invocation or table cell span; wiki/page/revision; selector/value; template/module versions; surrounding header/section; attached citation occurrence,selector or value unresolved => retain raw field in lossless queue; no accepted semantic triple,conditional,candidate_snapshot_registry_required,https://mappings.dbpedia.org/index.php/How_to_edit_DBpedia_Mappings|DBpedia mapping guide; https://www.mediawiki.org/wiki/Help:Templates|MediaWiki templates; https://cidoc-crm.org/html/cidoc_crm_v7.1.3.html|CRMbase 7.1.3
FR-042,Infobox fictional character|creator,fictional.character_creator,project:fictional_character_creator,crm:E65 Creation --P14→ E39 Actor and --P94→ E28 Conceptual Object only for attested character creation; fictional referent never becomes E21 Person,SD-FICTION-01,RM-PERSON-02;RM-CONCEPT-01,AC-FICTION-07,creator identity + work ID,Creation event of fictional representation,Work/edition scope mandatory; no common-history person,raw template invocation or table cell span; wiki/page/revision; selector/value; template/module versions; surrounding header/section; attached citation occurrence,selector or value unresolved => retain raw field in lossless queue; no accepted semantic triple,conditional,candidate_snapshot_registry_required,https://mappings.dbpedia.org/index.php/How_to_edit_DBpedia_Mappings|DBpedia mapping guide; https://www.mediawiki.org/wiki/Help:Templates|MediaWiki templates; https://cidoc-crm.org/html/cidoc_crm_v7.1.3.html|CRMbase 7.1.3
FR-043,Infobox any|coordinates|date|status|name,generic.ambiguous_field,project:UnresolvedField,Unknown field is structural preserve-unmapped; no E13 assertion.,SD-UNKNOWN-01,*,AC-UNMAPPED-09,preserve raw value,No automatic event or state,Generic labels cannot set ontological role; queue until registry binding,raw template invocation or table cell span; wiki/page/revision; selector/value; template/module versions; surrounding header/section; attached citation occurrence,selector or value unresolved => retain raw field in lossless queue; no accepted semantic triple,preserve_unmapped,candidate_snapshot_registry_required,https://mappings.dbpedia.org/index.php/How_to_edit_DBpedia_Mappings|DBpedia mapping guide; https://www.mediawiki.org/wiki/Help:Templates|MediaWiki templates; https://cidoc-crm.org/html/cidoc_crm_v7.1.3.html|CRMbase 7.1.3
FR-044,wikitable header Year|Country|Population|Winner|Cause,table.generic_header_router,project:UnresolvedCellRoute,"no CRM relation until article type, row semantics and header path disambiguated",SD-LIST-01;SD-LIST-02;SD-LIST-03,*,AC-UNCERTAINTY-08,typed cell parser after header binding,Structural router only; no accepted event/state,Generic Year/Country/Population/Winner/Cause headers alone do not assert typed facts,raw template invocation or table cell span; wiki/page/revision; selector/value; template/module versions; surrounding header/section; attached citation occurrence,selector or value unresolved => retain raw field in lossless queue; no accepted semantic triple,preserve_unmapped,candidate_snapshot_registry_required,https://mappings.dbpedia.org/index.php/How_to_edit_DBpedia_Mappings|DBpedia mapping guide; https://www.mediawiki.org/wiki/Help:Templates|MediaWiki templates; https://cidoc-crm.org/html/cidoc_crm_v7.1.3.html|CRMbase 7.1.3
FR-045,Infobox person|death_place,person.death_place,project:death_event_place,crm:E69 Death --P7→ E53 Place,SD-PEOPLE-01;SD-GEO-01,RM-PLACE-01,*,place identity and coordinates,Attach place to Death event,Death-event place; disputed place names and borders retained,raw template invocation or table cell span; wiki/page/revision; selector/value; template/module versions; surrounding header/section; attached citation occurrence,selector or value unresolved => retain raw field in lossless queue; no accepted semantic triple,conditional,candidate_snapshot_registry_required,https://mappings.dbpedia.org/index.php/How_to_edit_DBpedia_Mappings|DBpedia mapping guide; https://www.mediawiki.org/wiki/Help:Templates|MediaWiki templates; https://cidoc-crm.org/html/cidoc_crm_v7.1.3.html|CRMbase 7.1.3
FR-046,Infobox military conflict|commander,war.commander,project:commanded_in_conflict,project command role in a conflict/phase; P14 only for a separately evidenced specific command activity,SD-WAR-02,*,*,person identity + command role,Participant role in identified conflict or phase,Commander label does not prove responsible execution of the whole conflict,raw template invocation or table cell span; wiki/page/revision; selector/value; template/module versions; surrounding header/section; attached citation occurrence,selector or value unresolved => retain raw field in lossless queue; no accepted semantic triple,project_extension,candidate_snapshot_registry_required,https://mappings.dbpedia.org/index.php/How_to_edit_DBpedia_Mappings|DBpedia mapping guide; https://www.mediawiki.org/wiki/Help:Templates|MediaWiki templates; https://cidoc-crm.org/html/cidoc_crm_v7.1.3.html|CRMbase 7.1.3
FR-047,Infobox military conflict|strength,war.force_strength,project:reported_force_strength,crm:E54 Dimension candidate,SD-WAR-02;SD-QUANT-01,RM-CLAIM-04;RM-CLAIM-05,AC-UNCERTAINTY-08,number/range + unit + side,Source-specific force estimate,Campaign/phase/date/method and side mandatory; never sum without overlap proof,raw template invocation or table cell span; wiki/page/revision; selector/value; template/module versions; surrounding header/section; attached citation occurrence,selector or value unresolved => retain raw field in lossless queue; no accepted semantic triple,conditional,candidate_snapshot_registry_required,https://mappings.dbpedia.org/index.php/How_to_edit_DBpedia_Mappings|DBpedia mapping guide; https://www.mediawiki.org/wiki/Help:Templates|MediaWiki templates; https://cidoc-crm.org/html/cidoc_crm_v7.1.3.html|CRMbase 7.1.3
FR-048,Infobox military conflict|casualties,war.casualties,project:reported_casualties,crm:E54 Dimension candidate,SD-WAR-02;SD-QUANT-01,RM-CLAIM-04;RM-CLAIM-05,AC-UNCERTAINTY-08,number/range + killed/wounded/missing class,Source-specific casualty estimate,"Population, phase, counting definition, source and date required",raw template invocation or table cell span; wiki/page/revision; selector/value; template/module versions; surrounding header/section; attached citation occurrence,selector or value unresolved => retain raw field in lossless queue; no accepted semantic triple,conditional,candidate_snapshot_registry_required,https://mappings.dbpedia.org/index.php/How_to_edit_DBpedia_Mappings|DBpedia mapping guide; https://www.mediawiki.org/wiki/Help:Templates|MediaWiki templates; https://cidoc-crm.org/html/cidoc_crm_v7.1.3.html|CRMbase 7.1.3
FR-049,Infobox artifact|material,object.composition,project:object_material_claim,crm:E22 Human-Made Object / E57 Material candidate,SD-OBJECT-01;SD-MATERIAL-01,*,*,material vocabulary + fraction if given,Composition claim,Material type versus supplied resource distinct; restorations versioned,raw template invocation or table cell span; wiki/page/revision; selector/value; template/module versions; surrounding header/section; attached citation occurrence,selector or value unresolved => retain raw field in lossless queue; no accepted semantic triple,conditional,candidate_snapshot_registry_required,https://mappings.dbpedia.org/index.php/How_to_edit_DBpedia_Mappings|DBpedia mapping guide; https://www.mediawiki.org/wiki/Help:Templates|MediaWiki templates; https://cidoc-crm.org/html/cidoc_crm_v7.1.3.html|CRMbase 7.1.3
FR-050,Infobox artifact|location,object.location,project:object_location_state,crm:E18 Physical Thing --P53→ E53 Place for historic/current location; --P55→ E53 only when presently current at release as-of is independently verified,SD-OBJECT-01;SD-GEO-01,RM-PLACE-02;RM-PLACE-04,*,place identity + custody context,Time-bounded location or custody state,Infobox snapshot location is not automatically present-day current; use P53 for historical state and P55 only with current verification,raw template invocation or table cell span; wiki/page/revision; selector/value; template/module versions; surrounding header/section; attached citation occurrence,selector or value unresolved => retain raw field in lossless queue; no accepted semantic triple,conditional,candidate_snapshot_registry_required,https://mappings.dbpedia.org/index.php/How_to_edit_DBpedia_Mappings|DBpedia mapping guide; https://www.mediawiki.org/wiki/Help:Templates|MediaWiki templates; https://cidoc-crm.org/html/cidoc_crm_v7.1.3.html|CRMbase 7.1.3
FR-051,Infobox technology|invented,technology.formulation_date,project:technology_formulation_time,crm:E65 Creation --P4→ E52 Time-Span candidate,SD-TECH-01,RM-TIME-01,*,date interval/precision,Formulation/invention event candidate,Claimed invention date not first practical use,raw template invocation or table cell span; wiki/page/revision; selector/value; template/module versions; surrounding header/section; attached citation occurrence,selector or value unresolved => retain raw field in lossless queue; no accepted semantic triple,conditional,candidate_snapshot_registry_required,https://mappings.dbpedia.org/index.php/How_to_edit_DBpedia_Mappings|DBpedia mapping guide; https://www.mediawiki.org/wiki/Help:Templates|MediaWiki templates; https://cidoc-crm.org/html/cidoc_crm_v7.1.3.html|CRMbase 7.1.3
FR-052,Infobox technology|first_use,technology.first_attested_use,project:attested_technology_use_event,crm:E7 Activity --P33→ E29 Design or Procedure candidate,SD-TECH-02,RM-TECH-02,*,date+place+actor,Use event,First attestation not universal first; material availability separately checked,raw template invocation or table cell span; wiki/page/revision; selector/value; template/module versions; surrounding header/section; attached citation occurrence,selector or value unresolved => retain raw field in lossless queue; no accepted semantic triple,conditional,candidate_snapshot_registry_required,https://mappings.dbpedia.org/index.php/How_to_edit_DBpedia_Mappings|DBpedia mapping guide; https://www.mediawiki.org/wiki/Help:Templates|MediaWiki templates; https://cidoc-crm.org/html/cidoc_crm_v7.1.3.html|CRMbase 7.1.3
FR-053,Infobox technology|material,technology.material_requirement,project:design_requires_material,crm:E29 Design or Procedure --P68→ E57 Material,SD-TECH-03;SD-MATERIAL-02,RM-TECH-04,AC-IRON-01,material identity + quantity/unit,Design prerequisite,Foreseen material not actual possession or consumption,raw template invocation or table cell span; wiki/page/revision; selector/value; template/module versions; surrounding header/section; attached citation occurrence,selector or value unresolved => retain raw field in lossless queue; no accepted semantic triple,conditional,candidate_snapshot_registry_required,https://mappings.dbpedia.org/index.php/How_to_edit_DBpedia_Mappings|DBpedia mapping guide; https://www.mediawiki.org/wiki/Help:Templates|MediaWiki templates; https://cidoc-crm.org/html/cidoc_crm_v7.1.3.html|CRMbase 7.1.3
FR-054,Infobox technology|fuel,technology.fuel_requirement,project:design_requires_fuel,crm:E29 Design or Procedure --P68→ E57 Material candidate,SD-TECH-03,RM-TECH-04,AC-IRON-01,fuel identity + amount/unit,Design prerequisite,Fuel access and delivered energy separate from design prescription,raw template invocation or table cell span; wiki/page/revision; selector/value; template/module versions; surrounding header/section; attached citation occurrence,selector or value unresolved => retain raw field in lossless queue; no accepted semantic triple,conditional,candidate_snapshot_registry_required,https://mappings.dbpedia.org/index.php/How_to_edit_DBpedia_Mappings|DBpedia mapping guide; https://www.mediawiki.org/wiki/Help:Templates|MediaWiki templates; https://cidoc-crm.org/html/cidoc_crm_v7.1.3.html|CRMbase 7.1.3
FR-055,Infobox technology|output,technology.output,project:procedure_possible_output,crm:E29 Design or Procedure / E57 Material candidate; project effect link,SD-TECH-03,*,AC-IRON-01,product identity + quantity/unit,Conditional effect definition,Possible output not achieved output; conditions recorded,raw template invocation or table cell span; wiki/page/revision; selector/value; template/module versions; surrounding header/section; attached citation occurrence,selector or value unresolved => retain raw field in lossless queue; no accepted semantic triple,conditional,candidate_snapshot_registry_required,https://mappings.dbpedia.org/index.php/How_to_edit_DBpedia_Mappings|DBpedia mapping guide; https://www.mediawiki.org/wiki/Help:Templates|MediaWiki templates; https://cidoc-crm.org/html/cidoc_crm_v7.1.3.html|CRMbase 7.1.3
FR-056,Infobox technology|efficiency,technology.efficiency,project:reported_efficiency,crm:E54 Dimension candidate,SD-TECH-03,RM-CLAIM-04;RM-CLAIM-05,AC-IRON-01,ratio/percentage + conditions,Measured or claimed performance state,"Conditions, date, method and uncertainty required",raw template invocation or table cell span; wiki/page/revision; selector/value; template/module versions; surrounding header/section; attached citation occurrence,selector or value unresolved => retain raw field in lossless queue; no accepted semantic triple,conditional,candidate_snapshot_registry_required,https://mappings.dbpedia.org/index.php/How_to_edit_DBpedia_Mappings|DBpedia mapping guide; https://www.mediawiki.org/wiki/Help:Templates|MediaWiki templates; https://cidoc-crm.org/html/cidoc_crm_v7.1.3.html|CRMbase 7.1.3
FR-057,Infobox scientific theory|date,science.formulation_date,project:theory_formulation_time,crm:E65 Creation --P4→ E52 Time-Span candidate,SD-SCI-01,RM-TIME-01,*,date precision/calendar,Formulation event,Do not equate original idea and publication year,raw template invocation or table cell span; wiki/page/revision; selector/value; template/module versions; surrounding header/section; attached citation occurrence,selector or value unresolved => retain raw field in lossless queue; no accepted semantic triple,conditional,candidate_snapshot_registry_required,https://mappings.dbpedia.org/index.php/How_to_edit_DBpedia_Mappings|DBpedia mapping guide; https://www.mediawiki.org/wiki/Help:Templates|MediaWiki templates; https://cidoc-crm.org/html/cidoc_crm_v7.1.3.html|CRMbase 7.1.3
FR-058,Infobox scientific theory|publication,science.publication,project:theory_publication_event,Theory publication is not itself P70 documents; model publication act and expression separately.,SD-SCI-02;SD-SOURCE-01,*,*,bibliographic identity + edition,Publication/communication event,Publishing does not establish universal knowledge availability,raw template invocation or table cell span; wiki/page/revision; selector/value; template/module versions; surrounding header/section; attached citation occurrence,selector or value unresolved => retain raw field in lossless queue; no accepted semantic triple,project_extension,candidate_snapshot_registry_required,https://mappings.dbpedia.org/index.php/How_to_edit_DBpedia_Mappings|DBpedia mapping guide; https://www.mediawiki.org/wiki/Help:Templates|MediaWiki templates; https://cidoc-crm.org/html/cidoc_crm_v7.1.3.html|CRMbase 7.1.3
FR-059,Infobox scientific experiment|date,science.experiment_date,project:experiment_time,crm:E7 Activity --P4→ E52 Time-Span,SD-SCI-03,RM-TIME-01,*,date interval/precision,Experiment activity,Experiment date differs from result publication,raw template invocation or table cell span; wiki/page/revision; selector/value; template/module versions; surrounding header/section; attached citation occurrence,selector or value unresolved => retain raw field in lossless queue; no accepted semantic triple,conditional,candidate_snapshot_registry_required,https://mappings.dbpedia.org/index.php/How_to_edit_DBpedia_Mappings|DBpedia mapping guide; https://www.mediawiki.org/wiki/Help:Templates|MediaWiki templates; https://cidoc-crm.org/html/cidoc_crm_v7.1.3.html|CRMbase 7.1.3
FR-060,Infobox scientific experiment|result,science.result_claim,project:experiment_result_claim,Experimental result claim needs observation/method and assertion event before E13 P141.,SD-SCI-03,*,AC-SCIENCE-06,measured result + unit + uncertainty,Observed result proposition if primary method documented,Wikipedia summary is secondary claim; measurement method and source required,raw template invocation or table cell span; wiki/page/revision; selector/value; template/module versions; surrounding header/section; attached citation occurrence,selector or value unresolved => retain raw field in lossless queue; no accepted semantic triple,project_extension,candidate_snapshot_registry_required,https://mappings.dbpedia.org/index.php/How_to_edit_DBpedia_Mappings|DBpedia mapping guide; https://www.mediawiki.org/wiki/Help:Templates|MediaWiki templates; https://cidoc-crm.org/html/cidoc_crm_v7.1.3.html|CRMbase 7.1.3
FR-061,Infobox disease|symptoms,disease.symptom,project:disease_symptom_claim,A symptom listing is not an E13 Attribute Assignment event by itself.,SD-DISEASE-02,*,*,clinical symptom vocabulary,Clinical manifestation claim,Frequency/severity/context where given; not universal for every case,raw template invocation or table cell span; wiki/page/revision; selector/value; template/module versions; surrounding header/section; attached citation occurrence,selector or value unresolved => retain raw field in lossless queue; no accepted semantic triple,project_extension,candidate_snapshot_registry_required,https://mappings.dbpedia.org/index.php/How_to_edit_DBpedia_Mappings|DBpedia mapping guide; https://www.mediawiki.org/wiki/Help:Templates|MediaWiki templates; https://cidoc-crm.org/html/cidoc_crm_v7.1.3.html|CRMbase 7.1.3
FR-062,Infobox disease|treatment,disease.treatment,project:treatment_claim,crm:E29 Design or Procedure candidate for treatment type; E7 care activity and P33 only on separately evidenced execution,SD-MED-01,*,AC-SCIENCE-06,treatment procedure/drug identity,Therapy design or actual care event separately,A listed treatment is not an actual treatment event or proof of effectiveness,raw template invocation or table cell span; wiki/page/revision; selector/value; template/module versions; surrounding header/section; attached citation occurrence,selector or value unresolved => retain raw field in lossless queue; no accepted semantic triple,project_extension,candidate_snapshot_registry_required,https://mappings.dbpedia.org/index.php/How_to_edit_DBpedia_Mappings|DBpedia mapping guide; https://www.mediawiki.org/wiki/Help:Templates|MediaWiki templates; https://cidoc-crm.org/html/cidoc_crm_v7.1.3.html|CRMbase 7.1.3
FR-063,Infobox religion|origin,religion.origin_claim,project:religion_origin_claim,project attributed religious origin; E65 Creation only if a documented human formulation event is independently evidenced,SD-REL-01,*,AC-DOCTRINE-03,place/date/tradition qualifier,Historical origin event candidate,Traditional founder attribution cannot automatically become human creation,raw template invocation or table cell span; wiki/page/revision; selector/value; template/module versions; surrounding header/section; attached citation occurrence,selector or value unresolved => retain raw field in lossless queue; no accepted semantic triple,project_extension,candidate_snapshot_registry_required,https://mappings.dbpedia.org/index.php/How_to_edit_DBpedia_Mappings|DBpedia mapping guide; https://www.mediawiki.org/wiki/Help:Templates|MediaWiki templates; https://cidoc-crm.org/html/cidoc_crm_v7.1.3.html|CRMbase 7.1.3
FR-064,Infobox religion|scripture,religion.scripture,project:has_scripture_claim,"crm:E73 Information Object for scripture candidate; scripture association is project-only, not crm:P70 documents",SD-REL-02;SD-LIT-01,*,AC-DOCTRINE-03,text/work identity + version,Document identity; composition event if attested,A scripture listing does not establish that a document documents a CRM entity,raw template invocation or table cell span; wiki/page/revision; selector/value; template/module versions; surrounding header/section; attached citation occurrence,selector or value unresolved => retain raw field in lossless queue; no accepted semantic triple,project_extension,candidate_snapshot_registry_required,https://mappings.dbpedia.org/index.php/How_to_edit_DBpedia_Mappings|DBpedia mapping guide; https://www.mediawiki.org/wiki/Help:Templates|MediaWiki templates; https://cidoc-crm.org/html/cidoc_crm_v7.1.3.html|CRMbase 7.1.3
FR-065,Infobox religion|region,religion.distribution_region,project:attested_belief_distribution,project religion distribution state by time and region; no P14/P33 practice inference,SD-REL-03,*,AC-DOCTRINE-03,place and community identity,Region/community distribution state,Presence in a region does not prove a specific actor practiced doctrine,raw template invocation or table cell span; wiki/page/revision; selector/value; template/module versions; surrounding header/section; attached citation occurrence,selector or value unresolved => retain raw field in lossless queue; no accepted semantic triple,project_extension,candidate_snapshot_registry_required,https://mappings.dbpedia.org/index.php/How_to_edit_DBpedia_Mappings|DBpedia mapping guide; https://www.mediawiki.org/wiki/Help:Templates|MediaWiki templates; https://cidoc-crm.org/html/cidoc_crm_v7.1.3.html|CRMbase 7.1.3
FR-066,Infobox religion|branches,religion.branch_classification,project:religious_branch_relation,project branch-classification relation; organizational adoption requires separate evidence,SD-REL-04,*,AC-DOCTRINE-03,branch/group identity,Classification and schism event distinct,Branch listing is not actor adoption of an interpretation,raw template invocation or table cell span; wiki/page/revision; selector/value; template/module versions; surrounding header/section; attached citation occurrence,selector or value unresolved => retain raw field in lossless queue; no accepted semantic triple,project_extension,candidate_snapshot_registry_required,https://mappings.dbpedia.org/index.php/How_to_edit_DBpedia_Mappings|DBpedia mapping guide; https://www.mediawiki.org/wiki/Help:Templates|MediaWiki templates; https://cidoc-crm.org/html/cidoc_crm_v7.1.3.html|CRMbase 7.1.3
FR-067,Infobox ideology|influences,ideology.influence,project:attributed_ideological_influence,Ideological influence label is an attributed claim; P15 only for evidenced E7 activity influenced by a specific CRM entity.,SD-IDEA-02,*,*,concept/person identity + attributed source,Influence hypothesis or sourced assertion,Influence is not direct mechanistic cause; chronology alone insufficient,raw template invocation or table cell span; wiki/page/revision; selector/value; template/module versions; surrounding header/section; attached citation occurrence,selector or value unresolved => retain raw field in lossless queue; no accepted semantic triple,project_extension,candidate_snapshot_registry_required,https://mappings.dbpedia.org/index.php/How_to_edit_DBpedia_Mappings|DBpedia mapping guide; https://www.mediawiki.org/wiki/Help:Templates|MediaWiki templates; https://cidoc-crm.org/html/cidoc_crm_v7.1.3.html|CRMbase 7.1.3
FR-068,Infobox ideology|ideology,ideology.classification,project:ideology_type_claim,crm:E55 Type candidate,SD-IDEA-01,RM-ID-02,*,curated concept identity,Time-bounded classification state,Self-identification versus external label distinguished,raw template invocation or table cell span; wiki/page/revision; selector/value; template/module versions; surrounding header/section; attached citation occurrence,selector or value unresolved => retain raw field in lossless queue; no accepted semantic triple,conditional,candidate_snapshot_registry_required,https://mappings.dbpedia.org/index.php/How_to_edit_DBpedia_Mappings|DBpedia mapping guide; https://www.mediawiki.org/wiki/Help:Templates|MediaWiki templates; https://cidoc-crm.org/html/cidoc_crm_v7.1.3.html|CRMbase 7.1.3
FR-069,Infobox artwork|medium,art.material_medium,project:artwork_medium_claim,crm:E57 Material candidate,SD-ART-01;SD-MATERIAL-01,*,*,medium/material vocabulary,Material description,Mixed media and later conservation distinguishable,raw template invocation or table cell span; wiki/page/revision; selector/value; template/module versions; surrounding header/section; attached citation occurrence,selector or value unresolved => retain raw field in lossless queue; no accepted semantic triple,conditional,candidate_snapshot_registry_required,https://mappings.dbpedia.org/index.php/How_to_edit_DBpedia_Mappings|DBpedia mapping guide; https://www.mediawiki.org/wiki/Help:Templates|MediaWiki templates; https://cidoc-crm.org/html/cidoc_crm_v7.1.3.html|CRMbase 7.1.3
FR-070,Infobox artwork|location,art.location,project:artwork_location_state,crm:E18 Physical Thing --P53→ E53 Place for historic/current location; --P55→ E53 only when presently current at release as-of is independently verified,SD-ART-01;SD-GEO-01,RM-PLACE-02;RM-PLACE-04,*,institution/place identity,Time-bounded location/custody state,Infobox snapshot location is not automatically present-day current; use P53 for historical state and P55 only with current verification,raw template invocation or table cell span; wiki/page/revision; selector/value; template/module versions; surrounding header/section; attached citation occurrence,selector or value unresolved => retain raw field in lossless queue; no accepted semantic triple,conditional,candidate_snapshot_registry_required,https://mappings.dbpedia.org/index.php/How_to_edit_DBpedia_Mappings|DBpedia mapping guide; https://www.mediawiki.org/wiki/Help:Templates|MediaWiki templates; https://cidoc-crm.org/html/cidoc_crm_v7.1.3.html|CRMbase 7.1.3
FR-071,Infobox astronomical object|mass,astronomy.mass_measure,project:reported_mass,crm:E54 Dimension candidate,SD-ASTRO-01;SD-QUANT-01,RM-CLAIM-04;RM-CLAIM-05,AC-SCIENCE-06,mass unit + uncertainty,Measurement estimate,Method/epoch/model required; values may be revised,raw template invocation or table cell span; wiki/page/revision; selector/value; template/module versions; surrounding header/section; attached citation occurrence,selector or value unresolved => retain raw field in lossless queue; no accepted semantic triple,conditional,candidate_snapshot_registry_required,https://mappings.dbpedia.org/index.php/How_to_edit_DBpedia_Mappings|DBpedia mapping guide; https://www.mediawiki.org/wiki/Help:Templates|MediaWiki templates; https://cidoc-crm.org/html/cidoc_crm_v7.1.3.html|CRMbase 7.1.3
FR-072,Infobox astronomical object|radius,astronomy.radius_measure,project:reported_radius,crm:E54 Dimension candidate,SD-ASTRO-01;SD-QUANT-01,RM-CLAIM-04;RM-CLAIM-05,AC-SCIENCE-06,length unit + uncertainty + radius definition,Measurement estimate,Mean/equatorial/other radius distinctions preserved,raw template invocation or table cell span; wiki/page/revision; selector/value; template/module versions; surrounding header/section; attached citation occurrence,selector or value unresolved => retain raw field in lossless queue; no accepted semantic triple,conditional,candidate_snapshot_registry_required,https://mappings.dbpedia.org/index.php/How_to_edit_DBpedia_Mappings|DBpedia mapping guide; https://www.mediawiki.org/wiki/Help:Templates|MediaWiki templates; https://cidoc-crm.org/html/cidoc_crm_v7.1.3.html|CRMbase 7.1.3
FR-073,Infobox person|parents,person.parent,project:parent_relation_claim,project parent relation; CRM birth path only for biological parent when explicit,SD-PEOPLE-03,*,*,parent person ID + biological/adoptive/legal qualifier,Typed parent relation or unresolved kinship candidate,Unknown parent type cannot become biological; identity and source conflicts preserved,raw template invocation or table cell span; wiki/page/revision; selector/value; template/module versions; surrounding header/section; attached citation occurrence,selector or value unresolved => retain raw field in lossless queue; no accepted semantic triple,project_extension,candidate_snapshot_registry_required,https://mappings.dbpedia.org/index.php/How_to_edit_DBpedia_Mappings|DBpedia mapping guide; https://www.mediawiki.org/wiki/Help:Templates|MediaWiki templates; https://cidoc-crm.org/html/cidoc_crm_v7.1.3.html|CRMbase 7.1.3
FR-074,Infobox person|children,person.child,project:child_relation_claim,project child relation; CRM birth path only for biological parent when explicit,SD-PEOPLE-03,*,*,child person ID + biological/adoptive/legal qualifier,Typed child relation or unresolved kinship candidate,Unknown lineage is not biological; dates and disputes preserved,raw template invocation or table cell span; wiki/page/revision; selector/value; template/module versions; surrounding header/section; attached citation occurrence,selector or value unresolved => retain raw field in lossless queue; no accepted semantic triple,project_extension,candidate_snapshot_registry_required,https://mappings.dbpedia.org/index.php/How_to_edit_DBpedia_Mappings|DBpedia mapping guide; https://www.mediawiki.org/wiki/Help:Templates|MediaWiki templates; https://cidoc-crm.org/html/cidoc_crm_v7.1.3.html|CRMbase 7.1.3
FR-075,Infobox person|adoptive_parents,person.adoptive_parent,project:adoptive_parent_of,project legal kinship relation,SD-PEOPLE-03,RM-PERSON-06,*,adoptive parent ID + legal context,Time-bounded adoptive relation,No biological parent inference; jurisdiction/date if given,raw template invocation or table cell span; wiki/page/revision; selector/value; template/module versions; surrounding header/section; attached citation occurrence,selector or value unresolved => retain raw field in lossless queue; no accepted semantic triple,project_extension,candidate_snapshot_registry_required,https://mappings.dbpedia.org/index.php/How_to_edit_DBpedia_Mappings|DBpedia mapping guide; https://www.mediawiki.org/wiki/Help:Templates|MediaWiki templates; https://cidoc-crm.org/html/cidoc_crm_v7.1.3.html|CRMbase 7.1.3
FR-076,Infobox mathematical theorem|proved_by,math.prover,project:proof_author_claim,crm:E65 Creation --P14→ E39 Actor candidate,SD-MATH-01,RM-PERSON-02;RM-CONCEPT-01,*,actor identity + proof version,Proof creation event,Attribution and accepted proof version distinguished,raw template invocation or table cell span; wiki/page/revision; selector/value; template/module versions; surrounding header/section; attached citation occurrence,selector or value unresolved => retain raw field in lossless queue; no accepted semantic triple,conditional,candidate_snapshot_registry_required,https://mappings.dbpedia.org/index.php/How_to_edit_DBpedia_Mappings|DBpedia mapping guide; https://www.mediawiki.org/wiki/Help:Templates|MediaWiki templates; https://cidoc-crm.org/html/cidoc_crm_v7.1.3.html|CRMbase 7.1.3
FR-077,Taxobox|authority,biology.naming_authority,project:taxon_name_authorship,project taxonomic naming-authority claim; E83 Type Creation --P135→ E55 Type plus E7 --P14→ E39 only if a documented naming act is separately evidenced,SD-BIO-01;SD-BIO-02,*,AC-BIO-05,person/citation/year,Naming/publication act,Authority string requires parser; same name may be recombination,raw template invocation or table cell span; wiki/page/revision; selector/value; template/module versions; surrounding header/section; attached citation occurrence,selector or value unresolved => retain raw field in lossless queue; no accepted semantic triple,project_extension,candidate_snapshot_registry_required,https://mappings.dbpedia.org/index.php/How_to_edit_DBpedia_Mappings|DBpedia mapping guide; https://www.mediawiki.org/wiki/Help:Templates|MediaWiki templates; https://cidoc-crm.org/html/cidoc_crm_v7.1.3.html|CRMbase 7.1.3
FR-078,Infobox book|publication_date,publication.first_or_edition_release,project:publication_event,crm:E7 Activity --P4→ E52 Time-Span candidate; LRMoo optional,SD-LIT-01;SD-SOURCE-01,RM-TIME-01,*,date + edition + territory,Edition-specific publication event,First edition and translation/reprint dates distinct,raw template invocation or table cell span; wiki/page/revision; selector/value; template/module versions; surrounding header/section; attached citation occurrence,selector or value unresolved => retain raw field in lossless queue; no accepted semantic triple,conditional,candidate_snapshot_registry_required,https://mappings.dbpedia.org/index.php/How_to_edit_DBpedia_Mappings|DBpedia mapping guide; https://www.mediawiki.org/wiki/Help:Templates|MediaWiki templates; https://cidoc-crm.org/html/cidoc_crm_v7.1.3.html|CRMbase 7.1.3
FR-079,Infobox book|publisher,publication.publisher,project:published_by_claim,crm:E7 Activity --P14→ E74 Group candidate; LRMoo optional,SD-LIT-01;SD-SOURCE-01,RM-PERSON-02,*,publisher organization identity + edition,Edition-specific publication event,Imprint and corporate entity distinct; date/context,raw template invocation or table cell span; wiki/page/revision; selector/value; template/module versions; surrounding header/section; attached citation occurrence,selector or value unresolved => retain raw field in lossless queue; no accepted semantic triple,conditional,candidate_snapshot_registry_required,https://mappings.dbpedia.org/index.php/How_to_edit_DBpedia_Mappings|DBpedia mapping guide; https://www.mediawiki.org/wiki/Help:Templates|MediaWiki templates; https://cidoc-crm.org/html/cidoc_crm_v7.1.3.html|CRMbase 7.1.3
FR-080,Infobox book|isbn,publication.isbn,project:manifestation_identifier,crm:E42 Identifier / LRMoo:F3 Manifestation candidate,SD-LIT-01;SD-SOURCE-01,RM-ID-01,*,ISBN validation and edition match,Edition/manifestation identity,ISBN not universal work identity; invalid check digit quarantined,raw template invocation or table cell span; wiki/page/revision; selector/value; template/module versions; surrounding header/section; attached citation occurrence,selector or value unresolved => retain raw field in lossless queue; no accepted semantic triple,conditional,candidate_snapshot_registry_required,https://mappings.dbpedia.org/index.php/How_to_edit_DBpedia_Mappings|DBpedia mapping guide; https://www.mediawiki.org/wiki/Help:Templates|MediaWiki templates; https://cidoc-crm.org/html/cidoc_crm_v7.1.3.html|CRMbase 7.1.3
FR-081,Infobox media|creator,media.creator,project:media_creation_event,crm:E65 Creation --P14→ E39 Actor candidate,SD-MEDIA-01,RM-PERSON-02;RM-CONCEPT-01,*,actor identity + creative role,Creation event,Creation and public release distinct,raw template invocation or table cell span; wiki/page/revision; selector/value; template/module versions; surrounding header/section; attached citation occurrence,selector or value unresolved => retain raw field in lossless queue; no accepted semantic triple,conditional,candidate_snapshot_registry_required,https://mappings.dbpedia.org/index.php/How_to_edit_DBpedia_Mappings|DBpedia mapping guide; https://www.mediawiki.org/wiki/Help:Templates|MediaWiki templates; https://cidoc-crm.org/html/cidoc_crm_v7.1.3.html|CRMbase 7.1.3
FR-082,Infobox media|platform,media.platform,project:media_distribution_platform,project distribution channel; CRM:E7 Activity candidate,SD-MEDIA-01,*,*,platform identity + version,Distribution/release event,Availability depends on place/time and platform version,raw template invocation or table cell span; wiki/page/revision; selector/value; template/module versions; surrounding header/section; attached citation occurrence,selector or value unresolved => retain raw field in lossless queue; no accepted semantic triple,project_extension,candidate_snapshot_registry_required,https://mappings.dbpedia.org/index.php/How_to_edit_DBpedia_Mappings|DBpedia mapping guide; https://www.mediawiki.org/wiki/Help:Templates|MediaWiki templates; https://cidoc-crm.org/html/cidoc_crm_v7.1.3.html|CRMbase 7.1.3
FR-083,Infobox language|region,language.region,project:language_use_region,crm:E56 Language / E53 Place candidate,SD-LANG-02;SD-GEO-01,*,*,place/region identity,Time-bounded language distribution,Presence does not imply majority or official status,raw template invocation or table cell span; wiki/page/revision; selector/value; template/module versions; surrounding header/section; attached citation occurrence,selector or value unresolved => retain raw field in lossless queue; no accepted semantic triple,conditional,candidate_snapshot_registry_required,https://mappings.dbpedia.org/index.php/How_to_edit_DBpedia_Mappings|DBpedia mapping guide; https://www.mediawiki.org/wiki/Help:Templates|MediaWiki templates; https://cidoc-crm.org/html/cidoc_crm_v7.1.3.html|CRMbase 7.1.3
FR-084,Infobox language|family,language.family_classification,project:language_family_claim,crm:E55 Type candidate,SD-LANG-01,RM-ID-02,*,curated family concept + classification version,Classification assertion,Genealogical hypothesis can be disputed; no automatic ancestry,raw template invocation or table cell span; wiki/page/revision; selector/value; template/module versions; surrounding header/section; attached citation occurrence,selector or value unresolved => retain raw field in lossless queue; no accepted semantic triple,conditional,candidate_snapshot_registry_required,https://mappings.dbpedia.org/index.php/How_to_edit_DBpedia_Mappings|DBpedia mapping guide; https://www.mediawiki.org/wiki/Help:Templates|MediaWiki templates; https://cidoc-crm.org/html/cidoc_crm_v7.1.3.html|CRMbase 7.1.3
FR-085,Infobox fictional character|first_appearance,fictional.character_first_appearance,project:fictional_first_publication,crm:E73 Information Object / E7 publication activity candidate,SD-FICTION-01,*,AC-FICTION-07,work/edition/date,Publication/appearance event,First appearance is bibliographic claim not fictional birth,raw template invocation or table cell span; wiki/page/revision; selector/value; template/module versions; surrounding header/section; attached citation occurrence,selector or value unresolved => retain raw field in lossless queue; no accepted semantic triple,conditional,candidate_snapshot_registry_required,https://mappings.dbpedia.org/index.php/How_to_edit_DBpedia_Mappings|DBpedia mapping guide; https://www.mediawiki.org/wiki/Help:Templates|MediaWiki templates; https://cidoc-crm.org/html/cidoc_crm_v7.1.3.html|CRMbase 7.1.3
FR-086,Infobox country|leader_title,polity.leader_office,project:has_leadership_office,crm:E30 Right or E55 Type candidate,SD-POLITY-01;SD-POLITY-03,*,*,office title + jurisdiction,Office role definition,Title by constitutional period; office identity reviewed,raw template invocation or table cell span; wiki/page/revision; selector/value; template/module versions; surrounding header/section; attached citation occurrence,selector or value unresolved => retain raw field in lossless queue; no accepted semantic triple,conditional,candidate_snapshot_registry_required,https://mappings.dbpedia.org/index.php/How_to_edit_DBpedia_Mappings|DBpedia mapping guide; https://www.mediawiki.org/wiki/Help:Templates|MediaWiki templates; https://cidoc-crm.org/html/cidoc_crm_v7.1.3.html|CRMbase 7.1.3
FR-087,Infobox country|leader_name,polity.leader_tenure,project:held_office_state,crm:E21 Person plus E7 appointment event where attested,SD-POLITY-01;SD-POLITY-03,RM-POWER-01,*,person ID + office context,Time-bounded tenure,Incumbent at source snapshot only unless dates attested,raw template invocation or table cell span; wiki/page/revision; selector/value; template/module versions; surrounding header/section; attached citation occurrence,selector or value unresolved => retain raw field in lossless queue; no accepted semantic triple,conditional,candidate_snapshot_registry_required,https://mappings.dbpedia.org/index.php/How_to_edit_DBpedia_Mappings|DBpedia mapping guide; https://www.mediawiki.org/wiki/Help:Templates|MediaWiki templates; https://cidoc-crm.org/html/cidoc_crm_v7.1.3.html|CRMbase 7.1.3
FR-088,Infobox country|independence,polity.independence,project:independence_event_claim,project independence event or claim; separate self-claimed authority relation only if explicitly stated,SD-POLITY-01;SD-POLITY-02,*,AC-POLITY-04,date + from whom + status,"Declaration, recognition and effective control separate events","Independence field can denote declaration, recognition, or effective control",raw template invocation or table cell span; wiki/page/revision; selector/value; template/module versions; surrounding header/section; attached citation occurrence,selector or value unresolved => retain raw field in lossless queue; no accepted semantic triple,project_extension,candidate_snapshot_registry_required,https://mappings.dbpedia.org/index.php/How_to_edit_DBpedia_Mappings|DBpedia mapping guide; https://www.mediawiki.org/wiki/Help:Templates|MediaWiki templates; https://cidoc-crm.org/html/cidoc_crm_v7.1.3.html|CRMbase 7.1.3
FR-089,Infobox country|sovereignty_type,polity.sovereignty_type,project:sovereignty_claim_type,project sovereignty classification; asserted authority only if explicit claimant and act are documented,SD-POLITY-01;SD-POLITY-02,*,AC-POLITY-04,sovereignty classification + claimant,Time-bounded sovereignty claim,Sovereignty type label alone is not a claim of authority,raw template invocation or table cell span; wiki/page/revision; selector/value; template/module versions; surrounding header/section; attached citation occurrence,selector or value unresolved => retain raw field in lossless queue; no accepted semantic triple,project_extension,candidate_snapshot_registry_required,https://mappings.dbpedia.org/index.php/How_to_edit_DBpedia_Mappings|DBpedia mapping guide; https://www.mediawiki.org/wiki/Help:Templates|MediaWiki templates; https://cidoc-crm.org/html/cidoc_crm_v7.1.3.html|CRMbase 7.1.3
FR-090,Infobox treaty|date_effective,treaty.effect,project:treaty_effective_state,Legal effective state is project validity; P4 only if a distinct E2 temporal entity is modeled.,SD-DIP-01;SD-DIP-02,*,*,date + jurisdiction + condition,Legal effect state,Entry into force conditions/party variation preserved,raw template invocation or table cell span; wiki/page/revision; selector/value; template/module versions; surrounding header/section; attached citation occurrence,selector or value unresolved => retain raw field in lossless queue; no accepted semantic triple,project_extension,candidate_snapshot_registry_required,https://mappings.dbpedia.org/index.php/How_to_edit_DBpedia_Mappings|DBpedia mapping guide; https://www.mediawiki.org/wiki/Help:Templates|MediaWiki templates; https://cidoc-crm.org/html/cidoc_crm_v7.1.3.html|CRMbase 7.1.3
FR-091,Infobox treaty|parties,treaty.parties,project:treaty_party_claim,project treaty party status; P14 only for a specific signing/ratification activity with actor role evidence,SD-DIP-01;SD-DIP-02,*,*,party identity + role/status,Participation in specific treaty action,Party status need not imply signatory execution,raw template invocation or table cell span; wiki/page/revision; selector/value; template/module versions; surrounding header/section; attached citation occurrence,selector or value unresolved => retain raw field in lossless queue; no accepted semantic triple,project_extension,candidate_snapshot_registry_required,https://mappings.dbpedia.org/index.php/How_to_edit_DBpedia_Mappings|DBpedia mapping guide; https://www.mediawiki.org/wiki/Help:Templates|MediaWiki templates; https://cidoc-crm.org/html/cidoc_crm_v7.1.3.html|CRMbase 7.1.3
FR-092,Infobox military conflict|place,war.conflict_place,project:conflict_place,crm:E5 Event --P7→ E53 Place,SD-WAR-01,RM-PLACE-01,*,place IDs + spatial extent,Conflict/phase location,Battles may span regions and historical borders,raw template invocation or table cell span; wiki/page/revision; selector/value; template/module versions; surrounding header/section; attached citation occurrence,selector or value unresolved => retain raw field in lossless queue; no accepted semantic triple,conditional,candidate_snapshot_registry_required,https://mappings.dbpedia.org/index.php/How_to_edit_DBpedia_Mappings|DBpedia mapping guide; https://www.mediawiki.org/wiki/Help:Templates|MediaWiki templates; https://cidoc-crm.org/html/cidoc_crm_v7.1.3.html|CRMbase 7.1.3
FR-093,Infobox military conflict|result,war.outcome_claim,project:conflict_outcome_claim,project state/change assertion; no automatic causal CRM path,SD-WAR-01,*,*,outcome category + claimant/side,Outcome state proposition,Political/military outcomes can conflict; no winner from infobox alone,raw template invocation or table cell span; wiki/page/revision; selector/value; template/module versions; surrounding header/section; attached citation occurrence,selector or value unresolved => retain raw field in lossless queue; no accepted semantic triple,project_extension,candidate_snapshot_registry_required,https://mappings.dbpedia.org/index.php/How_to_edit_DBpedia_Mappings|DBpedia mapping guide; https://www.mediawiki.org/wiki/Help:Templates|MediaWiki templates; https://cidoc-crm.org/html/cidoc_crm_v7.1.3.html|CRMbase 7.1.3
FR-094,Infobox material|formula,material.chemical_formula,project:chemical_formula_claim,project symbolic expression; crm:E90 Symbolic Object candidate,SD-MATERIAL-01,RM-CONCEPT-05,*,chemical formula syntax + charge/phase,Formula representation,Same formula may denote isomers; no identity equivalence from string,raw template invocation or table cell span; wiki/page/revision; selector/value; template/module versions; surrounding header/section; attached citation occurrence,selector or value unresolved => retain raw field in lossless queue; no accepted semantic triple,project_extension,candidate_snapshot_registry_required,https://mappings.dbpedia.org/index.php/How_to_edit_DBpedia_Mappings|DBpedia mapping guide; https://www.mediawiki.org/wiki/Help:Templates|MediaWiki templates; https://cidoc-crm.org/html/cidoc_crm_v7.1.3.html|CRMbase 7.1.3
FR-095,Infobox material|density,material.density,project:reported_density,crm:E54 Dimension candidate,SD-MATERIAL-02;SD-QUANT-01,RM-CLAIM-04;RM-CLAIM-05,*,mass/volume unit + temperature/pressure,Conditional measurement,Phase/temperature and source uncertainty mandatory,raw template invocation or table cell span; wiki/page/revision; selector/value; template/module versions; surrounding header/section; attached citation occurrence,selector or value unresolved => retain raw field in lossless queue; no accepted semantic triple,conditional,candidate_snapshot_registry_required,https://mappings.dbpedia.org/index.php/How_to_edit_DBpedia_Mappings|DBpedia mapping guide; https://www.mediawiki.org/wiki/Help:Templates|MediaWiki templates; https://cidoc-crm.org/html/cidoc_crm_v7.1.3.html|CRMbase 7.1.3
FR-096,Infobox book|subject,publication.subject,project:work_about_claim,crm:E89 Propositional Object --P129→ E1 CRM Entity candidate,SD-LIT-01,RM-CONCEPT-03,*,topic entity/concept identity,Aboutness assertion,Subject classification distinct from genre and truth,raw template invocation or table cell span; wiki/page/revision; selector/value; template/module versions; surrounding header/section; attached citation occurrence,selector or value unresolved => retain raw field in lossless queue; no accepted semantic triple,conditional,candidate_snapshot_registry_required,https://mappings.dbpedia.org/index.php/How_to_edit_DBpedia_Mappings|DBpedia mapping guide; https://www.mediawiki.org/wiki/Help:Templates|MediaWiki templates; https://cidoc-crm.org/html/cidoc_crm_v7.1.3.html|CRMbase 7.1.3
FR-097,Infobox book|language,publication.language,project:expression_language,crm:E33 Linguistic Object --P72→ E56 Language,SD-LANG-01;SD-LIT-01,RM-CONCEPT-06,*,language code + expression edition,Language of particular expression,Translation editions separately identified,raw template invocation or table cell span; wiki/page/revision; selector/value; template/module versions; surrounding header/section; attached citation occurrence,selector or value unresolved => retain raw field in lossless queue; no accepted semantic triple,conditional,candidate_snapshot_registry_required,https://mappings.dbpedia.org/index.php/How_to_edit_DBpedia_Mappings|DBpedia mapping guide; https://www.mediawiki.org/wiki/Help:Templates|MediaWiki templates; https://cidoc-crm.org/html/cidoc_crm_v7.1.3.html|CRMbase 7.1.3
FR-098,Infobox climate|precipitation,climate.precipitation,project:climate_precipitation_measure,crm:E54 Dimension candidate,SD-CLIMATE-01,RM-CLAIM-04;RM-CLAIM-05,*,depth/unit + aggregation interval,Climate aggregate observation,Station/baseline and missing days documented,raw template invocation or table cell span; wiki/page/revision; selector/value; template/module versions; surrounding header/section; attached citation occurrence,selector or value unresolved => retain raw field in lossless queue; no accepted semantic triple,conditional,candidate_snapshot_registry_required,https://mappings.dbpedia.org/index.php/How_to_edit_DBpedia_Mappings|DBpedia mapping guide; https://www.mediawiki.org/wiki/Help:Templates|MediaWiki templates; https://cidoc-crm.org/html/cidoc_crm_v7.1.3.html|CRMbase 7.1.3
FR-099,Infobox climate|period,climate.baseline_period,project:climate_baseline_period,Baseline period is a parameter of a measurement aggregate; P4 only for an actual temporal activity.,SD-CLIMATE-01,*,*,start/end interval,Measurement aggregate validity interval,Baseline period not article revision date,raw template invocation or table cell span; wiki/page/revision; selector/value; template/module versions; surrounding header/section; attached citation occurrence,selector or value unresolved => retain raw field in lossless queue; no accepted semantic triple,project_extension,candidate_snapshot_registry_required,https://mappings.dbpedia.org/index.php/How_to_edit_DBpedia_Mappings|DBpedia mapping guide; https://www.mediawiki.org/wiki/Help:Templates|MediaWiki templates; https://cidoc-crm.org/html/cidoc_crm_v7.1.3.html|CRMbase 7.1.3
FR-100,Infobox sport event|venue,sport.venue,project:competition_venue,crm:E7 Activity --P7→ E53 Place,SD-SPORT-01,RM-PLACE-01,*,venue/place identity,Event location,Venue relocation or remote contest noted,raw template invocation or table cell span; wiki/page/revision; selector/value; template/module versions; surrounding header/section; attached citation occurrence,selector or value unresolved => retain raw field in lossless queue; no accepted semantic triple,conditional,candidate_snapshot_registry_required,https://mappings.dbpedia.org/index.php/How_to_edit_DBpedia_Mappings|DBpedia mapping guide; https://www.mediawiki.org/wiki/Help:Templates|MediaWiki templates; https://cidoc-crm.org/html/cidoc_crm_v7.1.3.html|CRMbase 7.1.3
FR-101,Infobox sport event|teams,sport.participants,project:competition_participant,crm:E7 Activity --P14→ E39 Actor candidate,SD-SPORT-01,RM-PERSON-02,*,team identity + side/role,Participation in event,Roster/team composition time-dependent,raw template invocation or table cell span; wiki/page/revision; selector/value; template/module versions; surrounding header/section; attached citation occurrence,selector or value unresolved => retain raw field in lossless queue; no accepted semantic triple,conditional,candidate_snapshot_registry_required,https://mappings.dbpedia.org/index.php/How_to_edit_DBpedia_Mappings|DBpedia mapping guide; https://www.mediawiki.org/wiki/Help:Templates|MediaWiki templates; https://cidoc-crm.org/html/cidoc_crm_v7.1.3.html|CRMbase 7.1.3
FR-102,Infobox sport event|result,sport.result,project:competition_result_claim,project competition result claim; numeric score E54/P90 only as separately parsed sub-assertion,SD-SPORT-01,*,*,score + rule system + result status,Result assertion,Categorical win/loss/forfeit is not a numeric P90 value,raw template invocation or table cell span; wiki/page/revision; selector/value; template/module versions; surrounding header/section; attached citation occurrence,selector or value unresolved => retain raw field in lossless queue; no accepted semantic triple,project_extension,candidate_snapshot_registry_required,https://mappings.dbpedia.org/index.php/How_to_edit_DBpedia_Mappings|DBpedia mapping guide; https://www.mediawiki.org/wiki/Help:Templates|MediaWiki templates; https://cidoc-crm.org/html/cidoc_crm_v7.1.3.html|CRMbase 7.1.3
FR-103,Infobox officeholder|term_start,person.tenure_start,project:office_tenure_start,crm:E7 appointment activity --P4→ E52 Time-Span candidate,SD-PEOPLE-02;SD-POLITY-03,RM-POWER-01;RM-TIME-01,AC-ANCHOR-02,date + office/person context,Tenure boundary; appointment event only if attested,Formal appointment and effective start can differ,raw template invocation or table cell span; wiki/page/revision; selector/value; template/module versions; surrounding header/section; attached citation occurrence,selector or value unresolved => retain raw field in lossless queue; no accepted semantic triple,conditional,candidate_snapshot_registry_required,https://mappings.dbpedia.org/index.php/How_to_edit_DBpedia_Mappings|DBpedia mapping guide; https://www.mediawiki.org/wiki/Help:Templates|MediaWiki templates; https://cidoc-crm.org/html/cidoc_crm_v7.1.3.html|CRMbase 7.1.3
FR-104,Infobox officeholder|term_end,person.tenure_end,project:office_tenure_end,crm:E7 retirement/dismissal activity --P4→ E52 Time-Span candidate,SD-PEOPLE-02;SD-POLITY-03,RM-POWER-01;RM-TIME-01,AC-ANCHOR-02,date + reason if present,Tenure boundary; leaving event only if attested,"Death, deposition, and succession dates may differ",raw template invocation or table cell span; wiki/page/revision; selector/value; template/module versions; surrounding header/section; attached citation occurrence,selector or value unresolved => retain raw field in lossless queue; no accepted semantic triple,conditional,candidate_snapshot_registry_required,https://mappings.dbpedia.org/index.php/How_to_edit_DBpedia_Mappings|DBpedia mapping guide; https://www.mediawiki.org/wiki/Help:Templates|MediaWiki templates; https://cidoc-crm.org/html/cidoc_crm_v7.1.3.html|CRMbase 7.1.3
FR-105,Infobox officeholder|successor,person.office_successor,project:successor_in_office_claim,project office-tenure order; no CRMbase direct succession relation,SD-PEOPLE-02;SD-POLITY-03,*,AC-ANCHOR-02,person ID + shared office key,Order claim between tenure records,Same office and successor tenure proof needed; held-office relation alone does not establish order,raw template invocation or table cell span; wiki/page/revision; selector/value; template/module versions; surrounding header/section; attached citation occurrence,selector or value unresolved => retain raw field in lossless queue; no accepted semantic triple,project_extension,candidate_snapshot_registry_required,https://mappings.dbpedia.org/index.php/How_to_edit_DBpedia_Mappings|DBpedia mapping guide; https://www.mediawiki.org/wiki/Help:Templates|MediaWiki templates; https://cidoc-crm.org/html/cidoc_crm_v7.1.3.html|CRMbase 7.1.3
FR-106,Infobox law|date_effective,law.effective_time,project:law_effective_state,Legal effective state is project validity; P4 only if a distinct E2 temporal entity is modeled.,SD-LAW-01;SD-LAW-02,*,*,date + jurisdiction + affected provisions,Effective state,Provision-specific commencement and partial effect supported,raw template invocation or table cell span; wiki/page/revision; selector/value; template/module versions; surrounding header/section; attached citation occurrence,selector or value unresolved => retain raw field in lossless queue; no accepted semantic triple,project_extension,candidate_snapshot_registry_required,https://mappings.dbpedia.org/index.php/How_to_edit_DBpedia_Mappings|DBpedia mapping guide; https://www.mediawiki.org/wiki/Help:Templates|MediaWiki templates; https://cidoc-crm.org/html/cidoc_crm_v7.1.3.html|CRMbase 7.1.3
FR-107,Infobox law|repealed,law.repeal,project:law_repeal_event,crm:E7 Activity candidate,SD-LAW-01;SD-LAW-02,RM-TIME-01,*,date + jurisdiction + repeal scope,Repeal event,Partial repeal and replacement not universal nonexistence,raw template invocation or table cell span; wiki/page/revision; selector/value; template/module versions; surrounding header/section; attached citation occurrence,selector or value unresolved => retain raw field in lossless queue; no accepted semantic triple,conditional,candidate_snapshot_registry_required,https://mappings.dbpedia.org/index.php/How_to_edit_DBpedia_Mappings|DBpedia mapping guide; https://www.mediawiki.org/wiki/Help:Templates|MediaWiki templates; https://cidoc-crm.org/html/cidoc_crm_v7.1.3.html|CRMbase 7.1.3
FR-108,Infobox artwork|date,art.production_date,project:artwork_production_time,crm:E12 Production --P4→ E52 Time-Span,SD-ART-01,RM-TIME-01,*,date/circa/interval,Production event time,Dating methods and competing ranges preserved,raw template invocation or table cell span; wiki/page/revision; selector/value; template/module versions; surrounding header/section; attached citation occurrence,selector or value unresolved => retain raw field in lossless queue; no accepted semantic triple,conditional,candidate_snapshot_registry_required,https://mappings.dbpedia.org/index.php/How_to_edit_DBpedia_Mappings|DBpedia mapping guide; https://www.mediawiki.org/wiki/Help:Templates|MediaWiki templates; https://cidoc-crm.org/html/cidoc_crm_v7.1.3.html|CRMbase 7.1.3
FR-109,Infobox astronomical object|discovery_date,astronomy.discovery_date,project:astronomical_discovery_time,crm:E7 Activity --P4→ E52 Time-Span,SD-ASTRO-01,RM-TIME-01,AC-SCIENCE-06,date/precision/calendrical system,Discovery observation or reporting time,Observation and publication dates separate,raw template invocation or table cell span; wiki/page/revision; selector/value; template/module versions; surrounding header/section; attached citation occurrence,selector or value unresolved => retain raw field in lossless queue; no accepted semantic triple,conditional,candidate_snapshot_registry_required,https://mappings.dbpedia.org/index.php/How_to_edit_DBpedia_Mappings|DBpedia mapping guide; https://www.mediawiki.org/wiki/Help:Templates|MediaWiki templates; https://cidoc-crm.org/html/cidoc_crm_v7.1.3.html|CRMbase 7.1.3
FR-110,Infobox mathematical theorem|proof_date,math.proof_date,project:proof_creation_time,crm:E65 Creation --P4→ E52 Time-Span candidate,SD-MATH-01,RM-TIME-01,*,date + proof version,Proof formulation event time,Proof circulation/publication/acceptance dates separate,raw template invocation or table cell span; wiki/page/revision; selector/value; template/module versions; surrounding header/section; attached citation occurrence,selector or value unresolved => retain raw field in lossless queue; no accepted semantic triple,conditional,candidate_snapshot_registry_required,https://mappings.dbpedia.org/index.php/How_to_edit_DBpedia_Mappings|DBpedia mapping guide; https://www.mediawiki.org/wiki/Help:Templates|MediaWiki templates; https://cidoc-crm.org/html/cidoc_crm_v7.1.3.html|CRMbase 7.1.3
FR-111,Infobox organization|affiliation,organization.affiliation,project:organizational_affiliation_claim,crm:E74 Group / project affiliation relation,SD-GROUP-02,RM-GROUP-04,*,organization identity + affiliation type,Time-bounded association state,Affiliation does not imply ownership or membership,raw template invocation or table cell span; wiki/page/revision; selector/value; template/module versions; surrounding header/section; attached citation occurrence,selector or value unresolved => retain raw field in lossless queue; no accepted semantic triple,project_extension,candidate_snapshot_registry_required,https://mappings.dbpedia.org/index.php/How_to_edit_DBpedia_Mappings|DBpedia mapping guide; https://www.mediawiki.org/wiki/Help:Templates|MediaWiki templates; https://cidoc-crm.org/html/cidoc_crm_v7.1.3.html|CRMbase 7.1.3
FR-112,Infobox organization|members where value is named actor list,organization.named_members,project:organization_member_claim,crm:E74 Group --P107→ E39 Actor conditional; RM-PERSON-03 is inverse member_of query,SD-GROUP-02,RM-PERSON-03,*,named actor list + role/interval,Individual membership states,Named membership cannot be inferred from aggregate count,raw template invocation or table cell span; wiki/page/revision; selector/value; template/module versions; surrounding header/section; attached citation occurrence,selector or value unresolved => retain raw field in lossless queue; no accepted semantic triple,conditional,candidate_snapshot_registry_required,https://mappings.dbpedia.org/index.php/How_to_edit_DBpedia_Mappings|DBpedia mapping guide; https://www.mediawiki.org/wiki/Help:Templates|MediaWiki templates; https://cidoc-crm.org/html/cidoc_crm_v7.1.3.html|CRMbase 7.1.3
FR-113,Infobox country|largest_city,polity.largest_city,project:largest_city_claim,"project largest-city ranking; population E54 measures are separate evidence, not equivalent to the ranking relation",SD-POLITY-03;SD-GEO-01,RM-POWER-05,*,city identity + population measure/date,Time-bounded ranking assertion,Metric and date required; largest city not necessarily capital,raw template invocation or table cell span; wiki/page/revision; selector/value; template/module versions; surrounding header/section; attached citation occurrence,selector or value unresolved => retain raw field in lossless queue; no accepted semantic triple,project_extension,candidate_snapshot_registry_required,https://mappings.dbpedia.org/index.php/How_to_edit_DBpedia_Mappings|DBpedia mapping guide; https://www.mediawiki.org/wiki/Help:Templates|MediaWiki templates; https://cidoc-crm.org/html/cidoc_crm_v7.1.3.html|CRMbase 7.1.3
FR-114,Infobox settlement|elevation,place.elevation,project:reported_elevation,crm:E54 Dimension candidate,SD-GEO-01;SD-GEO-03,RM-CLAIM-04;RM-CLAIM-05,*,length unit + datum,Measurement assertion,Measurement reference point and date required,raw template invocation or table cell span; wiki/page/revision; selector/value; template/module versions; surrounding header/section; attached citation occurrence,selector or value unresolved => retain raw field in lossless queue; no accepted semantic triple,conditional,candidate_snapshot_registry_required,https://mappings.dbpedia.org/index.php/How_to_edit_DBpedia_Mappings|DBpedia mapping guide; https://www.mediawiki.org/wiki/Help:Templates|MediaWiki templates; https://cidoc-crm.org/html/cidoc_crm_v7.1.3.html|CRMbase 7.1.3
FR-115,Infobox settlement|location,place.location_description,project:place_location_description,crm:E53 Place / P89 falls within candidate,SD-GEO-01;SD-GEO-03,RM-PLACE-03,*,place hierarchy or textual region,Time-bounded place-in-place claim,Historical and current jurisdiction distinct,raw template invocation or table cell span; wiki/page/revision; selector/value; template/module versions; surrounding header/section; attached citation occurrence,selector or value unresolved => retain raw field in lossless queue; no accepted semantic triple,conditional,candidate_snapshot_registry_required,https://mappings.dbpedia.org/index.php/How_to_edit_DBpedia_Mappings|DBpedia mapping guide; https://www.mediawiki.org/wiki/Help:Templates|MediaWiki templates; https://cidoc-crm.org/html/cidoc_crm_v7.1.3.html|CRMbase 7.1.3
FR-116,Infobox natural feature|area,natural_feature.area,project:reported_area,crm:E54 Dimension candidate,SD-GEO-03;SD-NATURE-01,RM-CLAIM-04;RM-CLAIM-05,*,area value/unit + boundary definition,Measurement assertion,Boundary and season/time may alter value,raw template invocation or table cell span; wiki/page/revision; selector/value; template/module versions; surrounding header/section; attached citation occurrence,selector or value unresolved => retain raw field in lossless queue; no accepted semantic triple,conditional,candidate_snapshot_registry_required,https://mappings.dbpedia.org/index.php/How_to_edit_DBpedia_Mappings|DBpedia mapping guide; https://www.mediawiki.org/wiki/Help:Templates|MediaWiki templates; https://cidoc-crm.org/html/cidoc_crm_v7.1.3.html|CRMbase 7.1.3
FR-117,Infobox natural feature|height,natural_feature.height,project:reported_height,crm:E54 Dimension candidate,SD-GEO-03;SD-NATURE-01,RM-CLAIM-04;RM-CLAIM-05,*,length value/unit + reference datum,Measurement assertion,"Height versus elevation, reference datum, survey date distinct",raw template invocation or table cell span; wiki/page/revision; selector/value; template/module versions; surrounding header/section; attached citation occurrence,selector or value unresolved => retain raw field in lossless queue; no accepted semantic triple,conditional,candidate_snapshot_registry_required,https://mappings.dbpedia.org/index.php/How_to_edit_DBpedia_Mappings|DBpedia mapping guide; https://www.mediawiki.org/wiki/Help:Templates|MediaWiki templates; https://cidoc-crm.org/html/cidoc_crm_v7.1.3.html|CRMbase 7.1.3
FR-118,Taxobox|species,biology.species_name,project:species_classification_claim,Species naming/placement is a versioned classification claim; P2 only after referent and type disambiguation.,SD-BIO-01;SD-BIO-02,*,AC-BIO-05,species epithet/name + concept ID,Ranked species classification,Species name version and genus recombination kept,raw template invocation or table cell span; wiki/page/revision; selector/value; template/module versions; surrounding header/section; attached citation occurrence,selector or value unresolved => retain raw field in lossless queue; no accepted semantic triple,project_extension,candidate_snapshot_registry_required,https://mappings.dbpedia.org/index.php/How_to_edit_DBpedia_Mappings|DBpedia mapping guide; https://www.mediawiki.org/wiki/Help:Templates|MediaWiki templates; https://cidoc-crm.org/html/cidoc_crm_v7.1.3.html|CRMbase 7.1.3
FR-119,Taxobox|parent,biology.parent_taxon,project:taxon_parent_claim,"Taxonomic parent edge is a versioned classification relation, not automatically P127 broader term.",SD-BIO-01;SD-BIO-02,*,AC-BIO-05,parent taxon concept ID + rank,Versioned classification edge,Different classification systems can disagree; no physical parentage,raw template invocation or table cell span; wiki/page/revision; selector/value; template/module versions; surrounding header/section; attached citation occurrence,selector or value unresolved => retain raw field in lossless queue; no accepted semantic triple,project_extension,candidate_snapshot_registry_required,https://mappings.dbpedia.org/index.php/How_to_edit_DBpedia_Mappings|DBpedia mapping guide; https://www.mediawiki.org/wiki/Help:Templates|MediaWiki templates; https://cidoc-crm.org/html/cidoc_crm_v7.1.3.html|CRMbase 7.1.3
FR-120,Infobox organization|members where value is numerical count,organization.member_count,project:reported_member_count,crm:E54 Dimension candidate,SD-GROUP-02,RM-CLAIM-04;RM-CLAIM-05,*,integer/range + count definition + unit,Source-specific member-count measurement,Date/group scope and active versus total member definition required,raw template invocation or table cell span; wiki/page/revision; selector/value; template/module versions; surrounding header/section; attached citation occurrence,selector or value unresolved => retain raw field in lossless queue; no accepted semantic triple,conditional,candidate_snapshot_registry_required,https://mappings.dbpedia.org/index.php/How_to_edit_DBpedia_Mappings|DBpedia mapping guide; https://www.mediawiki.org/wiki/Help:Templates|MediaWiki templates; https://cidoc-crm.org/html/cidoc_crm_v7.1.3.html|CRMbase 7.1.3
